JahrMonat,Wanderungstyp,Jahr,Monat,Staatsangehoerigkeit,Geschlecht,Alter,VonKontinent,VonLand,VonKanton,VonWohnviertel,NachKontinent,NachLand,NachKanton,NachWohnviertel,StartKarte,StartRegion,EndKarte,EndRegion
2024-12,Zuzug,2024,12,Ausländer,M,0,Asien,Israel,NA,NA,Schweiz,Schweiz,BS,Am Ring,world,Israel,basel,Am Ring
2024-12,Wegzug,2024,12,Schweizer,M,0,Schweiz,Schweiz,BS,Vorstädte,Schweiz,Schweiz,BL,NA,basel,Vorstädte,switzerland,Basel-Landschaft
2024-12,Wegzug,2024,12,Schweizer,M,0,Schweiz,Schweiz,BS,Altstadt Kleinbasel,Europa (ohne Schweiz),Deutschland,Ausland,NA,basel,Altstadt Kleinbasel,europe,Germany
2024-12,Wegzug,2024,12,Schweizer,M,0,Schweiz,Schweiz,BS,Riehen,Schweiz,Schweiz,BL,NA,basel,Riehen,switzerland,Basel-Landschaft
2024-12,Wegzug,2024,12,Schweizer,M,0,Schweiz,Schweiz,BS,Am Ring,Schweiz,Schweiz,SO,NA,basel,Am Ring,switzerland,Solothurn
2024-12,Wegzug,2024,12,Ausländer,M,0,Schweiz,Schweiz,BS,Gundeldingen,Europa (ohne Schweiz),Griechenland,Ausland,NA,basel,Gundeldingen,europe,Greece
2024-12,Wegzug,2024,12,Schweizer,W,0,Schweiz,Schweiz,BS,Breite,Schweiz,Schweiz,BL,NA,basel,Breite,switzerland,Basel-Landschaft
2024-12,Zuzug,2024,12,Schweizer,M,0,Schweiz,Schweiz,AG,NA,Schweiz,Schweiz,BS,Bruderholz,switzerland,Aargau,basel,Bruderholz
2024-12,Zuzug,2024,12,Schweizer,M,0,Schweiz,Schweiz,BL,NA,Schweiz,Schweiz,BS,Wettstein,switzerland,Basel-Landschaft,basel,Wettstein
2024-12,Zuzug,2024,12,Ausländer,W,0,Europa (ohne Schweiz),Rumänien,NA,NA,Schweiz,Schweiz,BS,Bachletten,europe,Romania,basel,Bachletten
2024-12,Wegzug,2024,12,Schweizer,W,0,Schweiz,Schweiz,BS,Iselin,Schweiz,Schweiz,TG,NA,basel,Iselin,switzerland,Thurgau
2024-12,Wegzug,2024,12,Ausländer,M,0,Schweiz,Schweiz,BS,Iselin,Schweiz,Schweiz,BE,NA,basel,Iselin,switzerland,Bern
2024-12,Wegzug,2024,12,Ausländer,W,0,Schweiz,Schweiz,BS,Rosental,Europa (ohne Schweiz),Spanien,Ausland,NA,basel,Rosental,europe,Spain
2024-12,Wegzug,2024,12,Ausländer,M,0,Schweiz,Schweiz,BS,Vorstädte,Europa (ohne Schweiz),Deutschland,Ausland,NA,basel,Vorstädte,europe,Germany
2024-12,Wegzug,2024,12,Schweizer,W,0,Schweiz,Schweiz,BS,Wettstein,Schweiz,Schweiz,BL,NA,basel,Wettstein,switzerland,Basel-Landschaft
2024-12,Wegzug,2024,12,Schweizer,W,0,Schweiz,Schweiz,BS,Gundeldingen,Schweiz,Schweiz,BL,NA,basel,Gundeldingen,switzerland,Basel-Landschaft
2024-12,Wegzug,2024,12,Ausländer,M,0,Schweiz,Schweiz,BS,Vorstädte,Europa (ohne Schweiz),Grossbritannien,Ausland,NA,basel,Vorstädte,europe,United Kingdom
2024-12,Wegzug,2024,12,Schweizer,M,0,Schweiz,Schweiz,BS,Gotthelf,Schweiz,Schweiz,ZH,NA,basel,Gotthelf,switzerland,Zürich
2024-12,Wegzug,2024,12,Schweizer,M,0,Schweiz,Schweiz,BS,Vorstädte,Schweiz,Schweiz,BL,NA,basel,Vorstädte,switzerland,Basel-Landschaft
2024-12,Wegzug,2024,12,Ausländer,W,0,Schweiz,Schweiz,BS,Matthäus,Europa (ohne Schweiz),Portugal,Ausland,NA,basel,Matthäus,europe,Portugal
2024-12,Zuzug,2024,12,Schweizer,W,0,Schweiz,Schweiz,ZH,NA,Schweiz,Schweiz,BS,Gotthelf,switzerland,Zürich,basel,Gotthelf
2024-12,Zuzug,2024,12,Ausländer,M,0,Ozeanien,Australien,NA,NA,Schweiz,Schweiz,BS,Altstadt Grossbasel,world,Australia,basel,Altstadt Grossbasel
2024-12,Zuzug,2024,12,Ausländer,M,0,Europa (ohne Schweiz),Polen,NA,NA,Schweiz,Schweiz,BS,Breite,europe,Poland,basel,Breite
2024-12,Zuzug,2024,12,Ausländer,W,0,Asien,Indien,NA,NA,Schweiz,Schweiz,BS,Rosental,world,India,basel,Rosental
2024-12,Zuzug,2024,12,Ausländer,M,0,Europa (ohne Schweiz),Frankreich,NA,NA,Schweiz,Schweiz,BS,St. Alban,europe,France,basel,St. Alban
2024-12,Wegzug,2024,12,Schweizer,W,0,Schweiz,Schweiz,BS,Wettstein,Schweiz,Schweiz,BL,NA,basel,Wettstein,switzerland,Basel-Landschaft
2024-12,Zuzug,2024,12,Ausländer,W,1,Schweiz,Schweiz,AG,NA,Schweiz,Schweiz,BS,Am Ring,switzerland,Aargau,basel,Am Ring
2024-12,Zuzug,2024,12,Ausländer,W,1,Europa (ohne Schweiz),Schweden,NA,NA,Schweiz,Schweiz,BS,St. Johann,europe,Sweden,basel,St. Johann
2024-12,Zuzug,2024,12,Schweizer,W,1,Nordamerika,Vereinigte Staaten von Amerika,NA,NA,Schweiz,Schweiz,BS,Am Ring,world,United States of America,basel,Am Ring
2024-12,Wegzug,2024,12,Schweizer,W,1,Schweiz,Schweiz,BS,Iselin,Schweiz,Schweiz,BL,NA,basel,Iselin,switzerland,Basel-Landschaft
2024-12,Wegzug,2024,12,Schweizer,M,1,Schweiz,Schweiz,BS,Riehen,Schweiz,Schweiz,BL,NA,basel,Riehen,switzerland,Basel-Landschaft
2024-12,Wegzug,2024,12,Schweizer,W,1,Schweiz,Schweiz,BS,Gundeldingen,Schweiz,Schweiz,BE,NA,basel,Gundeldingen,switzerland,Bern
2024-12,Wegzug,2024,12,Schweizer,W,1,Schweiz,Schweiz,BS,Riehen,Schweiz,Schweiz,ZH,NA,basel,Riehen,switzerland,Zürich
2024-12,Wegzug,2024,12,Ausländer,W,1,Schweiz,Schweiz,BS,St. Alban,Nordamerika,Vereinigte Staaten von Amerika,Ausland,NA,basel,St. Alban,world,United States of America
2024-12,Wegzug,2024,12,Ausländer,M,1,Schweiz,Schweiz,BS,Gundeldingen,Europa (ohne Schweiz),Deutschland,Ausland,NA,basel,Gundeldingen,europe,Germany
2024-12,Zuzug,2024,12,Schweizer,W,1,Asien,Israel,NA,NA,Schweiz,Schweiz,BS,Gotthelf,world,Israel,basel,Gotthelf
2024-12,Wegzug,2024,12,Schweizer,W,1,Schweiz,Schweiz,BS,St. Alban,Schweiz,Schweiz,BL,NA,basel,St. Alban,switzerland,Basel-Landschaft
2024-12,Wegzug,2024,12,Schweizer,W,1,Schweiz,Schweiz,BS,Wettstein,Schweiz,Schweiz,BL,NA,basel,Wettstein,switzerland,Basel-Landschaft
2024-12,Wegzug,2024,12,Schweizer,M,1,Schweiz,Schweiz,BS,Klybeck,Schweiz,Schweiz,AG,NA,basel,Klybeck,switzerland,Aargau
2024-12,Wegzug,2024,12,Schweizer,W,1,Schweiz,Schweiz,BS,St. Johann,Schweiz,Schweiz,VS,NA,basel,St. Johann,switzerland,Valais
2024-12,Wegzug,2024,12,Schweizer,M,1,Schweiz,Schweiz,BS,Iselin,Schweiz,Schweiz,BL,NA,basel,Iselin,switzerland,Basel-Landschaft
2024-12,Wegzug,2024,12,Schweizer,M,1,Schweiz,Schweiz,BS,St. Johann,Schweiz,Schweiz,SO,NA,basel,St. Johann,switzerland,Solothurn
2024-12,Zuzug,2024,12,Ausländer,W,1,Schweiz,Schweiz,TG,NA,Schweiz,Schweiz,BS,Gotthelf,switzerland,Thurgau,basel,Gotthelf
2024-12,Zuzug,2024,12,Ausländer,M,1,Schweiz,Schweiz,BL,NA,Schweiz,Schweiz,BS,St. Johann,switzerland,Basel-Landschaft,basel,St. Johann
2024-12,Zuzug,2024,12,Ausländer,M,2,Europa (ohne Schweiz),Ukraine,NA,NA,Schweiz,Schweiz,BS,Vorstädte,europe,Ukraine,basel,Vorstädte
2024-12,Zuzug,2024,12,Schweizer,W,2,Nordamerika,Vereinigte Staaten von Amerika,NA,NA,Schweiz,Schweiz,BS,Am Ring,world,United States of America,basel,Am Ring
2024-12,Zuzug,2024,12,Ausländer,M,2,Nordamerika,Vereinigte Staaten von Amerika,NA,NA,Schweiz,Schweiz,BS,Vorstädte,world,United States of America,basel,Vorstädte
2024-12,Wegzug,2024,12,Ausländer,W,2,Schweiz,Schweiz,BS,Wettstein,Europa (ohne Schweiz),Italien,Ausland,NA,basel,Wettstein,europe,Italy
2024-12,Wegzug,2024,12,Schweizer,M,2,Schweiz,Schweiz,BS,Gundeldingen,Schweiz,Schweiz,BL,NA,basel,Gundeldingen,switzerland,Basel-Landschaft
2024-12,Wegzug,2024,12,Schweizer,W,2,Schweiz,Schweiz,BS,Hirzbrunnen,Schweiz,Schweiz,BL,NA,basel,Hirzbrunnen,switzerland,Basel-Landschaft
2024-12,Zuzug,2024,12,Ausländer,W,2,Europa (ohne Schweiz),Spanien,NA,NA,Schweiz,Schweiz,BS,Gotthelf,europe,Spain,basel,Gotthelf
2024-12,Zuzug,2024,12,Ausländer,M,2,Ozeanien,Australien,NA,NA,Schweiz,Schweiz,BS,Altstadt Grossbasel,world,Australia,basel,Altstadt Grossbasel
2024-12,Zuzug,2024,12,Ausländer,M,2,Asien,Singapur,NA,NA,Schweiz,Schweiz,BS,Am Ring,world,Malaysia,basel,Am Ring
2024-12,Zuzug,2024,12,Ausländer,W,2,Europa (ohne Schweiz),Frankreich,NA,NA,Schweiz,Schweiz,BS,St. Alban,europe,France,basel,St. Alban
2024-12,Wegzug,2024,12,Ausländer,M,2,Schweiz,Schweiz,BS,Rosental,Europa (ohne Schweiz),Spanien,Ausland,NA,basel,Rosental,europe,Spain
2024-12,Wegzug,2024,12,Schweizer,M,2,Schweiz,Schweiz,BS,Wettstein,Schweiz,Schweiz,BL,NA,basel,Wettstein,switzerland,Basel-Landschaft
2024-12,Wegzug,2024,12,Schweizer,M,2,Schweiz,Schweiz,BS,Gundeldingen,Schweiz,Schweiz,BL,NA,basel,Gundeldingen,switzerland,Basel-Landschaft
2024-12,Wegzug,2024,12,Schweizer,M,2,Schweiz,Schweiz,BS,St. Johann,Schweiz,Schweiz,BL,NA,basel,St. Johann,switzerland,Basel-Landschaft
2024-12,Wegzug,2024,12,Ausländer,M,2,Schweiz,Schweiz,BS,Wettstein,Europa (ohne Schweiz),Italien,Ausland,NA,basel,Wettstein,europe,Italy
2024-12,Zuzug,2024,12,Schweizer,M,2,Schweiz,Schweiz,BL,NA,Schweiz,Schweiz,BS,Bachletten,switzerland,Basel-Landschaft,basel,Bachletten
2024-12,Zuzug,2024,12,Ausländer,M,3,Europa (ohne Schweiz),Deutschland,NA,NA,Schweiz,Schweiz,BS,Riehen,europe,Germany,basel,Riehen
2024-12,Wegzug,2024,12,Ausländer,M,3,Schweiz,Schweiz,BS,St. Alban,Nordamerika,Vereinigte Staaten von Amerika,Ausland,NA,basel,St. Alban,world,United States of America
2024-12,Zuzug,2024,12,Schweizer,M,3,Schweiz,Schweiz,ZH,NA,Schweiz,Schweiz,BS,Gotthelf,switzerland,Zürich,basel,Gotthelf
2024-12,Zuzug,2024,12,Ausländer,M,3,Nordamerika,Vereinigte Staaten von Amerika,NA,NA,Schweiz,Schweiz,BS,St. Alban,world,United States of America,basel,St. Alban
2024-12,Wegzug,2024,12,Ausländer,W,3,Schweiz,Schweiz,BS,Klybeck,Schweiz,Schweiz,BL,NA,basel,Klybeck,switzerland,Basel-Landschaft
2024-12,Wegzug,2024,12,Ausländer,W,3,Schweiz,Schweiz,BS,St. Alban,Europa (ohne Schweiz),Deutschland,Ausland,NA,basel,St. Alban,europe,Germany
2024-12,Wegzug,2024,12,Ausländer,W,3,Schweiz,Schweiz,BS,Am Ring,Lateinamerika und Karibik,Mexiko,Ausland,NA,basel,Am Ring,world,Mexico
2024-12,Wegzug,2024,12,Ausländer,W,3,Schweiz,Schweiz,BS,St. Alban,Asien,Indien,Ausland,NA,basel,St. Alban,world,India
2024-12,Wegzug,2024,12,Schweizer,W,3,Schweiz,Schweiz,BS,Vorstädte,Schweiz,Schweiz,BL,NA,basel,Vorstädte,switzerland,Basel-Landschaft
2024-12,Wegzug,2024,12,Ausländer,W,3,Schweiz,Schweiz,BS,St. Johann,Schweiz,Schweiz,BL,NA,basel,St. Johann,switzerland,Basel-Landschaft
2024-12,Wegzug,2024,12,Schweizer,W,3,Schweiz,Schweiz,BS,St. Johann,Schweiz,Schweiz,TI,NA,basel,St. Johann,switzerland,Ticino
2024-12,Zuzug,2024,12,Ausländer,W,4,Asien,Indien,NA,NA,Schweiz,Schweiz,BS,St. Johann,world,India,basel,St. Johann
2024-12,Wegzug,2024,12,Ausländer,M,4,Schweiz,Schweiz,BS,Vorstädte,Europa (ohne Schweiz),Ukraine,Ausland,NA,basel,Vorstädte,europe,Ukraine
2024-12,Zuzug,2024,12,Ausländer,M,4,Schweiz,Schweiz,BL,NA,Schweiz,Schweiz,BS,St. Alban,switzerland,Basel-Landschaft,basel,St. Alban
2024-12,Zuzug,2024,12,Ausländer,W,4,NA,NA,NA,NA,Schweiz,Schweiz,BS,Vorstädte,NA,NA,basel,Vorstädte
2024-12,Zuzug,2024,12,Ausländer,M,4,Europa (ohne Schweiz),Portugal,NA,NA,Schweiz,Schweiz,BS,Breite,europe,Portugal,basel,Breite
2024-12,Wegzug,2024,12,Schweizer,W,4,Schweiz,Schweiz,BS,Gotthelf,Schweiz,Schweiz,BL,NA,basel,Gotthelf,switzerland,Basel-Landschaft
2024-12,Wegzug,2024,12,Ausländer,W,4,Schweiz,Schweiz,BS,St. Alban,Schweiz,Schweiz,BL,NA,basel,St. Alban,switzerland,Basel-Landschaft
2024-12,Wegzug,2024,12,Ausländer,W,4,Schweiz,Schweiz,BS,Rosental,Schweiz,Schweiz,BL,NA,basel,Rosental,switzerland,Basel-Landschaft
2024-12,Wegzug,2024,12,Ausländer,W,4,Schweiz,Schweiz,BS,St. Johann,Afrika,Tunesien,Ausland,NA,basel,St. Johann,world,Tunisia
2024-12,Wegzug,2024,12,Ausländer,M,4,Schweiz,Schweiz,BS,Rosental,Asien,China,Ausland,NA,basel,Rosental,world,China
2024-12,Zuzug,2024,12,Schweizer,W,4,Schweiz,Schweiz,BL,NA,Schweiz,Schweiz,BS,Bruderholz,switzerland,Basel-Landschaft,basel,Bruderholz
2024-12,Zuzug,2024,12,Ausländer,M,4,Schweiz,Schweiz,BL,NA,Schweiz,Schweiz,BS,St. Johann,switzerland,Basel-Landschaft,basel,St. Johann
2024-12,Wegzug,2024,12,Schweizer,M,5,Schweiz,Schweiz,BS,Matthäus,Schweiz,Schweiz,AG,NA,basel,Matthäus,switzerland,Aargau
2024-12,Wegzug,2024,12,Schweizer,W,5,Schweiz,Schweiz,BS,Am Ring,Schweiz,Schweiz,BL,NA,basel,Am Ring,switzerland,Basel-Landschaft
2024-12,Wegzug,2024,12,Ausländer,M,5,Schweiz,Schweiz,BS,Rosental,Nordamerika,Vereinigte Staaten von Amerika,Ausland,NA,basel,Rosental,world,United States of America
2024-12,Wegzug,2024,12,Schweizer,M,5,Schweiz,Schweiz,BS,Breite,Schweiz,Schweiz,BL,NA,basel,Breite,switzerland,Basel-Landschaft
2024-12,Wegzug,2024,12,Schweizer,W,5,Schweiz,Schweiz,BS,Breite,Schweiz,Schweiz,BL,NA,basel,Breite,switzerland,Basel-Landschaft
2024-12,Wegzug,2024,12,Ausländer,M,5,Schweiz,Schweiz,BS,Am Ring,Lateinamerika und Karibik,Mexiko,Ausland,NA,basel,Am Ring,world,Mexico
2024-12,Wegzug,2024,12,Schweizer,M,5,Schweiz,Schweiz,BS,Hirzbrunnen,Schweiz,Schweiz,BL,NA,basel,Hirzbrunnen,switzerland,Basel-Landschaft
2024-12,Wegzug,2024,12,Schweizer,W,5,Schweiz,Schweiz,BS,Altstadt Kleinbasel,Schweiz,Schweiz,BL,NA,basel,Altstadt Kleinbasel,switzerland,Basel-Landschaft
2024-12,Zuzug,2024,12,Ausländer,M,5,Asien,Indien,NA,NA,Schweiz,Schweiz,BS,Rosental,world,India,basel,Rosental
2024-12,Zuzug,2024,12,Ausländer,W,5,Nordamerika,Vereinigte Staaten von Amerika,NA,NA,Schweiz,Schweiz,BS,Vorstädte,world,United States of America,basel,Vorstädte
2024-12,Zuzug,2024,12,Ausländer,M,5,Europa (ohne Schweiz),Grossbritannien,NA,NA,Schweiz,Schweiz,BS,Am Ring,europe,United Kingdom,basel,Am Ring
2024-12,Wegzug,2024,12,Ausländer,M,6,Schweiz,Schweiz,BS,Klybeck,Schweiz,Schweiz,BL,NA,basel,Klybeck,switzerland,Basel-Landschaft
2024-12,Wegzug,2024,12,Schweizer,W,6,Schweiz,Schweiz,BS,Iselin,Schweiz,Schweiz,GR,NA,basel,Iselin,switzerland,Graubünden
2024-12,Zuzug,2024,12,Ausländer,M,6,Europa (ohne Schweiz),Deutschland,NA,NA,Schweiz,Schweiz,BS,Gotthelf,europe,Germany,basel,Gotthelf
2024-12,Zuzug,2024,12,Ausländer,M,6,Europa (ohne Schweiz),Deutschland,NA,NA,Schweiz,Schweiz,BS,Wettstein,europe,Germany,basel,Wettstein
2024-12,Zuzug,2024,12,Ausländer,W,6,Nordamerika,Vereinigte Staaten von Amerika,NA,NA,Schweiz,Schweiz,BS,St. Alban,world,United States of America,basel,St. Alban
2024-12,Wegzug,2024,12,Ausländer,M,6,Schweiz,Schweiz,BS,St. Johann,Afrika,Tunesien,Ausland,NA,basel,St. Johann,world,Tunisia
2024-12,Wegzug,2024,12,Ausländer,W,6,Schweiz,Schweiz,BS,Wettstein,Asien,Japan,Ausland,NA,basel,Wettstein,world,Japan
2024-12,Wegzug,2024,12,Schweizer,M,6,Schweiz,Schweiz,BS,Hirzbrunnen,Schweiz,Schweiz,BL,NA,basel,Hirzbrunnen,switzerland,Basel-Landschaft
2024-12,Wegzug,2024,12,Ausländer,W,6,Schweiz,Schweiz,BS,St. Johann,Schweiz,Schweiz,AG,NA,basel,St. Johann,switzerland,Aargau
2024-12,Wegzug,2024,12,Ausländer,M,6,Schweiz,Schweiz,BS,Riehen,Schweiz,Schweiz,BL,NA,basel,Riehen,switzerland,Basel-Landschaft
2024-12,Zuzug,2024,12,Ausländer,M,6,Europa (ohne Schweiz),Italien,NA,NA,Schweiz,Schweiz,BS,Klybeck,europe,Italy,basel,Klybeck
2024-12,Zuzug,2024,12,Ausländer,M,6,NA,NA,NA,NA,Schweiz,Schweiz,BS,Vorstädte,NA,NA,basel,Vorstädte
2024-12,Zuzug,2024,12,Ausländer,M,6,Schweiz,Schweiz,BL,NA,Schweiz,Schweiz,BS,St. Johann,switzerland,Basel-Landschaft,basel,St. Johann
2024-12,Zuzug,2024,12,Ausländer,M,6,Europa (ohne Schweiz),Portugal,NA,NA,Schweiz,Schweiz,BS,Iselin,europe,Portugal,basel,Iselin
2024-12,Wegzug,2024,12,Ausländer,W,6,Schweiz,Schweiz,BS,St. Johann,Schweiz,Schweiz,AG,NA,basel,St. Johann,switzerland,Aargau
2024-12,Zuzug,2024,12,Ausländer,W,7,Schweiz,Schweiz,BL,NA,Schweiz,Schweiz,BS,St. Alban,switzerland,Basel-Landschaft,basel,St. Alban
2024-12,Zuzug,2024,12,Ausländer,W,7,Schweiz,Schweiz,BL,NA,Schweiz,Schweiz,BS,St. Alban,switzerland,Basel-Landschaft,basel,St. Alban
2024-12,Wegzug,2024,12,Ausländer,M,7,Schweiz,Schweiz,BS,St. Alban,Asien,Indien,Ausland,NA,basel,St. Alban,world,India
2024-12,Wegzug,2024,12,Schweizer,M,7,Schweiz,Schweiz,BS,Wettstein,Schweiz,Schweiz,BL,NA,basel,Wettstein,switzerland,Basel-Landschaft
2024-12,Zuzug,2024,12,Ausländer,M,7,Europa (ohne Schweiz),Ukraine,NA,NA,Schweiz,Schweiz,BS,Vorstädte,europe,Ukraine,basel,Vorstädte
2024-12,Wegzug,2024,12,Ausländer,W,7,Schweiz,Schweiz,BS,Riehen,Schweiz,Schweiz,BL,NA,basel,Riehen,switzerland,Basel-Landschaft
2024-12,Zuzug,2024,12,Ausländer,W,8,Europa (ohne Schweiz),Polen,NA,NA,Schweiz,Schweiz,BS,Gundeldingen,europe,Poland,basel,Gundeldingen
2024-12,Wegzug,2024,12,Ausländer,M,8,Schweiz,Schweiz,BS,St. Johann,Afrika,Tunesien,Ausland,NA,basel,St. Johann,world,Tunisia
2024-12,Wegzug,2024,12,Schweizer,M,8,Schweiz,Schweiz,BS,Iselin,Schweiz,Schweiz,BL,NA,basel,Iselin,switzerland,Basel-Landschaft
2024-12,Zuzug,2024,12,Ausländer,W,8,Europa (ohne Schweiz),Ukraine,NA,NA,Schweiz,Schweiz,BS,Vorstädte,europe,Ukraine,basel,Vorstädte
2024-12,Zuzug,2024,12,Ausländer,M,8,NA,NA,NA,NA,Schweiz,Schweiz,BS,Vorstädte,NA,NA,basel,Vorstädte
2024-12,Wegzug,2024,12,Ausländer,W,8,Schweiz,Schweiz,BS,Gotthelf,Schweiz,Schweiz,BL,NA,basel,Gotthelf,switzerland,Basel-Landschaft
2024-12,Wegzug,2024,12,Schweizer,W,8,Schweiz,Schweiz,BS,Riehen,Schweiz,Schweiz,BL,NA,basel,Riehen,switzerland,Basel-Landschaft
2024-12,Wegzug,2024,12,Ausländer,M,8,Schweiz,Schweiz,BS,Iselin,Schweiz,Schweiz,AG,NA,basel,Iselin,switzerland,Aargau
2024-12,Wegzug,2024,12,Ausländer,M,8,Schweiz,Schweiz,BS,St. Alban,Europa (ohne Schweiz),Portugal,Ausland,NA,basel,St. Alban,europe,Portugal
2024-12,Wegzug,2024,12,Ausländer,W,8,Schweiz,Schweiz,BS,Rosental,Schweiz,Schweiz,BL,NA,basel,Rosental,switzerland,Basel-Landschaft
2024-12,Zuzug,2024,12,Ausländer,M,8,Europa (ohne Schweiz),Spanien,NA,NA,Schweiz,Schweiz,BS,Gundeldingen,europe,Spain,basel,Gundeldingen
2024-12,Zuzug,2024,12,Ausländer,M,8,Europa (ohne Schweiz),Grossbritannien,NA,NA,Schweiz,Schweiz,BS,Am Ring,europe,United Kingdom,basel,Am Ring
2024-12,Zuzug,2024,12,Ausländer,M,9,Europa (ohne Schweiz),Ukraine,NA,NA,Schweiz,Schweiz,BS,Vorstädte,europe,Ukraine,basel,Vorstädte
2024-12,Zuzug,2024,12,Ausländer,M,9,NA,NA,NA,NA,Schweiz,Schweiz,BS,Vorstädte,NA,NA,basel,Vorstädte
2024-12,Zuzug,2024,12,Ausländer,W,9,NA,NA,NA,NA,Schweiz,Schweiz,BS,Breite,NA,NA,basel,Breite
2024-12,Wegzug,2024,12,Ausländer,M,9,Schweiz,Schweiz,BS,Hirzbrunnen,Schweiz,Schweiz,BL,NA,basel,Hirzbrunnen,switzerland,Basel-Landschaft
2024-12,Wegzug,2024,12,Schweizer,M,9,Schweiz,Schweiz,BS,Gundeldingen,Schweiz,Schweiz,BL,NA,basel,Gundeldingen,switzerland,Basel-Landschaft
2024-12,Wegzug,2024,12,Ausländer,W,9,Schweiz,Schweiz,BS,Riehen,Schweiz,Schweiz,BL,NA,basel,Riehen,switzerland,Basel-Landschaft
2024-12,Wegzug,2024,12,Ausländer,W,9,Schweiz,Schweiz,BS,Wettstein,Asien,Korea (Süd-),Ausland,NA,basel,Wettstein,world,South Korea
2024-12,Wegzug,2024,12,Ausländer,M,9,Schweiz,Schweiz,BS,Riehen,Schweiz,Schweiz,BL,NA,basel,Riehen,switzerland,Basel-Landschaft
2024-12,Zuzug,2024,12,Ausländer,W,10,Europa (ohne Schweiz),Deutschland,NA,NA,Schweiz,Schweiz,BS,Riehen,europe,Germany,basel,Riehen
2024-12,Wegzug,2024,12,Schweizer,W,10,Schweiz,Schweiz,BS,St. Alban,Schweiz,Schweiz,BL,NA,basel,St. Alban,switzerland,Basel-Landschaft
2024-12,Zuzug,2024,12,Ausländer,M,10,Europa (ohne Schweiz),Portugal,NA,NA,Schweiz,Schweiz,BS,Iselin,europe,Portugal,basel,Iselin
2024-12,Wegzug,2024,12,Ausländer,M,10,Schweiz,Schweiz,BS,Rosental,Asien,Indien,Ausland,NA,basel,Rosental,world,India
2024-12,Wegzug,2024,12,Ausländer,M,10,Schweiz,Schweiz,BS,Hirzbrunnen,Europa (ohne Schweiz),Spanien,Ausland,NA,basel,Hirzbrunnen,europe,Spain
2024-12,Wegzug,2024,12,Schweizer,W,10,Schweiz,Schweiz,BS,Riehen,Schweiz,Schweiz,AG,NA,basel,Riehen,switzerland,Aargau
2024-12,Zuzug,2024,12,Ausländer,M,10,Europa (ohne Schweiz),Deutschland,NA,NA,Schweiz,Schweiz,BS,Matthäus,europe,Germany,basel,Matthäus
2024-12,Zuzug,2024,12,Ausländer,M,10,Europa (ohne Schweiz),Polen,NA,NA,Schweiz,Schweiz,BS,Gundeldingen,europe,Poland,basel,Gundeldingen
2024-12,Zuzug,2024,12,Ausländer,W,10,Europa (ohne Schweiz),Deutschland,NA,NA,Schweiz,Schweiz,BS,Riehen,europe,Germany,basel,Riehen
2024-12,Zuzug,2024,12,Ausländer,M,11,Europa (ohne Schweiz),Frankreich,NA,NA,Schweiz,Schweiz,BS,Riehen,europe,France,basel,Riehen
2024-12,Wegzug,2024,12,Ausländer,W,11,Schweiz,Schweiz,BS,Wettstein,Nordamerika,Vereinigte Staaten von Amerika,Ausland,NA,basel,Wettstein,world,United States of America
2024-12,Zuzug,2024,12,Ausländer,W,11,Europa (ohne Schweiz),Deutschland,NA,NA,Schweiz,Schweiz,BS,Riehen,europe,Germany,basel,Riehen
2024-12,Wegzug,2024,12,Ausländer,W,11,Schweiz,Schweiz,BS,Klybeck,Schweiz,Schweiz,BL,NA,basel,Klybeck,switzerland,Basel-Landschaft
2024-12,Wegzug,2024,12,Ausländer,W,11,Schweiz,Schweiz,BS,Gotthelf,Schweiz,Schweiz,BL,NA,basel,Gotthelf,switzerland,Basel-Landschaft
2024-12,Zuzug,2024,12,Schweizer,W,11,Schweiz,Schweiz,BL,NA,Schweiz,Schweiz,BS,Gundeldingen,switzerland,Basel-Landschaft,basel,Gundeldingen
2024-12,Zuzug,2024,12,Schweizer,M,11,Schweiz,Schweiz,BL,NA,Schweiz,Schweiz,BS,Riehen,switzerland,Basel-Landschaft,basel,Riehen
2024-12,Zuzug,2024,12,Ausländer,W,12,Europa (ohne Schweiz),Italien,NA,NA,Schweiz,Schweiz,BS,Klybeck,europe,Italy,basel,Klybeck
2024-12,Wegzug,2024,12,Ausländer,M,12,Schweiz,Schweiz,BS,Wettstein,Asien,Japan,Ausland,NA,basel,Wettstein,world,Japan
2024-12,Zuzug,2024,12,Ausländer,W,12,Europa (ohne Schweiz),Deutschland,NA,NA,Schweiz,Schweiz,BS,Matthäus,europe,Germany,basel,Matthäus
2024-12,Zuzug,2024,12,Ausländer,W,12,Europa (ohne Schweiz),Rumänien,NA,NA,Schweiz,Schweiz,BS,Matthäus,europe,Romania,basel,Matthäus
2024-12,Zuzug,2024,12,Ausländer,M,12,NA,NA,NA,NA,Schweiz,Schweiz,BS,Breite,NA,NA,basel,Breite
2024-12,Wegzug,2024,12,Ausländer,W,12,Schweiz,Schweiz,BS,Iselin,Europa (ohne Schweiz),Ungarn,Ausland,NA,basel,Iselin,europe,Hungary
2024-12,Wegzug,2024,12,Ausländer,M,12,Schweiz,Schweiz,BS,Wettstein,Asien,Indien,Ausland,NA,basel,Wettstein,world,India
2024-12,Wegzug,2024,12,Ausländer,W,12,Schweiz,Schweiz,BS,Wettstein,Asien,Korea (Süd-),Ausland,NA,basel,Wettstein,world,South Korea
2024-12,Zuzug,2024,12,Ausländer,W,13,Asien,Indien,NA,NA,Schweiz,Schweiz,BS,Riehen,world,India,basel,Riehen
2024-12,Zuzug,2024,12,Ausländer,W,13,Lateinamerika und Karibik,Brasilien,NA,NA,Schweiz,Schweiz,BS,Wettstein,world,Brazil,basel,Wettstein
2024-12,Zuzug,2024,12,Ausländer,M,13,Asien,Afghanistan,NA,NA,Schweiz,Schweiz,BS,Wettstein,world,Afghanistan,basel,Wettstein
2024-12,Zuzug,2024,12,Ausländer,M,13,Europa (ohne Schweiz),Türkei,NA,NA,Schweiz,Schweiz,BS,Matthäus,world,Turkey,basel,Matthäus
2024-12,Wegzug,2024,12,Ausländer,M,13,Schweiz,Schweiz,BS,Rosental,Asien,Indien,Ausland,NA,basel,Rosental,world,India
2024-12,Wegzug,2024,12,Schweizer,W,13,Schweiz,Schweiz,BS,Hirzbrunnen,Schweiz,Schweiz,SG,NA,basel,Hirzbrunnen,switzerland,St. Gallen
2024-12,Wegzug,2024,12,Schweizer,M,13,Schweiz,Schweiz,BS,Klybeck,Schweiz,Schweiz,BL,NA,basel,Klybeck,switzerland,Basel-Landschaft
2024-12,Zuzug,2024,12,Ausländer,M,13,Europa (ohne Schweiz),Italien,NA,NA,Schweiz,Schweiz,BS,Klybeck,europe,Italy,basel,Klybeck
2024-12,Zuzug,2024,12,Ausländer,W,13,Europa (ohne Schweiz),Deutschland,NA,NA,Schweiz,Schweiz,BS,Riehen,europe,Germany,basel,Riehen
2024-12,Zuzug,2024,12,Ausländer,M,13,Europa (ohne Schweiz),Türkei,NA,NA,Schweiz,Schweiz,BS,St. Johann,world,Turkey,basel,St. Johann
2024-12,Zuzug,2024,12,Ausländer,W,13,Europa (ohne Schweiz),Deutschland,NA,NA,Schweiz,Schweiz,BS,Am Ring,europe,Germany,basel,Am Ring
2024-12,Zuzug,2024,12,Schweizer,M,14,Schweiz,Schweiz,BL,NA,Schweiz,Schweiz,BS,Gundeldingen,switzerland,Basel-Landschaft,basel,Gundeldingen
2024-12,Zuzug,2024,12,Ausländer,M,14,Asien,Afghanistan,NA,NA,Schweiz,Schweiz,BS,Rosental,world,Afghanistan,basel,Rosental
2024-12,Zuzug,2024,12,Ausländer,M,14,Europa (ohne Schweiz),Deutschland,NA,NA,Schweiz,Schweiz,BS,Iselin,europe,Germany,basel,Iselin
2024-12,Zuzug,2024,12,Ausländer,W,14,Europa (ohne Schweiz),Italien,NA,NA,Schweiz,Schweiz,BS,Klybeck,europe,Italy,basel,Klybeck
2024-12,Zuzug,2024,12,Ausländer,M,14,Europa (ohne Schweiz),Deutschland,NA,NA,Schweiz,Schweiz,BS,Matthäus,europe,Germany,basel,Matthäus
2024-12,Wegzug,2024,12,Ausländer,W,14,Schweiz,Schweiz,BS,Wettstein,Nordamerika,Vereinigte Staaten von Amerika,Ausland,NA,basel,Wettstein,world,United States of America
2024-12,Zuzug,2024,12,Schweizer,W,14,Schweiz,Schweiz,BL,NA,Schweiz,Schweiz,BS,Matthäus,switzerland,Basel-Landschaft,basel,Matthäus
2024-12,Wegzug,2024,12,Ausländer,M,14,Schweiz,Schweiz,BS,St. Johann,Schweiz,Schweiz,BL,NA,basel,St. Johann,switzerland,Basel-Landschaft
2024-12,Wegzug,2024,12,Schweizer,W,14,Schweiz,Schweiz,BS,Iselin,Schweiz,Schweiz,BL,NA,basel,Iselin,switzerland,Basel-Landschaft
2024-12,Wegzug,2024,12,Schweizer,W,14,Schweiz,Schweiz,BS,Iselin,Schweiz,Schweiz,BE,NA,basel,Iselin,switzerland,Bern
2024-12,Zuzug,2024,12,Ausländer,M,14,Europa (ohne Schweiz),Deutschland,NA,NA,Schweiz,Schweiz,BS,Hirzbrunnen,europe,Germany,basel,Hirzbrunnen
2024-12,Zuzug,2024,12,Ausländer,M,15,NA,NA,NA,NA,Schweiz,Schweiz,BS,Matthäus,NA,NA,basel,Matthäus
2024-12,Zuzug,2024,12,Ausländer,W,15,Europa (ohne Schweiz),Ukraine,NA,NA,Schweiz,Schweiz,BS,Vorstädte,europe,Ukraine,basel,Vorstädte
2024-12,Zuzug,2024,12,Ausländer,M,15,Europa (ohne Schweiz),Deutschland,NA,NA,Schweiz,Schweiz,BS,Matthäus,europe,Germany,basel,Matthäus
2024-12,Wegzug,2024,12,Schweizer,W,15,Schweiz,Schweiz,BS,St. Johann,Schweiz,Schweiz,BL,NA,basel,St. Johann,switzerland,Basel-Landschaft
2024-12,Wegzug,2024,12,Ausländer,M,15,Schweiz,Schweiz,BS,St. Alban,Europa (ohne Schweiz),Portugal,Ausland,NA,basel,St. Alban,europe,Portugal
2024-12,Wegzug,2024,12,Schweizer,M,15,Schweiz,Schweiz,BS,Matthäus,Schweiz,Schweiz,BL,NA,basel,Matthäus,switzerland,Basel-Landschaft
2024-12,Wegzug,2024,12,Schweizer,W,15,Schweiz,Schweiz,BS,St. Johann,Europa (ohne Schweiz),Frankreich,Ausland,NA,basel,St. Johann,europe,France
2024-12,Wegzug,2024,12,Ausländer,M,15,Schweiz,Schweiz,BS,St. Alban,Asien,Japan,Ausland,NA,basel,St. Alban,world,Japan
2024-12,Zuzug,2024,12,Ausländer,W,15,Europa (ohne Schweiz),Ukraine,NA,NA,Schweiz,Schweiz,BS,Vorstädte,europe,Ukraine,basel,Vorstädte
2024-12,Zuzug,2024,12,Ausländer,W,15,Lateinamerika und Karibik,Brasilien,NA,NA,Schweiz,Schweiz,BS,Wettstein,world,Brazil,basel,Wettstein
2024-12,Zuzug,2024,12,Ausländer,M,16,NA,NA,NA,NA,Schweiz,Schweiz,BS,Vorstädte,NA,NA,basel,Vorstädte
2024-12,Wegzug,2024,12,Ausländer,M,16,Schweiz,Schweiz,BS,Bachletten,Schweiz,Schweiz,SO,NA,basel,Bachletten,switzerland,Solothurn
2024-12,Zuzug,2024,12,Ausländer,W,16,Europa (ohne Schweiz),Türkei,NA,NA,Schweiz,Schweiz,BS,Iselin,world,Turkey,basel,Iselin
2024-12,Zuzug,2024,12,Ausländer,W,16,Europa (ohne Schweiz),Spanien,NA,NA,Schweiz,Schweiz,BS,Iselin,europe,Spain,basel,Iselin
2024-12,Zuzug,2024,12,Ausländer,M,16,Europa (ohne Schweiz),Deutschland,NA,NA,Schweiz,Schweiz,BS,Riehen,europe,Germany,basel,Riehen
2024-12,Zuzug,2024,12,Ausländer,M,16,Europa (ohne Schweiz),Deutschland,NA,NA,Schweiz,Schweiz,BS,Clara,europe,Germany,basel,Clara
2024-12,Wegzug,2024,12,Ausländer,M,16,Schweiz,Schweiz,BS,Bachletten,Schweiz,Schweiz,SO,NA,basel,Bachletten,switzerland,Solothurn
2024-12,Zuzug,2024,12,Ausländer,M,17,Europa (ohne Schweiz),Ukraine,NA,NA,Schweiz,Schweiz,BS,Vorstädte,europe,Ukraine,basel,Vorstädte
2024-12,Zuzug,2024,12,Ausländer,M,17,Europa (ohne Schweiz),Ukraine,NA,NA,Schweiz,Schweiz,BS,Vorstädte,europe,Ukraine,basel,Vorstädte
2024-12,Zuzug,2024,12,Ausländer,M,17,Europa (ohne Schweiz),Türkei,NA,NA,Schweiz,Schweiz,BS,St. Johann,world,Turkey,basel,St. Johann
2024-12,Wegzug,2024,12,Schweizer,W,17,Schweiz,Schweiz,BS,St. Johann,Europa (ohne Schweiz),Frankreich,Ausland,NA,basel,St. Johann,europe,France
2024-12,Wegzug,2024,12,Schweizer,W,17,Schweiz,Schweiz,BS,Iselin,Schweiz,Schweiz,BL,NA,basel,Iselin,switzerland,Basel-Landschaft
2024-12,Zuzug,2024,12,Ausländer,W,17,Europa (ohne Schweiz),Ukraine,NA,NA,Schweiz,Schweiz,BS,Vorstädte,europe,Ukraine,basel,Vorstädte
2024-12,Zuzug,2024,12,Ausländer,W,17,Europa (ohne Schweiz),Italien,NA,NA,Schweiz,Schweiz,BS,Klybeck,europe,Italy,basel,Klybeck
2024-12,Wegzug,2024,12,Ausländer,W,17,Schweiz,Schweiz,BS,Iselin,Europa (ohne Schweiz),Ungarn,Ausland,NA,basel,Iselin,europe,Hungary
2024-12,Wegzug,2024,12,Ausländer,M,17,Schweiz,Schweiz,BS,Matthäus,Schweiz,Schweiz,BL,NA,basel,Matthäus,switzerland,Basel-Landschaft
2024-12,Wegzug,2024,12,Ausländer,W,17,Schweiz,Schweiz,BS,St. Alban,Asien,Japan,Ausland,NA,basel,St. Alban,world,Japan
2024-12,Wegzug,2024,12,Schweizer,M,17,Schweiz,Schweiz,BS,St. Alban,Schweiz,Schweiz,BL,NA,basel,St. Alban,switzerland,Basel-Landschaft
2024-12,Wegzug,2024,12,Schweizer,W,17,Schweiz,Schweiz,BS,Hirzbrunnen,Schweiz,Schweiz,BL,NA,basel,Hirzbrunnen,switzerland,Basel-Landschaft
2024-12,Zuzug,2024,12,Ausländer,M,17,Asien,Afghanistan,NA,NA,Schweiz,Schweiz,BS,Rosental,world,Afghanistan,basel,Rosental
2024-12,Zuzug,2024,12,Schweizer,W,18,Schweiz,Schweiz,SO,NA,Schweiz,Schweiz,BS,Bruderholz,switzerland,Solothurn,basel,Bruderholz
2024-12,Wegzug,2024,12,Schweizer,W,18,Schweiz,Schweiz,BS,Breite,Schweiz,Schweiz,BL,NA,basel,Breite,switzerland,Basel-Landschaft
2024-12,Wegzug,2024,12,Schweizer,W,18,Schweiz,Schweiz,BS,Iselin,Schweiz,Schweiz,BL,NA,basel,Iselin,switzerland,Basel-Landschaft
2024-12,Zuzug,2024,12,Schweizer,W,18,Schweiz,Schweiz,AG,NA,Schweiz,Schweiz,BS,Bruderholz,switzerland,Aargau,basel,Bruderholz
2024-12,Zuzug,2024,12,Schweizer,M,18,Schweiz,Schweiz,BL,NA,Schweiz,Schweiz,BS,St. Alban,switzerland,Basel-Landschaft,basel,St. Alban
2024-12,Wegzug,2024,12,Schweizer,W,18,Schweiz,Schweiz,BS,Bettingen,Europa (ohne Schweiz),Serbien,Ausland,NA,basel,Bettingen,europe,Serbia
2024-12,Wegzug,2024,12,Schweizer,W,18,Schweiz,Schweiz,BS,Riehen,Schweiz,Schweiz,BL,NA,basel,Riehen,switzerland,Basel-Landschaft
2024-12,Zuzug,2024,12,Ausländer,M,18,Europa (ohne Schweiz),Ukraine,NA,NA,Schweiz,Schweiz,BS,Vorstädte,europe,Ukraine,basel,Vorstädte
2024-12,Zuzug,2024,12,Ausländer,M,18,NA,NA,NA,NA,Schweiz,Schweiz,BS,Matthäus,NA,NA,basel,Matthäus
2024-12,Zuzug,2024,12,Schweizer,W,18,Schweiz,Schweiz,BL,NA,Schweiz,Schweiz,BS,Iselin,switzerland,Basel-Landschaft,basel,Iselin
2024-12,Zuzug,2024,12,Schweizer,W,19,Schweiz,Schweiz,BL,NA,Schweiz,Schweiz,BS,Rosental,switzerland,Basel-Landschaft,basel,Rosental
2024-12,Wegzug,2024,12,Ausländer,M,19,Schweiz,Schweiz,BS,Matthäus,Europa (ohne Schweiz),Spanien,Ausland,NA,basel,Matthäus,europe,Spain
2024-12,Wegzug,2024,12,Ausländer,M,19,Schweiz,Schweiz,BS,Iselin,Lateinamerika und Karibik,Chile,Ausland,NA,basel,Iselin,world,Chile
2024-12,Wegzug,2024,12,Schweizer,M,19,Schweiz,Schweiz,BS,Gundeldingen,Schweiz,Schweiz,BL,NA,basel,Gundeldingen,switzerland,Basel-Landschaft
2024-12,Wegzug,2024,12,Schweizer,M,19,Schweiz,Schweiz,BS,Matthäus,Schweiz,Schweiz,AG,NA,basel,Matthäus,switzerland,Aargau
2024-12,Wegzug,2024,12,Ausländer,M,19,Schweiz,Schweiz,BS,Klybeck,Europa (ohne Schweiz),Frankreich,Ausland,NA,basel,Klybeck,europe,France
2024-12,Wegzug,2024,12,Schweizer,W,19,Schweiz,Schweiz,BS,Vorstädte,Schweiz,Schweiz,BL,NA,basel,Vorstädte,switzerland,Basel-Landschaft
2024-12,Zuzug,2024,12,Ausländer,M,19,Europa (ohne Schweiz),Deutschland,NA,NA,Schweiz,Schweiz,BS,Gotthelf,europe,Germany,basel,Gotthelf
2024-12,Zuzug,2024,12,Schweizer,W,19,Schweiz,Schweiz,SO,NA,Schweiz,Schweiz,BS,Am Ring,switzerland,Solothurn,basel,Am Ring
2024-12,Wegzug,2024,12,Ausländer,W,19,Schweiz,Schweiz,BS,Riehen,Europa (ohne Schweiz),Deutschland,Ausland,NA,basel,Riehen,europe,Germany
2024-12,Wegzug,2024,12,Ausländer,W,19,Schweiz,Schweiz,BS,Rosental,Schweiz,Schweiz,BL,NA,basel,Rosental,switzerland,Basel-Landschaft
2024-12,Wegzug,2024,12,Schweizer,M,19,Schweiz,Schweiz,BS,Bruderholz,Schweiz,Schweiz,BL,NA,basel,Bruderholz,switzerland,Basel-Landschaft
2024-12,Zuzug,2024,12,Ausländer,M,19,Schweiz,Schweiz,BL,NA,Schweiz,Schweiz,BS,St. Johann,switzerland,Basel-Landschaft,basel,St. Johann
2024-12,Zuzug,2024,12,Schweizer,M,19,Schweiz,Schweiz,SO,NA,Schweiz,Schweiz,BS,St. Alban,switzerland,Solothurn,basel,St. Alban
2024-12,Zuzug,2024,12,Schweizer,M,19,Schweiz,Schweiz,BL,NA,Schweiz,Schweiz,BS,Riehen,switzerland,Basel-Landschaft,basel,Riehen
2024-12,Zuzug,2024,12,Schweizer,W,19,Europa (ohne Schweiz),Dänemark,NA,NA,Schweiz,Schweiz,BS,Hirzbrunnen,europe,Denmark,basel,Hirzbrunnen
2024-12,Zuzug,2024,12,Schweizer,W,19,Schweiz,Schweiz,BL,NA,Schweiz,Schweiz,BS,Hirzbrunnen,switzerland,Basel-Landschaft,basel,Hirzbrunnen
2024-12,Zuzug,2024,12,Ausländer,M,20,Europa (ohne Schweiz),Ukraine,NA,NA,Schweiz,Schweiz,BS,Vorstädte,europe,Ukraine,basel,Vorstädte
2024-12,Zuzug,2024,12,Schweizer,M,20,Schweiz,Schweiz,BL,NA,Schweiz,Schweiz,BS,Vorstädte,switzerland,Basel-Landschaft,basel,Vorstädte
2024-12,Zuzug,2024,12,Ausländer,W,20,Europa (ohne Schweiz),Deutschland,NA,NA,Schweiz,Schweiz,BS,Riehen,europe,Germany,basel,Riehen
2024-12,Wegzug,2024,12,Schweizer,W,20,Schweiz,Schweiz,BS,Matthäus,Schweiz,Schweiz,ZH,NA,basel,Matthäus,switzerland,Zürich
2024-12,Wegzug,2024,12,Ausländer,M,20,Schweiz,Schweiz,BS,Riehen,Europa (ohne Schweiz),Oesterreich,Ausland,NA,basel,Riehen,europe,Austria
2024-12,Wegzug,2024,12,Schweizer,M,20,Schweiz,Schweiz,BS,Iselin,Schweiz,Schweiz,BL,NA,basel,Iselin,switzerland,Basel-Landschaft
2024-12,Wegzug,2024,12,Schweizer,W,20,Schweiz,Schweiz,BS,Riehen,Schweiz,Schweiz,BL,NA,basel,Riehen,switzerland,Basel-Landschaft
2024-12,Zuzug,2024,12,Ausländer,M,20,Schweiz,Schweiz,AG,NA,Schweiz,Schweiz,BS,Riehen,switzerland,Aargau,basel,Riehen
2024-12,Wegzug,2024,12,Schweizer,M,20,Schweiz,Schweiz,BS,Iselin,Schweiz,Schweiz,GR,NA,basel,Iselin,switzerland,Graubünden
2024-12,Wegzug,2024,12,Schweizer,M,20,Schweiz,Schweiz,BS,Gotthelf,Schweiz,Schweiz,ZH,NA,basel,Gotthelf,switzerland,Zürich
2024-12,Wegzug,2024,12,Ausländer,W,20,Schweiz,Schweiz,BS,Matthäus,Asien,Katar,Ausland,NA,basel,Matthäus,world,Qatar
2024-12,Wegzug,2024,12,Schweizer,M,20,Schweiz,Schweiz,BS,Am Ring,Schweiz,Schweiz,BL,NA,basel,Am Ring,switzerland,Basel-Landschaft
2024-12,Wegzug,2024,12,Schweizer,M,20,Schweiz,Schweiz,BS,Bachletten,Lateinamerika und Karibik,Kolumbien,Ausland,NA,basel,Bachletten,world,Colombia
2024-12,Wegzug,2024,12,Ausländer,W,20,Schweiz,Schweiz,BS,Matthäus,Europa (ohne Schweiz),Spanien,Ausland,NA,basel,Matthäus,europe,Spain
2024-12,Wegzug,2024,12,Ausländer,W,20,Schweiz,Schweiz,BS,Iselin,Europa (ohne Schweiz),Rumänien,Ausland,NA,basel,Iselin,europe,Romania
2024-12,Zuzug,2024,12,Schweizer,W,20,Schweiz,Schweiz,NW,NA,Schweiz,Schweiz,BS,Altstadt Grossbasel,switzerland,Nidwalden,basel,Altstadt Grossbasel
2024-12,Zuzug,2024,12,Schweizer,W,20,Schweiz,Schweiz,BL,NA,Schweiz,Schweiz,BS,Rosental,switzerland,Basel-Landschaft,basel,Rosental
2024-12,Zuzug,2024,12,Ausländer,W,20,Europa (ohne Schweiz),Rumänien,NA,NA,Schweiz,Schweiz,BS,St. Johann,europe,Romania,basel,St. Johann
2024-12,Zuzug,2024,12,Ausländer,M,21,Europa (ohne Schweiz),Deutschland,NA,NA,Schweiz,Schweiz,BS,Wettstein,europe,Germany,basel,Wettstein
2024-12,Zuzug,2024,12,Schweizer,M,21,Schweiz,Schweiz,BL,NA,Schweiz,Schweiz,BS,Hirzbrunnen,switzerland,Basel-Landschaft,basel,Hirzbrunnen
2024-12,Zuzug,2024,12,Schweizer,W,21,Schweiz,Schweiz,AG,NA,Schweiz,Schweiz,BS,Wettstein,switzerland,Aargau,basel,Wettstein
2024-12,Wegzug,2024,12,Schweizer,W,21,Schweiz,Schweiz,BS,Wettstein,NA,NA,NA,NA,basel,Wettstein,NA,NA
2024-12,Zuzug,2024,12,Schweizer,W,21,Schweiz,Schweiz,BL,NA,Schweiz,Schweiz,BS,St. Johann,switzerland,Basel-Landschaft,basel,St. Johann
2024-12,Zuzug,2024,12,Ausländer,W,21,Schweiz,Schweiz,BE,NA,Schweiz,Schweiz,BS,Rosental,switzerland,Bern,basel,Rosental
2024-12,Zuzug,2024,12,Schweizer,M,21,Schweiz,Schweiz,BL,NA,Schweiz,Schweiz,BS,St. Johann,switzerland,Basel-Landschaft,basel,St. Johann
2024-12,Zuzug,2024,12,Schweizer,M,21,Schweiz,Schweiz,AG,NA,Schweiz,Schweiz,BS,Am Ring,switzerland,Aargau,basel,Am Ring
2024-12,Zuzug,2024,12,Schweizer,W,21,Schweiz,Schweiz,TG,NA,Schweiz,Schweiz,BS,Klybeck,switzerland,Thurgau,basel,Klybeck
2024-12,Zuzug,2024,12,Ausländer,M,21,Schweiz,Schweiz,SO,NA,Schweiz,Schweiz,BS,Rosental,switzerland,Solothurn,basel,Rosental
2024-12,Zuzug,2024,12,Ausländer,M,21,Europa (ohne Schweiz),Niederlande,NA,NA,Schweiz,Schweiz,BS,Altstadt Kleinbasel,europe,Netherlands,basel,Altstadt Kleinbasel
2024-12,Wegzug,2024,12,Schweizer,W,21,Schweiz,Schweiz,BS,Bachletten,Schweiz,Schweiz,BL,NA,basel,Bachletten,switzerland,Basel-Landschaft
2024-12,Wegzug,2024,12,Ausländer,W,21,Schweiz,Schweiz,BS,Altstadt Grossbasel,Europa (ohne Schweiz),Portugal,Ausland,NA,basel,Altstadt Grossbasel,europe,Portugal
2024-12,Wegzug,2024,12,Ausländer,M,21,Schweiz,Schweiz,BS,Altstadt Grossbasel,NA,NA,NA,NA,basel,Altstadt Grossbasel,NA,NA
2024-12,Wegzug,2024,12,Ausländer,M,21,Schweiz,Schweiz,BS,Altstadt Kleinbasel,Europa (ohne Schweiz),Deutschland,Ausland,NA,basel,Altstadt Kleinbasel,europe,Germany
2024-12,Wegzug,2024,12,Ausländer,W,21,Schweiz,Schweiz,BS,Matthäus,Lateinamerika und Karibik,Bolivien,Ausland,NA,basel,Matthäus,world,Bolivia
2024-12,Wegzug,2024,12,Schweizer,W,21,Schweiz,Schweiz,BS,Gotthelf,Asien,Israel,Ausland,NA,basel,Gotthelf,world,Israel
2024-12,Wegzug,2024,12,Ausländer,M,21,Schweiz,Schweiz,BS,Am Ring,Schweiz,Schweiz,VD,NA,basel,Am Ring,switzerland,Vaud
2024-12,Zuzug,2024,12,Ausländer,M,21,Schweiz,Schweiz,BL,NA,Schweiz,Schweiz,BS,Gundeldingen,switzerland,Basel-Landschaft,basel,Gundeldingen
2024-12,Zuzug,2024,12,Schweizer,W,21,Schweiz,Schweiz,BL,NA,Schweiz,Schweiz,BS,St. Alban,switzerland,Basel-Landschaft,basel,St. Alban
2024-12,Zuzug,2024,12,Schweizer,W,21,Schweiz,Schweiz,SO,NA,Schweiz,Schweiz,BS,St. Alban,switzerland,Solothurn,basel,St. Alban
2024-12,Zuzug,2024,12,Ausländer,M,21,Schweiz,Schweiz,UR,NA,Schweiz,Schweiz,BS,Clara,switzerland,Uri,basel,Clara
2024-12,Zuzug,2024,12,Schweizer,W,21,Schweiz,Schweiz,BL,NA,Schweiz,Schweiz,BS,Bruderholz,switzerland,Basel-Landschaft,basel,Bruderholz
2024-12,Zuzug,2024,12,Schweizer,W,21,Schweiz,Schweiz,BL,NA,Schweiz,Schweiz,BS,Bachletten,switzerland,Basel-Landschaft,basel,Bachletten
2024-12,Zuzug,2024,12,Ausländer,W,21,Europa (ohne Schweiz),Türkei,NA,NA,Schweiz,Schweiz,BS,Rosental,world,Turkey,basel,Rosental
2024-12,Zuzug,2024,12,Ausländer,M,21,Europa (ohne Schweiz),Deutschland,NA,NA,Schweiz,Schweiz,BS,Breite,europe,Germany,basel,Breite
2024-12,Zuzug,2024,12,Ausländer,W,22,Europa (ohne Schweiz),Schweden,NA,NA,Schweiz,Schweiz,BS,Riehen,europe,Sweden,basel,Riehen
2024-12,Zuzug,2024,12,Ausländer,W,22,Schweiz,Schweiz,SO,NA,Schweiz,Schweiz,BS,Breite,switzerland,Solothurn,basel,Breite
2024-12,Zuzug,2024,12,Schweizer,M,22,Schweiz,Schweiz,SG,NA,Schweiz,Schweiz,BS,Am Ring,switzerland,St. Gallen,basel,Am Ring
2024-12,Zuzug,2024,12,Schweizer,W,22,Schweiz,Schweiz,FR,NA,Schweiz,Schweiz,BS,Breite,switzerland,Fribourg,basel,Breite
2024-12,Zuzug,2024,12,Ausländer,W,22,Europa (ohne Schweiz),Portugal,NA,NA,Schweiz,Schweiz,BS,Klybeck,europe,Portugal,basel,Klybeck
2024-12,Zuzug,2024,12,Schweizer,M,22,Schweiz,Schweiz,SO,NA,Schweiz,Schweiz,BS,Bachletten,switzerland,Solothurn,basel,Bachletten
2024-12,Zuzug,2024,12,Schweizer,W,22,Schweiz,Schweiz,SO,NA,Schweiz,Schweiz,BS,Altstadt Kleinbasel,switzerland,Solothurn,basel,Altstadt Kleinbasel
2024-12,Zuzug,2024,12,Schweizer,M,22,Europa (ohne Schweiz),Frankreich,NA,NA,Schweiz,Schweiz,BS,Gotthelf,europe,France,basel,Gotthelf
2024-12,Zuzug,2024,12,Ausländer,W,22,Schweiz,Schweiz,SO,NA,Schweiz,Schweiz,BS,Iselin,switzerland,Solothurn,basel,Iselin
2024-12,Wegzug,2024,12,Schweizer,W,22,Schweiz,Schweiz,BS,Klybeck,Europa (ohne Schweiz),Deutschland,Ausland,NA,basel,Klybeck,europe,Germany
2024-12,Wegzug,2024,12,Ausländer,M,22,Schweiz,Schweiz,BS,Bachletten,Europa (ohne Schweiz),Estland,Ausland,NA,basel,Bachletten,europe,Estonia
2024-12,Wegzug,2024,12,Schweizer,W,22,Schweiz,Schweiz,BS,Kleinhüningen,Schweiz,Schweiz,BL,NA,basel,Kleinhüningen,switzerland,Basel-Landschaft
2024-12,Zuzug,2024,12,Schweizer,M,22,Schweiz,Schweiz,BL,NA,Schweiz,Schweiz,BS,Gundeldingen,switzerland,Basel-Landschaft,basel,Gundeldingen
2024-12,Zuzug,2024,12,Schweizer,M,22,Schweiz,Schweiz,BL,NA,Schweiz,Schweiz,BS,Gundeldingen,switzerland,Basel-Landschaft,basel,Gundeldingen
2024-12,Zuzug,2024,12,Schweizer,W,22,Schweiz,Schweiz,BL,NA,Schweiz,Schweiz,BS,Iselin,switzerland,Basel-Landschaft,basel,Iselin
2024-12,Wegzug,2024,12,Ausländer,M,22,Schweiz,Schweiz,BS,Rosental,Nordamerika,Vereinigte Staaten von Amerika,Ausland,NA,basel,Rosental,world,United States of America
2024-12,Wegzug,2024,12,Schweizer,W,22,Schweiz,Schweiz,BS,Kleinhüningen,Ozeanien,Australien,Ausland,NA,basel,Kleinhüningen,world,Australia
2024-12,Wegzug,2024,12,Ausländer,M,22,Schweiz,Schweiz,BS,Bruderholz,Schweiz,Schweiz,BL,NA,basel,Bruderholz,switzerland,Basel-Landschaft
2024-12,Wegzug,2024,12,Schweizer,M,22,Schweiz,Schweiz,BS,Matthäus,Schweiz,Schweiz,AG,NA,basel,Matthäus,switzerland,Aargau
2024-12,Wegzug,2024,12,Ausländer,M,22,Schweiz,Schweiz,BS,Iselin,Europa (ohne Schweiz),Rumänien,Ausland,NA,basel,Iselin,europe,Romania
2024-12,Wegzug,2024,12,Ausländer,M,22,Schweiz,Schweiz,BS,St. Johann,NA,NA,NA,NA,basel,St. Johann,NA,NA
2024-12,Wegzug,2024,12,Schweizer,M,22,Schweiz,Schweiz,BS,Iselin,Schweiz,Schweiz,ZH,NA,basel,Iselin,switzerland,Zürich
2024-12,Wegzug,2024,12,Schweizer,M,22,Schweiz,Schweiz,BS,Am Ring,Asien,Israel,Ausland,NA,basel,Am Ring,world,Israel
2024-12,Zuzug,2024,12,Ausländer,M,22,Europa (ohne Schweiz),Deutschland,NA,NA,Schweiz,Schweiz,BS,Bachletten,europe,Germany,basel,Bachletten
2024-12,Zuzug,2024,12,Ausländer,M,22,Europa (ohne Schweiz),Deutschland,NA,NA,Schweiz,Schweiz,BS,Matthäus,europe,Germany,basel,Matthäus
2024-12,Zuzug,2024,12,Ausländer,M,22,Europa (ohne Schweiz),Deutschland,NA,NA,Schweiz,Schweiz,BS,Riehen,europe,Germany,basel,Riehen
2024-12,Zuzug,2024,12,Ausländer,W,22,Afrika,Eritrea,NA,NA,Schweiz,Schweiz,BS,St. Alban,world,Eritrea,basel,St. Alban
2024-12,Zuzug,2024,12,Ausländer,W,23,Schweiz,Schweiz,BL,NA,Schweiz,Schweiz,BS,St. Johann,switzerland,Basel-Landschaft,basel,St. Johann
2024-12,Zuzug,2024,12,Ausländer,M,23,Schweiz,Schweiz,VD,NA,Schweiz,Schweiz,BS,Rosental,switzerland,Vaud,basel,Rosental
2024-12,Zuzug,2024,12,Ausländer,W,23,Schweiz,Schweiz,BL,NA,Schweiz,Schweiz,BS,Matthäus,switzerland,Basel-Landschaft,basel,Matthäus
2024-12,Zuzug,2024,12,Ausländer,W,23,Europa (ohne Schweiz),Ukraine,NA,NA,Schweiz,Schweiz,BS,Vorstädte,europe,Ukraine,basel,Vorstädte
2024-12,Zuzug,2024,12,Schweizer,W,23,Schweiz,Schweiz,BE,NA,Schweiz,Schweiz,BS,Iselin,switzerland,Bern,basel,Iselin
2024-12,Wegzug,2024,12,Ausländer,W,23,Schweiz,Schweiz,BS,Altstadt Kleinbasel,Nordamerika,Vereinigte Staaten von Amerika,Ausland,NA,basel,Altstadt Kleinbasel,world,United States of America
2024-12,Wegzug,2024,12,Schweizer,W,23,Schweiz,Schweiz,BS,Riehen,Schweiz,Schweiz,SG,NA,basel,Riehen,switzerland,St. Gallen
2024-12,Wegzug,2024,12,Schweizer,M,23,Schweiz,Schweiz,BS,Gundeldingen,Schweiz,Schweiz,BL,NA,basel,Gundeldingen,switzerland,Basel-Landschaft
2024-12,Wegzug,2024,12,Ausländer,W,23,Schweiz,Schweiz,BS,Vorstädte,Europa (ohne Schweiz),Deutschland,Ausland,NA,basel,Vorstädte,europe,Germany
2024-12,Wegzug,2024,12,Schweizer,M,23,Schweiz,Schweiz,BS,Iselin,Schweiz,Schweiz,ZH,NA,basel,Iselin,switzerland,Zürich
2024-12,Wegzug,2024,12,Schweizer,W,23,Schweiz,Schweiz,BS,Riehen,Schweiz,Schweiz,BL,NA,basel,Riehen,switzerland,Basel-Landschaft
2024-12,Wegzug,2024,12,Schweizer,M,23,Schweiz,Schweiz,BS,Am Ring,Schweiz,Schweiz,ZH,NA,basel,Am Ring,switzerland,Zürich
2024-12,Wegzug,2024,12,Ausländer,M,23,Schweiz,Schweiz,BS,Altstadt Grossbasel,Europa (ohne Schweiz),Liechtenstein,Ausland,NA,basel,Altstadt Grossbasel,europe,Austria
2024-12,Wegzug,2024,12,Schweizer,W,23,Schweiz,Schweiz,BS,St. Alban,Schweiz,Schweiz,BL,NA,basel,St. Alban,switzerland,Basel-Landschaft
2024-12,Wegzug,2024,12,Schweizer,W,23,Schweiz,Schweiz,BS,Altstadt Grossbasel,Schweiz,Schweiz,ZH,NA,basel,Altstadt Grossbasel,switzerland,Zürich
2024-12,Wegzug,2024,12,Schweizer,W,23,Schweiz,Schweiz,BS,St. Johann,Schweiz,Schweiz,AG,NA,basel,St. Johann,switzerland,Aargau
2024-12,Zuzug,2024,12,Ausländer,M,23,Europa (ohne Schweiz),Deutschland,NA,NA,Schweiz,Schweiz,BS,Am Ring,europe,Germany,basel,Am Ring
2024-12,Zuzug,2024,12,Ausländer,M,23,Europa (ohne Schweiz),Deutschland,NA,NA,Schweiz,Schweiz,BS,Gundeldingen,europe,Germany,basel,Gundeldingen
2024-12,Zuzug,2024,12,Ausländer,M,23,Europa (ohne Schweiz),Deutschland,NA,NA,Schweiz,Schweiz,BS,Klybeck,europe,Germany,basel,Klybeck
2024-12,Zuzug,2024,12,Ausländer,M,23,Europa (ohne Schweiz),Deutschland,NA,NA,Schweiz,Schweiz,BS,Wettstein,europe,Germany,basel,Wettstein
2024-12,Zuzug,2024,12,Ausländer,M,23,Europa (ohne Schweiz),Slowakische Republik,NA,NA,Schweiz,Schweiz,BS,Matthäus,europe,Slovakia,basel,Matthäus
2024-12,Zuzug,2024,12,Ausländer,W,23,Europa (ohne Schweiz),Deutschland,NA,NA,Schweiz,Schweiz,BS,Klybeck,europe,Germany,basel,Klybeck
2024-12,Zuzug,2024,12,Schweizer,M,23,Schweiz,Schweiz,BL,NA,Schweiz,Schweiz,BS,Matthäus,switzerland,Basel-Landschaft,basel,Matthäus
2024-12,Zuzug,2024,12,Schweizer,W,23,Schweiz,Schweiz,BE,NA,Schweiz,Schweiz,BS,Riehen,switzerland,Bern,basel,Riehen
2024-12,Zuzug,2024,12,Ausländer,M,23,Asien,Georgien,NA,NA,Schweiz,Schweiz,BS,Gundeldingen,world,Georgia,basel,Gundeldingen
2024-12,Zuzug,2024,12,Schweizer,W,23,Schweiz,Schweiz,AG,NA,Schweiz,Schweiz,BS,St. Johann,switzerland,Aargau,basel,St. Johann
2024-12,Zuzug,2024,12,Schweizer,W,23,Europa (ohne Schweiz),Schweden,NA,NA,Schweiz,Schweiz,BS,Am Ring,europe,Sweden,basel,Am Ring
2024-12,Wegzug,2024,12,Ausländer,W,23,Schweiz,Schweiz,BS,St. Johann,Europa (ohne Schweiz),Deutschland,Ausland,NA,basel,St. Johann,europe,Germany
2024-12,Wegzug,2024,12,Ausländer,M,23,Schweiz,Schweiz,BS,Kleinhüningen,Europa (ohne Schweiz),Deutschland,Ausland,NA,basel,Kleinhüningen,europe,Germany
2024-12,Wegzug,2024,12,Ausländer,M,23,Schweiz,Schweiz,BS,Iselin,Europa (ohne Schweiz),Deutschland,Ausland,NA,basel,Iselin,europe,Germany
2024-12,Wegzug,2024,12,Ausländer,W,23,Schweiz,Schweiz,BS,St. Johann,Schweiz,Schweiz,BL,NA,basel,St. Johann,switzerland,Basel-Landschaft
2024-12,Wegzug,2024,12,Schweizer,W,23,Schweiz,Schweiz,BS,Rosental,Schweiz,Schweiz,SG,NA,basel,Rosental,switzerland,St. Gallen
2024-12,Wegzug,2024,12,Ausländer,W,23,Schweiz,Schweiz,BS,Klybeck,Nordamerika,Vereinigte Staaten von Amerika,Ausland,NA,basel,Klybeck,world,United States of America
2024-12,Wegzug,2024,12,Ausländer,W,23,Schweiz,Schweiz,BS,Bachletten,Europa (ohne Schweiz),Italien,Ausland,NA,basel,Bachletten,europe,Italy
2024-12,Wegzug,2024,12,Schweizer,M,23,Schweiz,Schweiz,BS,Am Ring,Schweiz,Schweiz,SZ,NA,basel,Am Ring,switzerland,Schwyz
2024-12,Wegzug,2024,12,Schweizer,M,23,Schweiz,Schweiz,BS,St. Johann,Schweiz,Schweiz,BL,NA,basel,St. Johann,switzerland,Basel-Landschaft
2024-12,Wegzug,2024,12,Schweizer,W,23,Schweiz,Schweiz,BS,St. Alban,Schweiz,Schweiz,SG,NA,basel,St. Alban,switzerland,St. Gallen
2024-12,Wegzug,2024,12,Schweizer,M,23,Schweiz,Schweiz,BS,Rosental,Schweiz,Schweiz,BL,NA,basel,Rosental,switzerland,Basel-Landschaft
2024-12,Wegzug,2024,12,Ausländer,M,23,Schweiz,Schweiz,BS,Matthäus,Europa (ohne Schweiz),Italien,Ausland,NA,basel,Matthäus,europe,Italy
2024-12,Wegzug,2024,12,Ausländer,W,23,Schweiz,Schweiz,BS,Bachletten,Schweiz,Schweiz,VD,NA,basel,Bachletten,switzerland,Vaud
2024-12,Wegzug,2024,12,Ausländer,M,23,Schweiz,Schweiz,BS,Gundeldingen,Schweiz,Schweiz,BL,NA,basel,Gundeldingen,switzerland,Basel-Landschaft
2024-12,Wegzug,2024,12,Ausländer,W,23,Schweiz,Schweiz,BS,Klybeck,Nordamerika,Vereinigte Staaten von Amerika,Ausland,NA,basel,Klybeck,world,United States of America
2024-12,Wegzug,2024,12,Ausländer,W,23,Schweiz,Schweiz,BS,St. Johann,Europa (ohne Schweiz),Frankreich,Ausland,NA,basel,St. Johann,europe,France
2024-12,Wegzug,2024,12,Schweizer,M,23,Schweiz,Schweiz,BS,Clara,Schweiz,Schweiz,BL,NA,basel,Clara,switzerland,Basel-Landschaft
2024-12,Zuzug,2024,12,Ausländer,W,23,Schweiz,Schweiz,SG,NA,Schweiz,Schweiz,BS,St. Johann,switzerland,St. Gallen,basel,St. Johann
2024-12,Zuzug,2024,12,Ausländer,W,23,Europa (ohne Schweiz),Frankreich,NA,NA,Schweiz,Schweiz,BS,St. Johann,europe,France,basel,St. Johann
2024-12,Zuzug,2024,12,Ausländer,M,23,Afrika,Tunesien,NA,NA,Schweiz,Schweiz,BS,Rosental,world,Tunisia,basel,Rosental
2024-12,Zuzug,2024,12,Ausländer,M,23,Schweiz,Schweiz,LU,NA,Schweiz,Schweiz,BS,Altstadt Kleinbasel,switzerland,Luzern,basel,Altstadt Kleinbasel
2024-12,Zuzug,2024,12,Schweizer,M,24,Schweiz,Schweiz,BL,NA,Schweiz,Schweiz,BS,Gotthelf,switzerland,Basel-Landschaft,basel,Gotthelf
2024-12,Zuzug,2024,12,Schweizer,W,24,Schweiz,Schweiz,BL,NA,Schweiz,Schweiz,BS,Am Ring,switzerland,Basel-Landschaft,basel,Am Ring
2024-12,Zuzug,2024,12,Ausländer,W,24,Europa (ohne Schweiz),Deutschland,NA,NA,Schweiz,Schweiz,BS,Riehen,europe,Germany,basel,Riehen
2024-12,Zuzug,2024,12,Ausländer,W,24,Europa (ohne Schweiz),Polen,NA,NA,Schweiz,Schweiz,BS,Clara,europe,Poland,basel,Clara
2024-12,Zuzug,2024,12,Schweizer,M,24,Schweiz,Schweiz,BL,NA,Schweiz,Schweiz,BS,Breite,switzerland,Basel-Landschaft,basel,Breite
2024-12,Zuzug,2024,12,Ausländer,W,24,Nordamerika,Vereinigte Staaten von Amerika,NA,NA,Schweiz,Schweiz,BS,Bachletten,world,United States of America,basel,Bachletten
2024-12,Zuzug,2024,12,Ausländer,W,24,Asien,China,NA,NA,Schweiz,Schweiz,BS,Gotthelf,world,China,basel,Gotthelf
2024-12,Wegzug,2024,12,Ausländer,W,24,Schweiz,Schweiz,BS,Matthäus,Europa (ohne Schweiz),Deutschland,Ausland,NA,basel,Matthäus,europe,Germany
2024-12,Wegzug,2024,12,Ausländer,M,24,Schweiz,Schweiz,BS,Wettstein,Europa (ohne Schweiz),Griechenland,Ausland,NA,basel,Wettstein,europe,Greece
2024-12,Wegzug,2024,12,Ausländer,W,24,Schweiz,Schweiz,BS,Riehen,Europa (ohne Schweiz),Deutschland,Ausland,NA,basel,Riehen,europe,Germany
2024-12,Wegzug,2024,12,Schweizer,W,24,Schweiz,Schweiz,BS,Bachletten,Schweiz,Schweiz,LU,NA,basel,Bachletten,switzerland,Luzern
2024-12,Wegzug,2024,12,Ausländer,W,24,Schweiz,Schweiz,BS,Breite,Schweiz,Schweiz,BL,NA,basel,Breite,switzerland,Basel-Landschaft
2024-12,Wegzug,2024,12,Schweizer,W,24,Schweiz,Schweiz,BS,St. Alban,Schweiz,Schweiz,AG,NA,basel,St. Alban,switzerland,Aargau
2024-12,Wegzug,2024,12,Schweizer,M,24,Schweiz,Schweiz,BS,Gundeldingen,Schweiz,Schweiz,BL,NA,basel,Gundeldingen,switzerland,Basel-Landschaft
2024-12,Wegzug,2024,12,Schweizer,W,24,Schweiz,Schweiz,BS,Am Ring,Schweiz,Schweiz,BL,NA,basel,Am Ring,switzerland,Basel-Landschaft
2024-12,Wegzug,2024,12,Ausländer,M,24,Schweiz,Schweiz,BS,Vorstädte,Europa (ohne Schweiz),Deutschland,Ausland,NA,basel,Vorstädte,europe,Germany
2024-12,Wegzug,2024,12,Schweizer,W,24,Schweiz,Schweiz,BS,Matthäus,Schweiz,Schweiz,BL,NA,basel,Matthäus,switzerland,Basel-Landschaft
2024-12,Zuzug,2024,12,Ausländer,M,24,Europa (ohne Schweiz),Deutschland,NA,NA,Schweiz,Schweiz,BS,Iselin,europe,Germany,basel,Iselin
2024-12,Zuzug,2024,12,Ausländer,W,24,Europa (ohne Schweiz),Deutschland,NA,NA,Schweiz,Schweiz,BS,Klybeck,europe,Germany,basel,Klybeck
2024-12,Zuzug,2024,12,Schweizer,W,24,Europa (ohne Schweiz),Frankreich,NA,NA,Schweiz,Schweiz,BS,Iselin,europe,France,basel,Iselin
2024-12,Zuzug,2024,12,Schweizer,W,24,Schweiz,Schweiz,UR,NA,Schweiz,Schweiz,BS,St. Johann,switzerland,Uri,basel,St. Johann
2024-12,Zuzug,2024,12,Schweizer,M,24,Schweiz,Schweiz,BL,NA,Schweiz,Schweiz,BS,Bruderholz,switzerland,Basel-Landschaft,basel,Bruderholz
2024-12,Zuzug,2024,12,Ausländer,W,24,Europa (ohne Schweiz),Spanien,NA,NA,Schweiz,Schweiz,BS,Am Ring,europe,Spain,basel,Am Ring
2024-12,Zuzug,2024,12,Ausländer,M,24,Europa (ohne Schweiz),Kosovo,NA,NA,Schweiz,Schweiz,BS,Klybeck,europe,Kosovo,basel,Klybeck
2024-12,Zuzug,2024,12,Ausländer,W,24,Europa (ohne Schweiz),Russland,NA,NA,Schweiz,Schweiz,BS,Vorstädte,world,Russia,basel,Vorstädte
2024-12,Zuzug,2024,12,Schweizer,M,24,Schweiz,Schweiz,BE,NA,Schweiz,Schweiz,BS,Gundeldingen,switzerland,Bern,basel,Gundeldingen
2024-12,Zuzug,2024,12,Schweizer,M,24,Schweiz,Schweiz,BL,NA,Schweiz,Schweiz,BS,St. Alban,switzerland,Basel-Landschaft,basel,St. Alban
2024-12,Zuzug,2024,12,Schweizer,W,24,Schweiz,Schweiz,BL,NA,Schweiz,Schweiz,BS,St. Alban,switzerland,Basel-Landschaft,basel,St. Alban
2024-12,Zuzug,2024,12,Schweizer,W,24,Schweiz,Schweiz,BL,NA,Schweiz,Schweiz,BS,Gundeldingen,switzerland,Basel-Landschaft,basel,Gundeldingen
2024-12,Zuzug,2024,12,Ausländer,M,24,Europa (ohne Schweiz),Italien,NA,NA,Schweiz,Schweiz,BS,Iselin,europe,Italy,basel,Iselin
2024-12,Zuzug,2024,12,Schweizer,W,24,Europa (ohne Schweiz),Frankreich,NA,NA,Schweiz,Schweiz,BS,Matthäus,europe,France,basel,Matthäus
2024-12,Wegzug,2024,12,Ausländer,M,24,Schweiz,Schweiz,BS,Riehen,Nordamerika,Kanada,Ausland,NA,basel,Riehen,world,Canada
2024-12,Wegzug,2024,12,Ausländer,M,24,Schweiz,Schweiz,BS,Vorstädte,Europa (ohne Schweiz),Deutschland,Ausland,NA,basel,Vorstädte,europe,Germany
2024-12,Wegzug,2024,12,Schweizer,M,24,Schweiz,Schweiz,BS,Rosental,Schweiz,Schweiz,BL,NA,basel,Rosental,switzerland,Basel-Landschaft
2024-12,Wegzug,2024,12,Schweizer,W,24,Schweiz,Schweiz,BS,Bachletten,Schweiz,Schweiz,SO,NA,basel,Bachletten,switzerland,Solothurn
2024-12,Wegzug,2024,12,Ausländer,W,24,Schweiz,Schweiz,BS,Rosental,Europa (ohne Schweiz),Deutschland,Ausland,NA,basel,Rosental,europe,Germany
2024-12,Wegzug,2024,12,Schweizer,W,24,Schweiz,Schweiz,BS,Matthäus,Schweiz,Schweiz,BL,NA,basel,Matthäus,switzerland,Basel-Landschaft
2024-12,Wegzug,2024,12,Ausländer,W,24,Schweiz,Schweiz,BS,Am Ring,Nordamerika,Vereinigte Staaten von Amerika,Ausland,NA,basel,Am Ring,world,United States of America
2024-12,Wegzug,2024,12,Schweizer,W,24,Schweiz,Schweiz,BS,Bachletten,Schweiz,Schweiz,SO,NA,basel,Bachletten,switzerland,Solothurn
2024-12,Wegzug,2024,12,Ausländer,W,24,Schweiz,Schweiz,BS,Gundeldingen,Schweiz,Schweiz,BL,NA,basel,Gundeldingen,switzerland,Basel-Landschaft
2024-12,Wegzug,2024,12,Ausländer,W,24,Schweiz,Schweiz,BS,Riehen,Lateinamerika und Karibik,Mexiko,Ausland,NA,basel,Riehen,world,Mexico
2024-12,Wegzug,2024,12,Ausländer,M,24,Schweiz,Schweiz,BS,Am Ring,Nordamerika,Vereinigte Staaten von Amerika,Ausland,NA,basel,Am Ring,world,United States of America
2024-12,Wegzug,2024,12,Schweizer,W,24,Schweiz,Schweiz,BS,Riehen,Schweiz,Schweiz,BL,NA,basel,Riehen,switzerland,Basel-Landschaft
2024-12,Wegzug,2024,12,Ausländer,W,24,Schweiz,Schweiz,BS,Rosental,Europa (ohne Schweiz),Deutschland,Ausland,NA,basel,Rosental,europe,Germany
2024-12,Wegzug,2024,12,Ausländer,M,24,Schweiz,Schweiz,BS,Matthäus,Europa (ohne Schweiz),Frankreich,Ausland,NA,basel,Matthäus,europe,France
2024-12,Wegzug,2024,12,Schweizer,M,24,Schweiz,Schweiz,BS,Am Ring,Schweiz,Schweiz,SG,NA,basel,Am Ring,switzerland,St. Gallen
2024-12,Wegzug,2024,12,Schweizer,W,24,Schweiz,Schweiz,BS,Matthäus,Schweiz,Schweiz,BL,NA,basel,Matthäus,switzerland,Basel-Landschaft
2024-12,Wegzug,2024,12,Schweizer,W,24,Schweiz,Schweiz,BS,Matthäus,Schweiz,Schweiz,BL,NA,basel,Matthäus,switzerland,Basel-Landschaft
2024-12,Wegzug,2024,12,Ausländer,M,24,Schweiz,Schweiz,BS,Kleinhüningen,Europa (ohne Schweiz),Italien,Ausland,NA,basel,Kleinhüningen,europe,Italy
2024-12,Wegzug,2024,12,Schweizer,W,24,Schweiz,Schweiz,BS,Iselin,Schweiz,Schweiz,BL,NA,basel,Iselin,switzerland,Basel-Landschaft
2024-12,Wegzug,2024,12,Schweizer,W,24,Schweiz,Schweiz,BS,Iselin,Schweiz,Schweiz,SG,NA,basel,Iselin,switzerland,St. Gallen
2024-12,Zuzug,2024,12,Ausländer,M,24,Europa (ohne Schweiz),Spanien,NA,NA,Schweiz,Schweiz,BS,Altstadt Kleinbasel,europe,Spain,basel,Altstadt Kleinbasel
2024-12,Zuzug,2024,12,Schweizer,W,24,Schweiz,Schweiz,ZH,NA,Schweiz,Schweiz,BS,Iselin,switzerland,Zürich,basel,Iselin
2024-12,Zuzug,2024,12,Ausländer,M,24,Europa (ohne Schweiz),Portugal,NA,NA,Schweiz,Schweiz,BS,Rosental,europe,Portugal,basel,Rosental
2024-12,Zuzug,2024,12,Ausländer,M,24,Schweiz,Schweiz,BL,NA,Schweiz,Schweiz,BS,Clara,switzerland,Basel-Landschaft,basel,Clara
2024-12,Zuzug,2024,12,Ausländer,W,24,Europa (ohne Schweiz),Spanien,NA,NA,Schweiz,Schweiz,BS,Klybeck,europe,Spain,basel,Klybeck
2024-12,Zuzug,2024,12,Ausländer,W,24,Europa (ohne Schweiz),Deutschland,NA,NA,Schweiz,Schweiz,BS,Am Ring,europe,Germany,basel,Am Ring
2024-12,Zuzug,2024,12,Schweizer,M,24,Schweiz,Schweiz,BL,NA,Schweiz,Schweiz,BS,Gundeldingen,switzerland,Basel-Landschaft,basel,Gundeldingen
2024-12,Zuzug,2024,12,Ausländer,W,24,Schweiz,Schweiz,BL,NA,Schweiz,Schweiz,BS,St. Alban,switzerland,Basel-Landschaft,basel,St. Alban
2024-12,Zuzug,2024,12,Schweizer,W,24,Schweiz,Schweiz,BL,NA,Schweiz,Schweiz,BS,St. Johann,switzerland,Basel-Landschaft,basel,St. Johann
2024-12,Zuzug,2024,12,Schweizer,W,24,Schweiz,Schweiz,AG,NA,Schweiz,Schweiz,BS,Vorstädte,switzerland,Aargau,basel,Vorstädte
2024-12,Zuzug,2024,12,Schweizer,W,25,Schweiz,Schweiz,AG,NA,Schweiz,Schweiz,BS,St. Alban,switzerland,Aargau,basel,St. Alban
2024-12,Zuzug,2024,12,Ausländer,M,25,Europa (ohne Schweiz),Deutschland,NA,NA,Schweiz,Schweiz,BS,Gotthelf,europe,Germany,basel,Gotthelf
2024-12,Zuzug,2024,12,Ausländer,M,25,Europa (ohne Schweiz),Irland,NA,NA,Schweiz,Schweiz,BS,St. Johann,europe,Ireland,basel,St. Johann
2024-12,Zuzug,2024,12,Ausländer,W,25,Europa (ohne Schweiz),Niederlande,NA,NA,Schweiz,Schweiz,BS,Am Ring,europe,Netherlands,basel,Am Ring
2024-12,Zuzug,2024,12,Ausländer,W,25,Schweiz,Schweiz,AG,NA,Schweiz,Schweiz,BS,Gotthelf,switzerland,Aargau,basel,Gotthelf
2024-12,Zuzug,2024,12,Ausländer,W,25,Schweiz,Schweiz,ZH,NA,Schweiz,Schweiz,BS,Rosental,switzerland,Zürich,basel,Rosental
2024-12,Zuzug,2024,12,Ausländer,W,25,Schweiz,Schweiz,ZH,NA,Schweiz,Schweiz,BS,Wettstein,switzerland,Zürich,basel,Wettstein
2024-12,Zuzug,2024,12,Ausländer,M,25,Europa (ohne Schweiz),Kosovo,NA,NA,Schweiz,Schweiz,BS,Hirzbrunnen,europe,Kosovo,basel,Hirzbrunnen
2024-12,Zuzug,2024,12,Schweizer,M,25,Schweiz,Schweiz,BL,NA,Schweiz,Schweiz,BS,Bachletten,switzerland,Basel-Landschaft,basel,Bachletten
2024-12,Zuzug,2024,12,Ausländer,M,25,Schweiz,Schweiz,BL,NA,Schweiz,Schweiz,BS,Altstadt Kleinbasel,switzerland,Basel-Landschaft,basel,Altstadt Kleinbasel
2024-12,Zuzug,2024,12,Schweizer,M,25,Europa (ohne Schweiz),Deutschland,NA,NA,Schweiz,Schweiz,BS,Gundeldingen,europe,Germany,basel,Gundeldingen
2024-12,Zuzug,2024,12,Schweizer,M,25,Schweiz,Schweiz,TG,NA,Schweiz,Schweiz,BS,Vorstädte,switzerland,Thurgau,basel,Vorstädte
2024-12,Zuzug,2024,12,Ausländer,W,25,Europa (ohne Schweiz),Deutschland,NA,NA,Schweiz,Schweiz,BS,Altstadt Kleinbasel,europe,Germany,basel,Altstadt Kleinbasel
2024-12,Wegzug,2024,12,Ausländer,W,25,Schweiz,Schweiz,BS,Kleinhüningen,Schweiz,Schweiz,BL,NA,basel,Kleinhüningen,switzerland,Basel-Landschaft
2024-12,Wegzug,2024,12,Ausländer,M,25,Schweiz,Schweiz,BS,Am Ring,Europa (ohne Schweiz),Deutschland,Ausland,NA,basel,Am Ring,europe,Germany
2024-12,Wegzug,2024,12,Ausländer,M,25,Schweiz,Schweiz,BS,Bachletten,Europa (ohne Schweiz),Portugal,Ausland,NA,basel,Bachletten,europe,Portugal
2024-12,Wegzug,2024,12,Schweizer,W,25,Schweiz,Schweiz,BS,Wettstein,Schweiz,Schweiz,SG,NA,basel,Wettstein,switzerland,St. Gallen
2024-12,Wegzug,2024,12,Schweizer,M,25,Schweiz,Schweiz,BS,Hirzbrunnen,Schweiz,Schweiz,BL,NA,basel,Hirzbrunnen,switzerland,Basel-Landschaft
2024-12,Zuzug,2024,12,Ausländer,M,25,Schweiz,Schweiz,ZH,NA,Schweiz,Schweiz,BS,Matthäus,switzerland,Zürich,basel,Matthäus
2024-12,Zuzug,2024,12,Ausländer,W,25,Europa (ohne Schweiz),Polen,NA,NA,Schweiz,Schweiz,BS,Breite,europe,Poland,basel,Breite
2024-12,Zuzug,2024,12,Schweizer,W,25,Schweiz,Schweiz,BE,NA,Schweiz,Schweiz,BS,Rosental,switzerland,Bern,basel,Rosental
2024-12,Zuzug,2024,12,Schweizer,W,25,Schweiz,Schweiz,BL,NA,Schweiz,Schweiz,BS,Am Ring,switzerland,Basel-Landschaft,basel,Am Ring
2024-12,Zuzug,2024,12,Schweizer,W,25,Schweiz,Schweiz,SG,NA,Schweiz,Schweiz,BS,Gundeldingen,switzerland,St. Gallen,basel,Gundeldingen
2024-12,Zuzug,2024,12,Schweizer,W,25,Schweiz,Schweiz,ZH,NA,Schweiz,Schweiz,BS,Klybeck,switzerland,Zürich,basel,Klybeck
2024-12,Zuzug,2024,12,Ausländer,W,25,Europa (ohne Schweiz),Deutschland,NA,NA,Schweiz,Schweiz,BS,Hirzbrunnen,europe,Germany,basel,Hirzbrunnen
2024-12,Zuzug,2024,12,Schweizer,W,25,Schweiz,Schweiz,SZ,NA,Schweiz,Schweiz,BS,Wettstein,switzerland,Schwyz,basel,Wettstein
2024-12,Zuzug,2024,12,Schweizer,M,25,Schweiz,Schweiz,BL,NA,Schweiz,Schweiz,BS,Matthäus,switzerland,Basel-Landschaft,basel,Matthäus
2024-12,Zuzug,2024,12,Schweizer,M,25,Schweiz,Schweiz,ZH,NA,Schweiz,Schweiz,BS,St. Alban,switzerland,Zürich,basel,St. Alban
2024-12,Zuzug,2024,12,Schweizer,W,25,Schweiz,Schweiz,BL,NA,Schweiz,Schweiz,BS,Am Ring,switzerland,Basel-Landschaft,basel,Am Ring
2024-12,Zuzug,2024,12,Schweizer,W,25,Schweiz,Schweiz,SO,NA,Schweiz,Schweiz,BS,Gotthelf,switzerland,Solothurn,basel,Gotthelf
2024-12,Zuzug,2024,12,Schweizer,W,25,Schweiz,Schweiz,BE,NA,Schweiz,Schweiz,BS,Wettstein,switzerland,Bern,basel,Wettstein
2024-12,Wegzug,2024,12,Ausländer,W,25,Schweiz,Schweiz,BS,Am Ring,Europa (ohne Schweiz),Spanien,Ausland,NA,basel,Am Ring,europe,Spain
2024-12,Wegzug,2024,12,Ausländer,W,25,Schweiz,Schweiz,BS,St. Johann,Europa (ohne Schweiz),Deutschland,Ausland,NA,basel,St. Johann,europe,Germany
2024-12,Wegzug,2024,12,Ausländer,M,25,Schweiz,Schweiz,BS,Wettstein,Nordamerika,Vereinigte Staaten von Amerika,Ausland,NA,basel,Wettstein,world,United States of America
2024-12,Wegzug,2024,12,Ausländer,M,25,Schweiz,Schweiz,BS,Breite,Schweiz,Schweiz,AG,NA,basel,Breite,switzerland,Aargau
2024-12,Wegzug,2024,12,Ausländer,W,25,Schweiz,Schweiz,BS,Vorstädte,Europa (ohne Schweiz),Grossbritannien,Ausland,NA,basel,Vorstädte,europe,United Kingdom
2024-12,Wegzug,2024,12,Schweizer,W,25,Schweiz,Schweiz,BS,Vorstädte,Schweiz,Schweiz,BE,NA,basel,Vorstädte,switzerland,Bern
2024-12,Wegzug,2024,12,Ausländer,W,25,Schweiz,Schweiz,BS,Klybeck,Schweiz,Schweiz,TG,NA,basel,Klybeck,switzerland,Thurgau
2024-12,Wegzug,2024,12,Ausländer,W,25,Schweiz,Schweiz,BS,Klybeck,Schweiz,Schweiz,LU,NA,basel,Klybeck,switzerland,Luzern
2024-12,Wegzug,2024,12,Schweizer,M,25,Schweiz,Schweiz,BS,Klybeck,Schweiz,Schweiz,TG,NA,basel,Klybeck,switzerland,Thurgau
2024-12,Wegzug,2024,12,Schweizer,W,25,Schweiz,Schweiz,BS,Matthäus,Schweiz,Schweiz,OW,NA,basel,Matthäus,switzerland,Obwalden
2024-12,Wegzug,2024,12,Ausländer,W,25,Schweiz,Schweiz,BS,Iselin,Europa (ohne Schweiz),Finnland,Ausland,NA,basel,Iselin,europe,Finland
2024-12,Wegzug,2024,12,Ausländer,W,25,Schweiz,Schweiz,BS,Bachletten,Schweiz,Schweiz,BL,NA,basel,Bachletten,switzerland,Basel-Landschaft
2024-12,Wegzug,2024,12,Ausländer,M,25,Schweiz,Schweiz,BS,Matthäus,Europa (ohne Schweiz),Italien,Ausland,NA,basel,Matthäus,europe,Italy
2024-12,Wegzug,2024,12,Ausländer,M,25,Schweiz,Schweiz,BS,St. Johann,Europa (ohne Schweiz),Deutschland,Ausland,NA,basel,St. Johann,europe,Germany
2024-12,Wegzug,2024,12,Schweizer,M,25,Schweiz,Schweiz,BS,Gotthelf,Schweiz,Schweiz,ZH,NA,basel,Gotthelf,switzerland,Zürich
2024-12,Wegzug,2024,12,Schweizer,W,25,Schweiz,Schweiz,BS,Am Ring,Schweiz,Schweiz,FR,NA,basel,Am Ring,switzerland,Fribourg
2024-12,Wegzug,2024,12,Ausländer,M,25,Schweiz,Schweiz,BS,Gundeldingen,Schweiz,Schweiz,ZH,NA,basel,Gundeldingen,switzerland,Zürich
2024-12,Wegzug,2024,12,Ausländer,W,25,Schweiz,Schweiz,BS,Hirzbrunnen,Lateinamerika und Karibik,Argentinien,Ausland,NA,basel,Hirzbrunnen,world,Argentina
2024-12,Wegzug,2024,12,Ausländer,W,25,Schweiz,Schweiz,BS,St. Johann,Europa (ohne Schweiz),Griechenland,Ausland,NA,basel,St. Johann,europe,Greece
2024-12,Wegzug,2024,12,Ausländer,W,25,Schweiz,Schweiz,BS,St. Johann,Europa (ohne Schweiz),Griechenland,Ausland,NA,basel,St. Johann,europe,Greece
2024-12,Wegzug,2024,12,Ausländer,W,25,Schweiz,Schweiz,BS,Matthäus,Europa (ohne Schweiz),Portugal,Ausland,NA,basel,Matthäus,europe,Portugal
2024-12,Wegzug,2024,12,Schweizer,W,25,Schweiz,Schweiz,BS,Gundeldingen,Schweiz,Schweiz,ZH,NA,basel,Gundeldingen,switzerland,Zürich
2024-12,Zuzug,2024,12,Ausländer,M,25,Europa (ohne Schweiz),Deutschland,NA,NA,Schweiz,Schweiz,BS,St. Alban,europe,Germany,basel,St. Alban
2024-12,Zuzug,2024,12,Ausländer,W,25,Asien,Pakistan,NA,NA,Schweiz,Schweiz,BS,Rosental,world,Pakistan,basel,Rosental
2024-12,Zuzug,2024,12,Ausländer,W,25,Europa (ohne Schweiz),Italien,NA,NA,Schweiz,Schweiz,BS,Rosental,europe,Italy,basel,Rosental
2024-12,Zuzug,2024,12,Schweizer,M,25,Schweiz,Schweiz,AG,NA,Schweiz,Schweiz,BS,Am Ring,switzerland,Aargau,basel,Am Ring
2024-12,Zuzug,2024,12,Schweizer,W,25,Schweiz,Schweiz,BE,NA,Schweiz,Schweiz,BS,Rosental,switzerland,Bern,basel,Rosental
2024-12,Zuzug,2024,12,Ausländer,M,25,Europa (ohne Schweiz),Deutschland,NA,NA,Schweiz,Schweiz,BS,Gundeldingen,europe,Germany,basel,Gundeldingen
2024-12,Zuzug,2024,12,Ausländer,W,25,Schweiz,Schweiz,BL,NA,Schweiz,Schweiz,BS,Am Ring,switzerland,Basel-Landschaft,basel,Am Ring
2024-12,Zuzug,2024,12,Ausländer,W,25,Schweiz,Schweiz,ZH,NA,Schweiz,Schweiz,BS,Klybeck,switzerland,Zürich,basel,Klybeck
2024-12,Zuzug,2024,12,Schweizer,M,25,Schweiz,Schweiz,BL,NA,Schweiz,Schweiz,BS,St. Johann,switzerland,Basel-Landschaft,basel,St. Johann
2024-12,Zuzug,2024,12,Ausländer,W,25,NA,NA,NA,NA,Schweiz,Schweiz,BS,Vorstädte,NA,NA,basel,Vorstädte
2024-12,Zuzug,2024,12,Schweizer,M,25,Schweiz,Schweiz,TI,NA,Schweiz,Schweiz,BS,Iselin,switzerland,Ticino,basel,Iselin
2024-12,Zuzug,2024,12,Schweizer,M,25,Schweiz,Schweiz,AG,NA,Schweiz,Schweiz,BS,Altstadt Grossbasel,switzerland,Aargau,basel,Altstadt Grossbasel
2024-12,Zuzug,2024,12,Schweizer,W,25,Schweiz,Schweiz,BL,NA,Schweiz,Schweiz,BS,Klybeck,switzerland,Basel-Landschaft,basel,Klybeck
2024-12,Zuzug,2024,12,Ausländer,W,25,Europa (ohne Schweiz),Türkei,NA,NA,Schweiz,Schweiz,BS,Hirzbrunnen,world,Turkey,basel,Hirzbrunnen
2024-12,Zuzug,2024,12,Ausländer,W,25,Schweiz,Schweiz,ZH,NA,Schweiz,Schweiz,BS,Matthäus,switzerland,Zürich,basel,Matthäus
2024-12,Zuzug,2024,12,Ausländer,M,25,Nordamerika,Vereinigte Staaten von Amerika,NA,NA,Schweiz,Schweiz,BS,Vorstädte,world,United States of America,basel,Vorstädte
2024-12,Zuzug,2024,12,Ausländer,W,25,NA,NA,NA,NA,Schweiz,Schweiz,BS,Wettstein,NA,NA,basel,Wettstein
2024-12,Zuzug,2024,12,Ausländer,M,25,Schweiz,Schweiz,ZH,NA,Schweiz,Schweiz,BS,Clara,switzerland,Zürich,basel,Clara
2024-12,Zuzug,2024,12,Ausländer,M,26,Schweiz,Schweiz,BL,NA,Schweiz,Schweiz,BS,Breite,switzerland,Basel-Landschaft,basel,Breite
2024-12,Zuzug,2024,12,Ausländer,W,26,Schweiz,Schweiz,SH,NA,Schweiz,Schweiz,BS,St. Johann,switzerland,Schaffhausen,basel,St. Johann
2024-12,Zuzug,2024,12,Schweizer,W,26,Schweiz,Schweiz,BL,NA,Schweiz,Schweiz,BS,St. Alban,switzerland,Basel-Landschaft,basel,St. Alban
2024-12,Zuzug,2024,12,Ausländer,M,26,Europa (ohne Schweiz),Polen,NA,NA,Schweiz,Schweiz,BS,Gundeldingen,europe,Poland,basel,Gundeldingen
2024-12,Zuzug,2024,12,Ausländer,M,26,Europa (ohne Schweiz),Deutschland,NA,NA,Schweiz,Schweiz,BS,Iselin,europe,Germany,basel,Iselin
2024-12,Zuzug,2024,12,Ausländer,M,26,Europa (ohne Schweiz),Italien,NA,NA,Schweiz,Schweiz,BS,Iselin,europe,Italy,basel,Iselin
2024-12,Zuzug,2024,12,Ausländer,W,26,Asien,China,NA,NA,Schweiz,Schweiz,BS,St. Johann,world,China,basel,St. Johann
2024-12,Zuzug,2024,12,Ausländer,W,26,Europa (ohne Schweiz),Italien,NA,NA,Schweiz,Schweiz,BS,Iselin,europe,Italy,basel,Iselin
2024-12,Zuzug,2024,12,Ausländer,W,26,Schweiz,Schweiz,ZH,NA,Schweiz,Schweiz,BS,Gotthelf,switzerland,Zürich,basel,Gotthelf
2024-12,Zuzug,2024,12,Ausländer,M,26,Europa (ohne Schweiz),Grossbritannien,NA,NA,Schweiz,Schweiz,BS,Klybeck,europe,United Kingdom,basel,Klybeck
2024-12,Zuzug,2024,12,Ausländer,W,26,Europa (ohne Schweiz),Deutschland,NA,NA,Schweiz,Schweiz,BS,Gundeldingen,europe,Germany,basel,Gundeldingen
2024-12,Zuzug,2024,12,Ausländer,W,26,Europa (ohne Schweiz),Deutschland,NA,NA,Schweiz,Schweiz,BS,Gundeldingen,europe,Germany,basel,Gundeldingen
2024-12,Zuzug,2024,12,Schweizer,M,26,Europa (ohne Schweiz),Deutschland,NA,NA,Schweiz,Schweiz,BS,St. Johann,europe,Germany,basel,St. Johann
2024-12,Zuzug,2024,12,Ausländer,M,26,Asien,Thailand,NA,NA,Schweiz,Schweiz,BS,Breite,world,Thailand,basel,Breite
2024-12,Zuzug,2024,12,Schweizer,M,26,Schweiz,Schweiz,AG,NA,Schweiz,Schweiz,BS,St. Johann,switzerland,Aargau,basel,St. Johann
2024-12,Zuzug,2024,12,Schweizer,M,26,Schweiz,Schweiz,AG,NA,Schweiz,Schweiz,BS,Vorstädte,switzerland,Aargau,basel,Vorstädte
2024-12,Zuzug,2024,12,Ausländer,M,26,Europa (ohne Schweiz),Deutschland,NA,NA,Schweiz,Schweiz,BS,St. Johann,europe,Germany,basel,St. Johann
2024-12,Wegzug,2024,12,Schweizer,W,26,Schweiz,Schweiz,BS,Gotthelf,Schweiz,Schweiz,BL,NA,basel,Gotthelf,switzerland,Basel-Landschaft
2024-12,Wegzug,2024,12,Ausländer,W,26,Schweiz,Schweiz,BS,Gotthelf,Europa (ohne Schweiz),Deutschland,Ausland,NA,basel,Gotthelf,europe,Germany
2024-12,Wegzug,2024,12,Ausländer,W,26,Schweiz,Schweiz,BS,Klybeck,Europa (ohne Schweiz),Italien,Ausland,NA,basel,Klybeck,europe,Italy
2024-12,Wegzug,2024,12,Ausländer,W,26,Schweiz,Schweiz,BS,Hirzbrunnen,Schweiz,Schweiz,NW,NA,basel,Hirzbrunnen,switzerland,Nidwalden
2024-12,Wegzug,2024,12,Schweizer,W,26,Schweiz,Schweiz,BS,Gundeldingen,Schweiz,Schweiz,AG,NA,basel,Gundeldingen,switzerland,Aargau
2024-12,Wegzug,2024,12,Schweizer,M,26,Schweiz,Schweiz,BS,Matthäus,NA,NA,NA,NA,basel,Matthäus,NA,NA
2024-12,Wegzug,2024,12,Ausländer,W,26,Schweiz,Schweiz,BS,Klybeck,Europa (ohne Schweiz),Deutschland,Ausland,NA,basel,Klybeck,europe,Germany
2024-12,Zuzug,2024,12,Ausländer,M,26,Europa (ohne Schweiz),Deutschland,NA,NA,Schweiz,Schweiz,BS,Gundeldingen,europe,Germany,basel,Gundeldingen
2024-12,Zuzug,2024,12,Ausländer,M,26,Europa (ohne Schweiz),Deutschland,NA,NA,Schweiz,Schweiz,BS,Wettstein,europe,Germany,basel,Wettstein
2024-12,Zuzug,2024,12,Ausländer,M,26,Europa (ohne Schweiz),Frankreich,NA,NA,Schweiz,Schweiz,BS,St. Johann,europe,France,basel,St. Johann
2024-12,Zuzug,2024,12,Schweizer,M,26,Schweiz,Schweiz,BL,NA,Schweiz,Schweiz,BS,Gundeldingen,switzerland,Basel-Landschaft,basel,Gundeldingen
2024-12,Zuzug,2024,12,Ausländer,M,26,Europa (ohne Schweiz),Deutschland,NA,NA,Schweiz,Schweiz,BS,Breite,europe,Germany,basel,Breite
2024-12,Zuzug,2024,12,Ausländer,M,26,Europa (ohne Schweiz),Finnland,NA,NA,Schweiz,Schweiz,BS,Am Ring,europe,Finland,basel,Am Ring
2024-12,Zuzug,2024,12,Ausländer,W,26,Europa (ohne Schweiz),Deutschland,NA,NA,Schweiz,Schweiz,BS,Iselin,europe,Germany,basel,Iselin
2024-12,Zuzug,2024,12,Ausländer,W,26,Schweiz,Schweiz,AG,NA,Schweiz,Schweiz,BS,Am Ring,switzerland,Aargau,basel,Am Ring
2024-12,Zuzug,2024,12,Schweizer,M,26,Schweiz,Schweiz,BL,NA,Schweiz,Schweiz,BS,Iselin,switzerland,Basel-Landschaft,basel,Iselin
2024-12,Zuzug,2024,12,Schweizer,W,26,Schweiz,Schweiz,ZH,NA,Schweiz,Schweiz,BS,Vorstädte,switzerland,Zürich,basel,Vorstädte
2024-12,Zuzug,2024,12,Schweizer,W,26,Schweiz,Schweiz,ZH,NA,Schweiz,Schweiz,BS,Gundeldingen,switzerland,Zürich,basel,Gundeldingen
2024-12,Zuzug,2024,12,Ausländer,M,26,Europa (ohne Schweiz),Frankreich,NA,NA,Schweiz,Schweiz,BS,Altstadt Kleinbasel,europe,France,basel,Altstadt Kleinbasel
2024-12,Wegzug,2024,12,Schweizer,M,26,Schweiz,Schweiz,BS,Gundeldingen,Schweiz,Schweiz,BL,NA,basel,Gundeldingen,switzerland,Basel-Landschaft
2024-12,Wegzug,2024,12,Ausländer,M,26,Schweiz,Schweiz,BS,Vorstädte,Europa (ohne Schweiz),Oesterreich,Ausland,NA,basel,Vorstädte,europe,Austria
2024-12,Wegzug,2024,12,Ausländer,M,26,Schweiz,Schweiz,BS,Iselin,Schweiz,Schweiz,ZH,NA,basel,Iselin,switzerland,Zürich
2024-12,Wegzug,2024,12,Schweizer,W,26,Schweiz,Schweiz,BS,Riehen,Schweiz,Schweiz,ZG,NA,basel,Riehen,switzerland,Zug
2024-12,Wegzug,2024,12,Schweizer,W,26,Schweiz,Schweiz,BS,Iselin,Schweiz,Schweiz,VS,NA,basel,Iselin,switzerland,Valais
2024-12,Wegzug,2024,12,Ausländer,W,26,Schweiz,Schweiz,BS,Iselin,Lateinamerika und Karibik,Mexiko,Ausland,NA,basel,Iselin,world,Mexico
2024-12,Wegzug,2024,12,Ausländer,M,26,Schweiz,Schweiz,BS,Am Ring,Europa (ohne Schweiz),Italien,Ausland,NA,basel,Am Ring,europe,Italy
2024-12,Wegzug,2024,12,Schweizer,W,26,Schweiz,Schweiz,BS,Riehen,Schweiz,Schweiz,LU,NA,basel,Riehen,switzerland,Luzern
2024-12,Wegzug,2024,12,Schweizer,W,26,Schweiz,Schweiz,BS,Riehen,Schweiz,Schweiz,BL,NA,basel,Riehen,switzerland,Basel-Landschaft
2024-12,Wegzug,2024,12,Ausländer,M,26,Schweiz,Schweiz,BS,Am Ring,Ozeanien,Australien,Ausland,NA,basel,Am Ring,world,Australia
2024-12,Wegzug,2024,12,Ausländer,M,26,Schweiz,Schweiz,BS,Kleinhüningen,Europa (ohne Schweiz),Polen,Ausland,NA,basel,Kleinhüningen,europe,Poland
2024-12,Wegzug,2024,12,Ausländer,M,26,Schweiz,Schweiz,BS,Vorstädte,Europa (ohne Schweiz),Italien,Ausland,NA,basel,Vorstädte,europe,Italy
2024-12,Wegzug,2024,12,Ausländer,W,26,Schweiz,Schweiz,BS,Gundeldingen,Ozeanien,Australien,Ausland,NA,basel,Gundeldingen,world,Australia
2024-12,Wegzug,2024,12,Ausländer,W,26,Schweiz,Schweiz,BS,Am Ring,Europa (ohne Schweiz),Deutschland,Ausland,NA,basel,Am Ring,europe,Germany
2024-12,Wegzug,2024,12,Schweizer,W,26,Schweiz,Schweiz,BS,Matthäus,Schweiz,Schweiz,AG,NA,basel,Matthäus,switzerland,Aargau
2024-12,Wegzug,2024,12,Ausländer,M,26,Schweiz,Schweiz,BS,St. Johann,Schweiz,Schweiz,SO,NA,basel,St. Johann,switzerland,Solothurn
2024-12,Wegzug,2024,12,Schweizer,M,26,Schweiz,Schweiz,BS,Altstadt Grossbasel,Schweiz,Schweiz,TI,NA,basel,Altstadt Grossbasel,switzerland,Ticino
2024-12,Wegzug,2024,12,Schweizer,M,26,Schweiz,Schweiz,BS,St. Johann,Schweiz,Schweiz,AG,NA,basel,St. Johann,switzerland,Aargau
2024-12,Wegzug,2024,12,Ausländer,M,26,Schweiz,Schweiz,BS,Am Ring,Europa (ohne Schweiz),Oesterreich,Ausland,NA,basel,Am Ring,europe,Austria
2024-12,Wegzug,2024,12,Ausländer,M,26,Schweiz,Schweiz,BS,Matthäus,Europa (ohne Schweiz),Deutschland,Ausland,NA,basel,Matthäus,europe,Germany
2024-12,Wegzug,2024,12,Schweizer,W,26,Schweiz,Schweiz,BS,Bettingen,Schweiz,Schweiz,SG,NA,basel,Bettingen,switzerland,St. Gallen
2024-12,Wegzug,2024,12,Schweizer,W,26,Schweiz,Schweiz,BS,Gotthelf,Schweiz,Schweiz,AR,NA,basel,Gotthelf,switzerland,Appenzell Ausserrhoden
2024-12,Zuzug,2024,12,Ausländer,M,26,Europa (ohne Schweiz),Deutschland,NA,NA,Schweiz,Schweiz,BS,Klybeck,europe,Germany,basel,Klybeck
2024-12,Zuzug,2024,12,Schweizer,M,26,Schweiz,Schweiz,BL,NA,Schweiz,Schweiz,BS,Wettstein,switzerland,Basel-Landschaft,basel,Wettstein
2024-12,Zuzug,2024,12,Schweizer,M,26,Schweiz,Schweiz,TI,NA,Schweiz,Schweiz,BS,Iselin,switzerland,Ticino,basel,Iselin
2024-12,Zuzug,2024,12,Schweizer,W,26,Schweiz,Schweiz,BL,NA,Schweiz,Schweiz,BS,Gundeldingen,switzerland,Basel-Landschaft,basel,Gundeldingen
2024-12,Zuzug,2024,12,Ausländer,M,26,Schweiz,Schweiz,VD,NA,Schweiz,Schweiz,BS,Matthäus,switzerland,Vaud,basel,Matthäus
2024-12,Zuzug,2024,12,Ausländer,W,26,Europa (ohne Schweiz),Deutschland,NA,NA,Schweiz,Schweiz,BS,Hirzbrunnen,europe,Germany,basel,Hirzbrunnen
2024-12,Zuzug,2024,12,Ausländer,W,26,Europa (ohne Schweiz),Deutschland,NA,NA,Schweiz,Schweiz,BS,St. Alban,europe,Germany,basel,St. Alban
2024-12,Zuzug,2024,12,Ausländer,W,26,Europa (ohne Schweiz),Grossbritannien,NA,NA,Schweiz,Schweiz,BS,Iselin,europe,United Kingdom,basel,Iselin
2024-12,Zuzug,2024,12,Schweizer,M,26,Schweiz,Schweiz,BL,NA,Schweiz,Schweiz,BS,Gundeldingen,switzerland,Basel-Landschaft,basel,Gundeldingen
2024-12,Zuzug,2024,12,Schweizer,W,26,Schweiz,Schweiz,BL,NA,Schweiz,Schweiz,BS,Breite,switzerland,Basel-Landschaft,basel,Breite
2024-12,Zuzug,2024,12,Ausländer,M,26,Asien,Israel,NA,NA,Schweiz,Schweiz,BS,Am Ring,world,Israel,basel,Am Ring
2024-12,Zuzug,2024,12,Ausländer,M,26,Europa (ohne Schweiz),Tschechische Republik,NA,NA,Schweiz,Schweiz,BS,Wettstein,europe,Czechia,basel,Wettstein
2024-12,Zuzug,2024,12,Ausländer,M,26,Schweiz,Schweiz,ZH,NA,Schweiz,Schweiz,BS,Altstadt Grossbasel,switzerland,Zürich,basel,Altstadt Grossbasel
2024-12,Zuzug,2024,12,Ausländer,M,26,Schweiz,Schweiz,ZG,NA,Schweiz,Schweiz,BS,Matthäus,switzerland,Zug,basel,Matthäus
2024-12,Zuzug,2024,12,Schweizer,W,26,Schweiz,Schweiz,ZG,NA,Schweiz,Schweiz,BS,Klybeck,switzerland,Zug,basel,Klybeck
2024-12,Zuzug,2024,12,Schweizer,W,26,Schweiz,Schweiz,BL,NA,Schweiz,Schweiz,BS,Gundeldingen,switzerland,Basel-Landschaft,basel,Gundeldingen
2024-12,Zuzug,2024,12,Ausländer,M,26,Europa (ohne Schweiz),Frankreich,NA,NA,Schweiz,Schweiz,BS,Gundeldingen,europe,France,basel,Gundeldingen
2024-12,Zuzug,2024,12,Ausländer,W,26,Europa (ohne Schweiz),Spanien,NA,NA,Schweiz,Schweiz,BS,Gundeldingen,europe,Spain,basel,Gundeldingen
2024-12,Zuzug,2024,12,Schweizer,W,26,Schweiz,Schweiz,BL,NA,Schweiz,Schweiz,BS,Clara,switzerland,Basel-Landschaft,basel,Clara
2024-12,Zuzug,2024,12,Schweizer,M,26,Schweiz,Schweiz,BE,NA,Schweiz,Schweiz,BS,Gundeldingen,switzerland,Bern,basel,Gundeldingen
2024-12,Zuzug,2024,12,Ausländer,W,27,Schweiz,Schweiz,AG,NA,Schweiz,Schweiz,BS,Breite,switzerland,Aargau,basel,Breite
2024-12,Zuzug,2024,12,Schweizer,M,27,Schweiz,Schweiz,BL,NA,Schweiz,Schweiz,BS,Klybeck,switzerland,Basel-Landschaft,basel,Klybeck
2024-12,Zuzug,2024,12,Ausländer,M,27,Europa (ohne Schweiz),Grossbritannien,NA,NA,Schweiz,Schweiz,BS,St. Johann,europe,United Kingdom,basel,St. Johann
2024-12,Zuzug,2024,12,Ausländer,W,27,Europa (ohne Schweiz),Finnland,NA,NA,Schweiz,Schweiz,BS,Clara,europe,Finland,basel,Clara
2024-12,Zuzug,2024,12,Schweizer,M,27,Schweiz,Schweiz,BL,NA,Schweiz,Schweiz,BS,Gundeldingen,switzerland,Basel-Landschaft,basel,Gundeldingen
2024-12,Zuzug,2024,12,Schweizer,M,27,Schweiz,Schweiz,AG,NA,Schweiz,Schweiz,BS,St. Johann,switzerland,Aargau,basel,St. Johann
2024-12,Zuzug,2024,12,Ausländer,M,27,Schweiz,Schweiz,BL,NA,Schweiz,Schweiz,BS,Iselin,switzerland,Basel-Landschaft,basel,Iselin
2024-12,Zuzug,2024,12,Schweizer,W,27,Schweiz,Schweiz,BL,NA,Schweiz,Schweiz,BS,Gundeldingen,switzerland,Basel-Landschaft,basel,Gundeldingen
2024-12,Zuzug,2024,12,Ausländer,M,27,Europa (ohne Schweiz),Schweden,NA,NA,Schweiz,Schweiz,BS,Gotthelf,europe,Sweden,basel,Gotthelf
2024-12,Zuzug,2024,12,Schweizer,M,27,Schweiz,Schweiz,BL,NA,Schweiz,Schweiz,BS,Bettingen,switzerland,Basel-Landschaft,basel,Bettingen
2024-12,Zuzug,2024,12,Schweizer,W,27,Schweiz,Schweiz,BE,NA,Schweiz,Schweiz,BS,Matthäus,switzerland,Bern,basel,Matthäus
2024-12,Wegzug,2024,12,Schweizer,W,27,Schweiz,Schweiz,BS,Altstadt Grossbasel,Schweiz,Schweiz,BL,NA,basel,Altstadt Grossbasel,switzerland,Basel-Landschaft
2024-12,Wegzug,2024,12,Ausländer,W,27,Schweiz,Schweiz,BS,Clara,Europa (ohne Schweiz),Spanien,Ausland,NA,basel,Clara,europe,Spain
2024-12,Wegzug,2024,12,Schweizer,M,27,Schweiz,Schweiz,BS,Iselin,Schweiz,Schweiz,AG,NA,basel,Iselin,switzerland,Aargau
2024-12,Wegzug,2024,12,Ausländer,W,27,Schweiz,Schweiz,BS,Gundeldingen,Schweiz,Schweiz,BL,NA,basel,Gundeldingen,switzerland,Basel-Landschaft
2024-12,Wegzug,2024,12,Ausländer,W,27,Schweiz,Schweiz,BS,St. Johann,Europa (ohne Schweiz),Deutschland,Ausland,NA,basel,St. Johann,europe,Germany
2024-12,Wegzug,2024,12,Ausländer,W,27,Schweiz,Schweiz,BS,Iselin,Schweiz,Schweiz,ZH,NA,basel,Iselin,switzerland,Zürich
2024-12,Wegzug,2024,12,Ausländer,W,27,Schweiz,Schweiz,BS,Wettstein,Europa (ohne Schweiz),Italien,Ausland,NA,basel,Wettstein,europe,Italy
2024-12,Zuzug,2024,12,Ausländer,W,27,Europa (ohne Schweiz),Litauen,NA,NA,Schweiz,Schweiz,BS,Gundeldingen,europe,Lithuania,basel,Gundeldingen
2024-12,Zuzug,2024,12,Schweizer,M,27,Schweiz,Schweiz,BL,NA,Schweiz,Schweiz,BS,Breite,switzerland,Basel-Landschaft,basel,Breite
2024-12,Zuzug,2024,12,Ausländer,M,27,Schweiz,Schweiz,SO,NA,Schweiz,Schweiz,BS,Rosental,switzerland,Solothurn,basel,Rosental
2024-12,Zuzug,2024,12,Ausländer,W,27,Europa (ohne Schweiz),Deutschland,NA,NA,Schweiz,Schweiz,BS,St. Johann,europe,Germany,basel,St. Johann
2024-12,Zuzug,2024,12,Ausländer,W,27,Europa (ohne Schweiz),Italien,NA,NA,Schweiz,Schweiz,BS,Iselin,europe,Italy,basel,Iselin
2024-12,Zuzug,2024,12,Ausländer,W,27,Schweiz,Schweiz,BL,NA,Schweiz,Schweiz,BS,Matthäus,switzerland,Basel-Landschaft,basel,Matthäus
2024-12,Zuzug,2024,12,Schweizer,M,27,Schweiz,Schweiz,BE,NA,Schweiz,Schweiz,BS,Matthäus,switzerland,Bern,basel,Matthäus
2024-12,Zuzug,2024,12,Schweizer,M,27,Schweiz,Schweiz,AG,NA,Schweiz,Schweiz,BS,Matthäus,switzerland,Aargau,basel,Matthäus
2024-12,Zuzug,2024,12,Schweizer,M,27,Schweiz,Schweiz,BE,NA,Schweiz,Schweiz,BS,Wettstein,switzerland,Bern,basel,Wettstein
2024-12,Zuzug,2024,12,Schweizer,M,27,Schweiz,Schweiz,BL,NA,Schweiz,Schweiz,BS,Gundeldingen,switzerland,Basel-Landschaft,basel,Gundeldingen
2024-12,Zuzug,2024,12,Schweizer,W,27,Schweiz,Schweiz,BL,NA,Schweiz,Schweiz,BS,Iselin,switzerland,Basel-Landschaft,basel,Iselin
2024-12,Zuzug,2024,12,Ausländer,M,27,Europa (ohne Schweiz),Ukraine,NA,NA,Schweiz,Schweiz,BS,Vorstädte,europe,Ukraine,basel,Vorstädte
2024-12,Zuzug,2024,12,Schweizer,M,27,Schweiz,Schweiz,TI,NA,Schweiz,Schweiz,BS,St. Johann,switzerland,Ticino,basel,St. Johann
2024-12,Zuzug,2024,12,Schweizer,W,27,Schweiz,Schweiz,TG,NA,Schweiz,Schweiz,BS,Gundeldingen,switzerland,Thurgau,basel,Gundeldingen
2024-12,Zuzug,2024,12,Ausländer,W,27,Lateinamerika und Karibik,Kolumbien,NA,NA,Schweiz,Schweiz,BS,St. Johann,world,Colombia,basel,St. Johann
2024-12,Wegzug,2024,12,Ausländer,W,27,Schweiz,Schweiz,BS,Am Ring,Europa (ohne Schweiz),Deutschland,Ausland,NA,basel,Am Ring,europe,Germany
2024-12,Wegzug,2024,12,Schweizer,W,27,Schweiz,Schweiz,BS,Breite,Schweiz,Schweiz,BL,NA,basel,Breite,switzerland,Basel-Landschaft
2024-12,Wegzug,2024,12,Ausländer,W,27,Schweiz,Schweiz,BS,Rosental,Schweiz,Schweiz,LU,NA,basel,Rosental,switzerland,Luzern
2024-12,Wegzug,2024,12,Ausländer,W,27,Schweiz,Schweiz,BS,Matthäus,Europa (ohne Schweiz),Ukraine,Ausland,NA,basel,Matthäus,europe,Ukraine
2024-12,Wegzug,2024,12,Ausländer,W,27,Schweiz,Schweiz,BS,Gotthelf,Europa (ohne Schweiz),Slowakische Republik,Ausland,NA,basel,Gotthelf,europe,Slovakia
2024-12,Wegzug,2024,12,Ausländer,W,27,Schweiz,Schweiz,BS,Iselin,NA,NA,NA,NA,basel,Iselin,NA,NA
2024-12,Wegzug,2024,12,Ausländer,M,27,Schweiz,Schweiz,BS,Iselin,Europa (ohne Schweiz),Deutschland,Ausland,NA,basel,Iselin,europe,Germany
2024-12,Wegzug,2024,12,Ausländer,W,27,Schweiz,Schweiz,BS,Am Ring,Europa (ohne Schweiz),Deutschland,Ausland,NA,basel,Am Ring,europe,Germany
2024-12,Wegzug,2024,12,Schweizer,W,27,Schweiz,Schweiz,BS,St. Johann,Schweiz,Schweiz,SO,NA,basel,St. Johann,switzerland,Solothurn
2024-12,Wegzug,2024,12,Ausländer,M,27,Schweiz,Schweiz,BS,Bruderholz,Schweiz,Schweiz,OW,NA,basel,Bruderholz,switzerland,Obwalden
2024-12,Wegzug,2024,12,Ausländer,M,27,Schweiz,Schweiz,BS,Gundeldingen,Schweiz,Schweiz,BL,NA,basel,Gundeldingen,switzerland,Basel-Landschaft
2024-12,Wegzug,2024,12,Ausländer,W,27,Schweiz,Schweiz,BS,Kleinhüningen,Schweiz,Schweiz,ZH,NA,basel,Kleinhüningen,switzerland,Zürich
2024-12,Wegzug,2024,12,Ausländer,W,27,Schweiz,Schweiz,BS,Klybeck,Europa (ohne Schweiz),Deutschland,Ausland,NA,basel,Klybeck,europe,Germany
2024-12,Wegzug,2024,12,Schweizer,W,27,Schweiz,Schweiz,BS,St. Johann,Schweiz,Schweiz,ZH,NA,basel,St. Johann,switzerland,Zürich
2024-12,Wegzug,2024,12,Ausländer,M,27,Schweiz,Schweiz,BS,Klybeck,Lateinamerika und Karibik,Brasilien,Ausland,NA,basel,Klybeck,world,Brazil
2024-12,Wegzug,2024,12,Ausländer,M,27,Schweiz,Schweiz,BS,St. Johann,NA,NA,NA,NA,basel,St. Johann,NA,NA
2024-12,Wegzug,2024,12,Schweizer,M,27,Schweiz,Schweiz,BS,Rosental,Schweiz,Schweiz,BL,NA,basel,Rosental,switzerland,Basel-Landschaft
2024-12,Wegzug,2024,12,Ausländer,M,27,Schweiz,Schweiz,BS,Altstadt Grossbasel,Lateinamerika und Karibik,Brasilien,Ausland,NA,basel,Altstadt Grossbasel,world,Brazil
2024-12,Wegzug,2024,12,Ausländer,M,27,Schweiz,Schweiz,BS,Clara,Asien,Indien,Ausland,NA,basel,Clara,world,India
2024-12,Wegzug,2024,12,Ausländer,W,27,Schweiz,Schweiz,BS,Altstadt Grossbasel,Europa (ohne Schweiz),Deutschland,Ausland,NA,basel,Altstadt Grossbasel,europe,Germany
2024-12,Wegzug,2024,12,Schweizer,M,27,Schweiz,Schweiz,BS,Hirzbrunnen,Schweiz,Schweiz,ZH,NA,basel,Hirzbrunnen,switzerland,Zürich
2024-12,Wegzug,2024,12,Schweizer,M,27,Schweiz,Schweiz,BS,Gotthelf,Schweiz,Schweiz,BL,NA,basel,Gotthelf,switzerland,Basel-Landschaft
2024-12,Wegzug,2024,12,Schweizer,W,27,Schweiz,Schweiz,BS,Vorstädte,Schweiz,Schweiz,BL,NA,basel,Vorstädte,switzerland,Basel-Landschaft
2024-12,Zuzug,2024,12,Ausländer,M,27,Afrika,Nigeria,NA,NA,Schweiz,Schweiz,BS,Klybeck,world,Nigeria,basel,Klybeck
2024-12,Zuzug,2024,12,Ausländer,M,27,Europa (ohne Schweiz),Deutschland,NA,NA,Schweiz,Schweiz,BS,St. Alban,europe,Germany,basel,St. Alban
2024-12,Zuzug,2024,12,Ausländer,M,27,Europa (ohne Schweiz),Spanien,NA,NA,Schweiz,Schweiz,BS,Matthäus,europe,Spain,basel,Matthäus
2024-12,Zuzug,2024,12,Schweizer,W,27,Schweiz,Schweiz,BL,NA,Schweiz,Schweiz,BS,Gotthelf,switzerland,Basel-Landschaft,basel,Gotthelf
2024-12,Zuzug,2024,12,Ausländer,M,27,Schweiz,Schweiz,BL,NA,Schweiz,Schweiz,BS,Gundeldingen,switzerland,Basel-Landschaft,basel,Gundeldingen
2024-12,Zuzug,2024,12,Ausländer,M,27,Schweiz,Schweiz,BL,NA,Schweiz,Schweiz,BS,Altstadt Kleinbasel,switzerland,Basel-Landschaft,basel,Altstadt Kleinbasel
2024-12,Zuzug,2024,12,Ausländer,M,27,Schweiz,Schweiz,NE,NA,Schweiz,Schweiz,BS,Altstadt Grossbasel,switzerland,Neuchâtel,basel,Altstadt Grossbasel
2024-12,Zuzug,2024,12,Ausländer,W,27,Schweiz,Schweiz,BE,NA,Schweiz,Schweiz,BS,Gundeldingen,switzerland,Bern,basel,Gundeldingen
2024-12,Zuzug,2024,12,Ausländer,W,27,Schweiz,Schweiz,ZH,NA,Schweiz,Schweiz,BS,St. Alban,switzerland,Zürich,basel,St. Alban
2024-12,Zuzug,2024,12,Ausländer,W,27,Europa (ohne Schweiz),Spanien,NA,NA,Schweiz,Schweiz,BS,Matthäus,europe,Spain,basel,Matthäus
2024-12,Zuzug,2024,12,Ausländer,W,27,Asien,Israel,NA,NA,Schweiz,Schweiz,BS,Iselin,world,Israel,basel,Iselin
2024-12,Zuzug,2024,12,Schweizer,M,27,Schweiz,Schweiz,BL,NA,Schweiz,Schweiz,BS,Vorstädte,switzerland,Basel-Landschaft,basel,Vorstädte
2024-12,Zuzug,2024,12,Schweizer,M,27,Schweiz,Schweiz,ZH,NA,Schweiz,Schweiz,BS,St. Alban,switzerland,Zürich,basel,St. Alban
2024-12,Zuzug,2024,12,Schweizer,M,27,Schweiz,Schweiz,ZH,NA,Schweiz,Schweiz,BS,Gotthelf,switzerland,Zürich,basel,Gotthelf
2024-12,Zuzug,2024,12,Ausländer,M,27,Europa (ohne Schweiz),Deutschland,NA,NA,Schweiz,Schweiz,BS,Riehen,europe,Germany,basel,Riehen
2024-12,Zuzug,2024,12,Schweizer,W,27,Schweiz,Schweiz,AG,NA,Schweiz,Schweiz,BS,Matthäus,switzerland,Aargau,basel,Matthäus
2024-12,Zuzug,2024,12,Schweizer,W,27,Schweiz,Schweiz,ZG,NA,Schweiz,Schweiz,BS,Matthäus,switzerland,Zug,basel,Matthäus
2024-12,Zuzug,2024,12,Ausländer,W,27,Europa (ohne Schweiz),Frankreich,NA,NA,Schweiz,Schweiz,BS,Vorstädte,europe,France,basel,Vorstädte
2024-12,Zuzug,2024,12,Ausländer,W,28,Europa (ohne Schweiz),Deutschland,NA,NA,Schweiz,Schweiz,BS,Klybeck,europe,Germany,basel,Klybeck
2024-12,Zuzug,2024,12,Ausländer,M,28,Europa (ohne Schweiz),Spanien,NA,NA,Schweiz,Schweiz,BS,Gundeldingen,europe,Spain,basel,Gundeldingen
2024-12,Zuzug,2024,12,Schweizer,W,28,Schweiz,Schweiz,BL,NA,Schweiz,Schweiz,BS,Clara,switzerland,Basel-Landschaft,basel,Clara
2024-12,Zuzug,2024,12,Ausländer,M,28,NA,NA,NA,NA,Schweiz,Schweiz,BS,Vorstädte,NA,NA,basel,Vorstädte
2024-12,Wegzug,2024,12,Ausländer,W,28,Schweiz,Schweiz,BS,Gundeldingen,Europa (ohne Schweiz),Polen,Ausland,NA,basel,Gundeldingen,europe,Poland
2024-12,Wegzug,2024,12,Ausländer,M,28,Schweiz,Schweiz,BS,Wettstein,Nordamerika,Vereinigte Staaten von Amerika,Ausland,NA,basel,Wettstein,world,United States of America
2024-12,Wegzug,2024,12,Ausländer,W,28,Schweiz,Schweiz,BS,Gundeldingen,Europa (ohne Schweiz),Polen,Ausland,NA,basel,Gundeldingen,europe,Poland
2024-12,Wegzug,2024,12,Schweizer,W,28,Schweiz,Schweiz,BS,Rosental,Schweiz,Schweiz,JU,NA,basel,Rosental,switzerland,Jura
2024-12,Wegzug,2024,12,Schweizer,W,28,Schweiz,Schweiz,BS,Bachletten,Europa (ohne Schweiz),Schweden,Ausland,NA,basel,Bachletten,europe,Sweden
2024-12,Wegzug,2024,12,Schweizer,M,28,Schweiz,Schweiz,BS,Iselin,Schweiz,Schweiz,SO,NA,basel,Iselin,switzerland,Solothurn
2024-12,Wegzug,2024,12,Ausländer,M,28,Schweiz,Schweiz,BS,Hirzbrunnen,Europa (ohne Schweiz),Deutschland,Ausland,NA,basel,Hirzbrunnen,europe,Germany
2024-12,Wegzug,2024,12,Schweizer,W,28,Schweiz,Schweiz,BS,Klybeck,Schweiz,Schweiz,BL,NA,basel,Klybeck,switzerland,Basel-Landschaft
2024-12,Wegzug,2024,12,Ausländer,W,28,Schweiz,Schweiz,BS,Matthäus,Asien,Indien,Ausland,NA,basel,Matthäus,world,India
2024-12,Wegzug,2024,12,Ausländer,M,28,Schweiz,Schweiz,BS,Am Ring,Europa (ohne Schweiz),Spanien,Ausland,NA,basel,Am Ring,europe,Spain
2024-12,Zuzug,2024,12,Ausländer,W,28,Schweiz,Schweiz,ZH,NA,Schweiz,Schweiz,BS,Gundeldingen,switzerland,Zürich,basel,Gundeldingen
2024-12,Zuzug,2024,12,Schweizer,M,28,Schweiz,Schweiz,BL,NA,Schweiz,Schweiz,BS,Matthäus,switzerland,Basel-Landschaft,basel,Matthäus
2024-12,Zuzug,2024,12,Ausländer,W,28,Europa (ohne Schweiz),Italien,NA,NA,Schweiz,Schweiz,BS,Am Ring,europe,Italy,basel,Am Ring
2024-12,Zuzug,2024,12,Schweizer,M,28,Schweiz,Schweiz,BE,NA,Schweiz,Schweiz,BS,Am Ring,switzerland,Bern,basel,Am Ring
2024-12,Zuzug,2024,12,Schweizer,W,28,Schweiz,Schweiz,AG,NA,Schweiz,Schweiz,BS,Gundeldingen,switzerland,Aargau,basel,Gundeldingen
2024-12,Zuzug,2024,12,Ausländer,W,28,Europa (ohne Schweiz),Spanien,NA,NA,Schweiz,Schweiz,BS,Matthäus,europe,Spain,basel,Matthäus
2024-12,Zuzug,2024,12,Ausländer,M,28,Schweiz,Schweiz,ZH,NA,Schweiz,Schweiz,BS,St. Johann,switzerland,Zürich,basel,St. Johann
2024-12,Zuzug,2024,12,Ausländer,W,28,Europa (ohne Schweiz),Türkei,NA,NA,Schweiz,Schweiz,BS,Breite,world,Turkey,basel,Breite
2024-12,Wegzug,2024,12,Ausländer,M,28,Schweiz,Schweiz,BS,Hirzbrunnen,Europa (ohne Schweiz),Grossbritannien,Ausland,NA,basel,Hirzbrunnen,europe,United Kingdom
2024-12,Wegzug,2024,12,Ausländer,W,28,Schweiz,Schweiz,BS,Bachletten,Schweiz,Schweiz,BL,NA,basel,Bachletten,switzerland,Basel-Landschaft
2024-12,Wegzug,2024,12,Ausländer,M,28,Schweiz,Schweiz,BS,Bachletten,Schweiz,Schweiz,BL,NA,basel,Bachletten,switzerland,Basel-Landschaft
2024-12,Wegzug,2024,12,Schweizer,W,28,Schweiz,Schweiz,BS,Am Ring,Schweiz,Schweiz,ZH,NA,basel,Am Ring,switzerland,Zürich
2024-12,Wegzug,2024,12,Ausländer,W,28,Schweiz,Schweiz,BS,Matthäus,Europa (ohne Schweiz),Deutschland,Ausland,NA,basel,Matthäus,europe,Germany
2024-12,Wegzug,2024,12,Schweizer,M,28,Schweiz,Schweiz,BS,Wettstein,Europa (ohne Schweiz),Frankreich,Ausland,NA,basel,Wettstein,europe,France
2024-12,Wegzug,2024,12,Ausländer,M,28,Schweiz,Schweiz,BS,St. Johann,Schweiz,Schweiz,AG,NA,basel,St. Johann,switzerland,Aargau
2024-12,Wegzug,2024,12,Schweizer,W,28,Schweiz,Schweiz,BS,Bachletten,Europa (ohne Schweiz),Italien,Ausland,NA,basel,Bachletten,europe,Italy
2024-12,Wegzug,2024,12,Ausländer,M,28,Schweiz,Schweiz,BS,Matthäus,Europa (ohne Schweiz),Italien,Ausland,NA,basel,Matthäus,europe,Italy
2024-12,Wegzug,2024,12,Ausländer,M,28,Schweiz,Schweiz,BS,Am Ring,Europa (ohne Schweiz),Frankreich,Ausland,NA,basel,Am Ring,europe,France
2024-12,Wegzug,2024,12,Schweizer,M,28,Schweiz,Schweiz,BS,Hirzbrunnen,Asien,Thailand,Ausland,NA,basel,Hirzbrunnen,world,Thailand
2024-12,Wegzug,2024,12,Ausländer,M,28,Schweiz,Schweiz,BS,Am Ring,Schweiz,Schweiz,ZH,NA,basel,Am Ring,switzerland,Zürich
2024-12,Wegzug,2024,12,Ausländer,M,28,Schweiz,Schweiz,BS,Am Ring,Europa (ohne Schweiz),Deutschland,Ausland,NA,basel,Am Ring,europe,Germany
2024-12,Wegzug,2024,12,Ausländer,W,28,Schweiz,Schweiz,BS,Gundeldingen,Europa (ohne Schweiz),Deutschland,Ausland,NA,basel,Gundeldingen,europe,Germany
2024-12,Wegzug,2024,12,Ausländer,W,28,Schweiz,Schweiz,BS,St. Johann,Europa (ohne Schweiz),Oesterreich,Ausland,NA,basel,St. Johann,europe,Austria
2024-12,Wegzug,2024,12,Ausländer,M,28,Schweiz,Schweiz,BS,Clara,Europa (ohne Schweiz),Frankreich,Ausland,NA,basel,Clara,europe,France
2024-12,Wegzug,2024,12,Schweizer,M,28,Schweiz,Schweiz,BS,Matthäus,Schweiz,Schweiz,SO,NA,basel,Matthäus,switzerland,Solothurn
2024-12,Zuzug,2024,12,Schweizer,W,28,Schweiz,Schweiz,TG,NA,Schweiz,Schweiz,BS,Breite,switzerland,Thurgau,basel,Breite
2024-12,Zuzug,2024,12,Ausländer,M,28,Schweiz,Schweiz,TI,NA,Schweiz,Schweiz,BS,Vorstädte,switzerland,Ticino,basel,Vorstädte
2024-12,Zuzug,2024,12,Ausländer,W,28,Europa (ohne Schweiz),Deutschland,NA,NA,Schweiz,Schweiz,BS,Matthäus,europe,Germany,basel,Matthäus
2024-12,Zuzug,2024,12,Ausländer,M,28,NA,NA,NA,NA,Schweiz,Schweiz,BS,Rosental,NA,NA,basel,Rosental
2024-12,Zuzug,2024,12,Ausländer,M,28,Europa (ohne Schweiz),Spanien,NA,NA,Schweiz,Schweiz,BS,Am Ring,europe,Spain,basel,Am Ring
2024-12,Zuzug,2024,12,Ausländer,M,28,Nordamerika,Kanada,NA,NA,Schweiz,Schweiz,BS,Gotthelf,world,Canada,basel,Gotthelf
2024-12,Zuzug,2024,12,Ausländer,W,28,Europa (ohne Schweiz),Spanien,NA,NA,Schweiz,Schweiz,BS,Gundeldingen,europe,Spain,basel,Gundeldingen
2024-12,Zuzug,2024,12,Ausländer,W,28,Schweiz,Schweiz,SO,NA,Schweiz,Schweiz,BS,Am Ring,switzerland,Solothurn,basel,Am Ring
2024-12,Zuzug,2024,12,Schweizer,M,28,Schweiz,Schweiz,BL,NA,Schweiz,Schweiz,BS,Hirzbrunnen,switzerland,Basel-Landschaft,basel,Hirzbrunnen
2024-12,Zuzug,2024,12,Schweizer,W,28,Schweiz,Schweiz,BL,NA,Schweiz,Schweiz,BS,Iselin,switzerland,Basel-Landschaft,basel,Iselin
2024-12,Zuzug,2024,12,Schweizer,W,28,Schweiz,Schweiz,BL,NA,Schweiz,Schweiz,BS,St. Alban,switzerland,Basel-Landschaft,basel,St. Alban
2024-12,Zuzug,2024,12,Schweizer,W,28,Schweiz,Schweiz,ZH,NA,Schweiz,Schweiz,BS,St. Johann,switzerland,Zürich,basel,St. Johann
2024-12,Zuzug,2024,12,Schweizer,M,28,Schweiz,Schweiz,BL,NA,Schweiz,Schweiz,BS,Iselin,switzerland,Basel-Landschaft,basel,Iselin
2024-12,Zuzug,2024,12,Ausländer,W,28,Europa (ohne Schweiz),Luxemburg,NA,NA,Schweiz,Schweiz,BS,Matthäus,europe,Luxembourg,basel,Matthäus
2024-12,Zuzug,2024,12,Ausländer,W,28,Europa (ohne Schweiz),Ukraine,NA,NA,Schweiz,Schweiz,BS,Gotthelf,europe,Ukraine,basel,Gotthelf
2024-12,Zuzug,2024,12,Ausländer,W,28,NA,NA,NA,NA,Schweiz,Schweiz,BS,St. Alban,NA,NA,basel,St. Alban
2024-12,Zuzug,2024,12,Ausländer,W,28,NA,NA,NA,NA,Schweiz,Schweiz,BS,Breite,NA,NA,basel,Breite
2024-12,Zuzug,2024,12,Ausländer,W,29,Europa (ohne Schweiz),Spanien,NA,NA,Schweiz,Schweiz,BS,St. Johann,europe,Spain,basel,St. Johann
2024-12,Zuzug,2024,12,Ausländer,M,29,Europa (ohne Schweiz),Deutschland,NA,NA,Schweiz,Schweiz,BS,Riehen,europe,Germany,basel,Riehen
2024-12,Zuzug,2024,12,Ausländer,M,29,Europa (ohne Schweiz),Italien,NA,NA,Schweiz,Schweiz,BS,Rosental,europe,Italy,basel,Rosental
2024-12,Zuzug,2024,12,Ausländer,W,29,Europa (ohne Schweiz),Frankreich,NA,NA,Schweiz,Schweiz,BS,Rosental,europe,France,basel,Rosental
2024-12,Zuzug,2024,12,Ausländer,W,29,Schweiz,Schweiz,BL,NA,Schweiz,Schweiz,BS,St. Alban,switzerland,Basel-Landschaft,basel,St. Alban
2024-12,Zuzug,2024,12,Ausländer,M,29,Europa (ohne Schweiz),Spanien,NA,NA,Schweiz,Schweiz,BS,Wettstein,europe,Spain,basel,Wettstein
2024-12,Zuzug,2024,12,Ausländer,M,29,Europa (ohne Schweiz),Deutschland,NA,NA,Schweiz,Schweiz,BS,Matthäus,europe,Germany,basel,Matthäus
2024-12,Wegzug,2024,12,Schweizer,W,29,Schweiz,Schweiz,BS,Gundeldingen,Schweiz,Schweiz,ZH,NA,basel,Gundeldingen,switzerland,Zürich
2024-12,Wegzug,2024,12,Ausländer,W,29,Schweiz,Schweiz,BS,Clara,Europa (ohne Schweiz),Grossbritannien,Ausland,NA,basel,Clara,europe,United Kingdom
2024-12,Wegzug,2024,12,Ausländer,W,29,Schweiz,Schweiz,BS,Klybeck,Europa (ohne Schweiz),Italien,Ausland,NA,basel,Klybeck,europe,Italy
2024-12,Wegzug,2024,12,Ausländer,W,29,Schweiz,Schweiz,BS,St. Johann,Europa (ohne Schweiz),Italien,Ausland,NA,basel,St. Johann,europe,Italy
2024-12,Wegzug,2024,12,Schweizer,W,29,Schweiz,Schweiz,BS,Altstadt Kleinbasel,Europa (ohne Schweiz),Deutschland,Ausland,NA,basel,Altstadt Kleinbasel,europe,Germany
2024-12,Wegzug,2024,12,Ausländer,M,29,Schweiz,Schweiz,BS,Am Ring,Europa (ohne Schweiz),Grossbritannien,Ausland,NA,basel,Am Ring,europe,United Kingdom
2024-12,Wegzug,2024,12,Schweizer,W,29,Schweiz,Schweiz,BS,St. Johann,Schweiz,Schweiz,BE,NA,basel,St. Johann,switzerland,Bern
2024-12,Zuzug,2024,12,Ausländer,M,29,Europa (ohne Schweiz),Deutschland,NA,NA,Schweiz,Schweiz,BS,Gundeldingen,europe,Germany,basel,Gundeldingen
2024-12,Zuzug,2024,12,Ausländer,M,29,Europa (ohne Schweiz),Luxemburg,NA,NA,Schweiz,Schweiz,BS,St. Alban,europe,Luxembourg,basel,St. Alban
2024-12,Zuzug,2024,12,Ausländer,W,29,Europa (ohne Schweiz),Deutschland,NA,NA,Schweiz,Schweiz,BS,Riehen,europe,Germany,basel,Riehen
2024-12,Zuzug,2024,12,Ausländer,W,29,Schweiz,Schweiz,LU,NA,Schweiz,Schweiz,BS,Altstadt Kleinbasel,switzerland,Luzern,basel,Altstadt Kleinbasel
2024-12,Zuzug,2024,12,Ausländer,W,29,Europa (ohne Schweiz),Deutschland,NA,NA,Schweiz,Schweiz,BS,Gotthelf,europe,Germany,basel,Gotthelf
2024-12,Zuzug,2024,12,Ausländer,W,29,Schweiz,Schweiz,TG,NA,Schweiz,Schweiz,BS,St. Johann,switzerland,Thurgau,basel,St. Johann
2024-12,Zuzug,2024,12,Schweizer,M,29,Schweiz,Schweiz,BL,NA,Schweiz,Schweiz,BS,Riehen,switzerland,Basel-Landschaft,basel,Riehen
2024-12,Zuzug,2024,12,Schweizer,M,29,Schweiz,Schweiz,ZH,NA,Schweiz,Schweiz,BS,St. Johann,switzerland,Zürich,basel,St. Johann
2024-12,Zuzug,2024,12,Ausländer,W,29,NA,NA,NA,NA,Schweiz,Schweiz,BS,Vorstädte,NA,NA,basel,Vorstädte
2024-12,Zuzug,2024,12,Ausländer,W,29,Europa (ohne Schweiz),Belgien,NA,NA,Schweiz,Schweiz,BS,Gotthelf,europe,Belgium,basel,Gotthelf
2024-12,Wegzug,2024,12,Ausländer,M,29,Schweiz,Schweiz,BS,Klybeck,Europa (ohne Schweiz),Slowakische Republik,Ausland,NA,basel,Klybeck,europe,Slovakia
2024-12,Wegzug,2024,12,Schweizer,W,29,Schweiz,Schweiz,BS,Am Ring,Schweiz,Schweiz,ZH,NA,basel,Am Ring,switzerland,Zürich
2024-12,Wegzug,2024,12,Ausländer,M,29,Schweiz,Schweiz,BS,Matthäus,Schweiz,Schweiz,BL,NA,basel,Matthäus,switzerland,Basel-Landschaft
2024-12,Wegzug,2024,12,Ausländer,M,29,Schweiz,Schweiz,BS,Kleinhüningen,Lateinamerika und Karibik,Mexiko,Ausland,NA,basel,Kleinhüningen,world,Mexico
2024-12,Wegzug,2024,12,Ausländer,M,29,Schweiz,Schweiz,BS,Rosental,Schweiz,Schweiz,SO,NA,basel,Rosental,switzerland,Solothurn
2024-12,Wegzug,2024,12,Schweizer,M,29,Schweiz,Schweiz,BS,Gundeldingen,Schweiz,Schweiz,BL,NA,basel,Gundeldingen,switzerland,Basel-Landschaft
2024-12,Wegzug,2024,12,Schweizer,M,29,Schweiz,Schweiz,BS,St. Alban,Schweiz,Schweiz,BL,NA,basel,St. Alban,switzerland,Basel-Landschaft
2024-12,Wegzug,2024,12,Ausländer,M,29,Schweiz,Schweiz,BS,St. Johann,Schweiz,Schweiz,BL,NA,basel,St. Johann,switzerland,Basel-Landschaft
2024-12,Wegzug,2024,12,Schweizer,M,29,Schweiz,Schweiz,BS,Matthäus,Schweiz,Schweiz,LU,NA,basel,Matthäus,switzerland,Luzern
2024-12,Wegzug,2024,12,Ausländer,W,29,Schweiz,Schweiz,BS,Altstadt Kleinbasel,Europa (ohne Schweiz),Deutschland,Ausland,NA,basel,Altstadt Kleinbasel,europe,Germany
2024-12,Wegzug,2024,12,Schweizer,M,29,Schweiz,Schweiz,BS,Vorstädte,Europa (ohne Schweiz),Zypern,Ausland,NA,basel,Vorstädte,world,Cyprus
2024-12,Wegzug,2024,12,Schweizer,W,29,Schweiz,Schweiz,BS,Riehen,Europa (ohne Schweiz),Portugal,Ausland,NA,basel,Riehen,europe,Portugal
2024-12,Wegzug,2024,12,Ausländer,W,29,Schweiz,Schweiz,BS,Matthäus,Lateinamerika und Karibik,Kuba,Ausland,NA,basel,Matthäus,world,Cuba
2024-12,Wegzug,2024,12,Schweizer,M,29,Schweiz,Schweiz,BS,St. Alban,Schweiz,Schweiz,BL,NA,basel,St. Alban,switzerland,Basel-Landschaft
2024-12,Wegzug,2024,12,Schweizer,W,29,Schweiz,Schweiz,BS,Vorstädte,Schweiz,Schweiz,BL,NA,basel,Vorstädte,switzerland,Basel-Landschaft
2024-12,Wegzug,2024,12,Ausländer,M,29,Schweiz,Schweiz,BS,St. Johann,Schweiz,Schweiz,ZH,NA,basel,St. Johann,switzerland,Zürich
2024-12,Wegzug,2024,12,Schweizer,M,29,Schweiz,Schweiz,BS,Gundeldingen,Schweiz,Schweiz,ZH,NA,basel,Gundeldingen,switzerland,Zürich
2024-12,Wegzug,2024,12,Ausländer,M,29,Schweiz,Schweiz,BS,Iselin,Europa (ohne Schweiz),Irland,Ausland,NA,basel,Iselin,europe,Ireland
2024-12,Wegzug,2024,12,Ausländer,M,29,Schweiz,Schweiz,BS,St. Johann,Europa (ohne Schweiz),Deutschland,Ausland,NA,basel,St. Johann,europe,Germany
2024-12,Wegzug,2024,12,Ausländer,W,29,Schweiz,Schweiz,BS,Hirzbrunnen,Europa (ohne Schweiz),Deutschland,Ausland,NA,basel,Hirzbrunnen,europe,Germany
2024-12,Wegzug,2024,12,Ausländer,W,29,Schweiz,Schweiz,BS,Klybeck,Schweiz,Schweiz,AG,NA,basel,Klybeck,switzerland,Aargau
2024-12,Wegzug,2024,12,Ausländer,M,29,Schweiz,Schweiz,BS,Vorstädte,Europa (ohne Schweiz),Grossbritannien,Ausland,NA,basel,Vorstädte,europe,United Kingdom
2024-12,Wegzug,2024,12,Schweizer,M,29,Schweiz,Schweiz,BS,Riehen,Schweiz,Schweiz,SO,NA,basel,Riehen,switzerland,Solothurn
2024-12,Wegzug,2024,12,Schweizer,W,29,Schweiz,Schweiz,BS,Iselin,Schweiz,Schweiz,SO,NA,basel,Iselin,switzerland,Solothurn
2024-12,Wegzug,2024,12,Schweizer,W,29,Schweiz,Schweiz,BS,Gundeldingen,Schweiz,Schweiz,BL,NA,basel,Gundeldingen,switzerland,Basel-Landschaft
2024-12,Zuzug,2024,12,Ausländer,M,29,Schweiz,Schweiz,SO,NA,Schweiz,Schweiz,BS,Iselin,switzerland,Solothurn,basel,Iselin
2024-12,Zuzug,2024,12,Ausländer,W,29,Nordamerika,Vereinigte Staaten von Amerika,NA,NA,Schweiz,Schweiz,BS,Am Ring,world,United States of America,basel,Am Ring
2024-12,Zuzug,2024,12,Ausländer,M,29,Europa (ohne Schweiz),Deutschland,NA,NA,Schweiz,Schweiz,BS,Vorstädte,europe,Germany,basel,Vorstädte
2024-12,Zuzug,2024,12,Ausländer,W,29,Schweiz,Schweiz,ZH,NA,Schweiz,Schweiz,BS,Clara,switzerland,Zürich,basel,Clara
2024-12,Zuzug,2024,12,Schweizer,W,29,Schweiz,Schweiz,BE,NA,Schweiz,Schweiz,BS,Hirzbrunnen,switzerland,Bern,basel,Hirzbrunnen
2024-12,Zuzug,2024,12,Schweizer,M,29,Schweiz,Schweiz,BE,NA,Schweiz,Schweiz,BS,St. Johann,switzerland,Bern,basel,St. Johann
2024-12,Zuzug,2024,12,Ausländer,M,29,Europa (ohne Schweiz),Deutschland,NA,NA,Schweiz,Schweiz,BS,Gundeldingen,europe,Germany,basel,Gundeldingen
2024-12,Zuzug,2024,12,Ausländer,M,30,Europa (ohne Schweiz),Deutschland,NA,NA,Schweiz,Schweiz,BS,St. Johann,europe,Germany,basel,St. Johann
2024-12,Zuzug,2024,12,Ausländer,W,30,Schweiz,Schweiz,BL,NA,Schweiz,Schweiz,BS,St. Alban,switzerland,Basel-Landschaft,basel,St. Alban
2024-12,Zuzug,2024,12,Ausländer,M,30,Europa (ohne Schweiz),Oesterreich,NA,NA,Schweiz,Schweiz,BS,Gotthelf,europe,Austria,basel,Gotthelf
2024-12,Zuzug,2024,12,Ausländer,W,30,Europa (ohne Schweiz),Griechenland,NA,NA,Schweiz,Schweiz,BS,Gotthelf,europe,Greece,basel,Gotthelf
2024-12,Zuzug,2024,12,Ausländer,W,30,Schweiz,Schweiz,ZH,NA,Schweiz,Schweiz,BS,Matthäus,switzerland,Zürich,basel,Matthäus
2024-12,Zuzug,2024,12,Ausländer,M,30,Europa (ohne Schweiz),Italien,NA,NA,Schweiz,Schweiz,BS,Gotthelf,europe,Italy,basel,Gotthelf
2024-12,Zuzug,2024,12,Ausländer,M,30,Europa (ohne Schweiz),Türkei,NA,NA,Schweiz,Schweiz,BS,Iselin,world,Turkey,basel,Iselin
2024-12,Zuzug,2024,12,Ausländer,M,30,Europa (ohne Schweiz),Spanien,NA,NA,Schweiz,Schweiz,BS,Iselin,europe,Spain,basel,Iselin
2024-12,Zuzug,2024,12,Schweizer,W,30,Schweiz,Schweiz,SZ,NA,Schweiz,Schweiz,BS,Am Ring,switzerland,Schwyz,basel,Am Ring
2024-12,Zuzug,2024,12,Ausländer,M,30,Lateinamerika und Karibik,Brasilien,NA,NA,Schweiz,Schweiz,BS,Am Ring,world,Brazil,basel,Am Ring
2024-12,Wegzug,2024,12,Ausländer,W,30,Schweiz,Schweiz,BS,Gundeldingen,Schweiz,Schweiz,BE,NA,basel,Gundeldingen,switzerland,Bern
2024-12,Wegzug,2024,12,Ausländer,W,30,Schweiz,Schweiz,BS,Iselin,Europa (ohne Schweiz),Norwegen,Ausland,NA,basel,Iselin,europe,Norway
2024-12,Wegzug,2024,12,Ausländer,W,30,Schweiz,Schweiz,BS,Klybeck,Europa (ohne Schweiz),Frankreich,Ausland,NA,basel,Klybeck,europe,France
2024-12,Wegzug,2024,12,Ausländer,W,30,Schweiz,Schweiz,BS,Matthäus,Europa (ohne Schweiz),Frankreich,Ausland,NA,basel,Matthäus,europe,France
2024-12,Wegzug,2024,12,Ausländer,M,30,Schweiz,Schweiz,BS,Clara,Europa (ohne Schweiz),Ungarn,Ausland,NA,basel,Clara,europe,Hungary
2024-12,Wegzug,2024,12,Schweizer,M,30,Schweiz,Schweiz,BS,Breite,Schweiz,Schweiz,TI,NA,basel,Breite,switzerland,Ticino
2024-12,Wegzug,2024,12,Schweizer,M,30,Schweiz,Schweiz,BS,Breite,Schweiz,Schweiz,BL,NA,basel,Breite,switzerland,Basel-Landschaft
2024-12,Wegzug,2024,12,Schweizer,W,30,Schweiz,Schweiz,BS,Gotthelf,Schweiz,Schweiz,ZH,NA,basel,Gotthelf,switzerland,Zürich
2024-12,Zuzug,2024,12,Ausländer,M,30,Schweiz,Schweiz,BL,NA,Schweiz,Schweiz,BS,Bachletten,switzerland,Basel-Landschaft,basel,Bachletten
2024-12,Zuzug,2024,12,Ausländer,W,30,Europa (ohne Schweiz),Türkei,NA,NA,Schweiz,Schweiz,BS,Am Ring,world,Turkey,basel,Am Ring
2024-12,Zuzug,2024,12,Schweizer,M,30,Schweiz,Schweiz,AG,NA,Schweiz,Schweiz,BS,Gundeldingen,switzerland,Aargau,basel,Gundeldingen
2024-12,Zuzug,2024,12,Schweizer,M,30,Schweiz,Schweiz,ZH,NA,Schweiz,Schweiz,BS,Gundeldingen,switzerland,Zürich,basel,Gundeldingen
2024-12,Zuzug,2024,12,Schweizer,W,30,Schweiz,Schweiz,BL,NA,Schweiz,Schweiz,BS,Gundeldingen,switzerland,Basel-Landschaft,basel,Gundeldingen
2024-12,Zuzug,2024,12,Ausländer,W,30,Europa (ohne Schweiz),Niederlande,NA,NA,Schweiz,Schweiz,BS,Klybeck,europe,Netherlands,basel,Klybeck
2024-12,Zuzug,2024,12,Ausländer,W,30,Schweiz,Schweiz,BL,NA,Schweiz,Schweiz,BS,Rosental,switzerland,Basel-Landschaft,basel,Rosental
2024-12,Zuzug,2024,12,Ausländer,M,30,Europa (ohne Schweiz),Oesterreich,NA,NA,Schweiz,Schweiz,BS,Matthäus,europe,Austria,basel,Matthäus
2024-12,Zuzug,2024,12,Ausländer,M,30,Schweiz,Schweiz,ZH,NA,Schweiz,Schweiz,BS,Matthäus,switzerland,Zürich,basel,Matthäus
2024-12,Zuzug,2024,12,Schweizer,W,30,Schweiz,Schweiz,BL,NA,Schweiz,Schweiz,BS,Clara,switzerland,Basel-Landschaft,basel,Clara
2024-12,Zuzug,2024,12,Ausländer,M,30,Schweiz,Schweiz,VS,NA,Schweiz,Schweiz,BS,St. Johann,switzerland,Valais,basel,St. Johann
2024-12,Wegzug,2024,12,Schweizer,M,30,Schweiz,Schweiz,BS,Breite,Schweiz,Schweiz,BL,NA,basel,Breite,switzerland,Basel-Landschaft
2024-12,Wegzug,2024,12,Schweizer,M,30,Schweiz,Schweiz,BS,Gundeldingen,Schweiz,Schweiz,SG,NA,basel,Gundeldingen,switzerland,St. Gallen
2024-12,Wegzug,2024,12,Ausländer,M,30,Schweiz,Schweiz,BS,Am Ring,Europa (ohne Schweiz),Oesterreich,Ausland,NA,basel,Am Ring,europe,Austria
2024-12,Wegzug,2024,12,Ausländer,M,30,Schweiz,Schweiz,BS,Am Ring,Asien,Indien,Ausland,NA,basel,Am Ring,world,India
2024-12,Wegzug,2024,12,Ausländer,M,30,Schweiz,Schweiz,BS,Riehen,NA,NA,NA,NA,basel,Riehen,NA,NA
2024-12,Wegzug,2024,12,Schweizer,W,30,Schweiz,Schweiz,BS,Am Ring,Schweiz,Schweiz,SZ,NA,basel,Am Ring,switzerland,Schwyz
2024-12,Wegzug,2024,12,Schweizer,M,30,Schweiz,Schweiz,BS,Altstadt Kleinbasel,Schweiz,Schweiz,GR,NA,basel,Altstadt Kleinbasel,switzerland,Graubünden
2024-12,Wegzug,2024,12,Ausländer,M,30,Schweiz,Schweiz,BS,Gundeldingen,Schweiz,Schweiz,BL,NA,basel,Gundeldingen,switzerland,Basel-Landschaft
2024-12,Wegzug,2024,12,Schweizer,W,30,Schweiz,Schweiz,BS,Am Ring,Schweiz,Schweiz,AG,NA,basel,Am Ring,switzerland,Aargau
2024-12,Wegzug,2024,12,Ausländer,M,30,Schweiz,Schweiz,BS,St. Johann,Europa (ohne Schweiz),Italien,Ausland,NA,basel,St. Johann,europe,Italy
2024-12,Wegzug,2024,12,Ausländer,M,30,Schweiz,Schweiz,BS,St. Johann,Schweiz,Schweiz,BE,NA,basel,St. Johann,switzerland,Bern
2024-12,Wegzug,2024,12,Ausländer,W,30,Schweiz,Schweiz,BS,St. Johann,Schweiz,Schweiz,JU,NA,basel,St. Johann,switzerland,Jura
2024-12,Wegzug,2024,12,Ausländer,M,30,Schweiz,Schweiz,BS,Iselin,Schweiz,Schweiz,TG,NA,basel,Iselin,switzerland,Thurgau
2024-12,Wegzug,2024,12,Schweizer,M,30,Schweiz,Schweiz,BS,Riehen,Schweiz,Schweiz,ZH,NA,basel,Riehen,switzerland,Zürich
2024-12,Wegzug,2024,12,Ausländer,W,30,Schweiz,Schweiz,BS,St. Johann,Schweiz,Schweiz,GR,NA,basel,St. Johann,switzerland,Graubünden
2024-12,Wegzug,2024,12,Ausländer,W,30,Schweiz,Schweiz,BS,Clara,Europa (ohne Schweiz),Grossbritannien,Ausland,NA,basel,Clara,europe,United Kingdom
2024-12,Wegzug,2024,12,Schweizer,W,30,Schweiz,Schweiz,BS,Am Ring,Schweiz,Schweiz,AG,NA,basel,Am Ring,switzerland,Aargau
2024-12,Wegzug,2024,12,Ausländer,W,30,Schweiz,Schweiz,BS,Vorstädte,Europa (ohne Schweiz),Polen,Ausland,NA,basel,Vorstädte,europe,Poland
2024-12,Wegzug,2024,12,Ausländer,W,30,Schweiz,Schweiz,BS,Iselin,Europa (ohne Schweiz),Frankreich,Ausland,NA,basel,Iselin,europe,France
2024-12,Wegzug,2024,12,Schweizer,M,30,Schweiz,Schweiz,BS,St. Alban,Schweiz,Schweiz,SO,NA,basel,St. Alban,switzerland,Solothurn
2024-12,Wegzug,2024,12,Schweizer,W,30,Schweiz,Schweiz,BS,Altstadt Grossbasel,Schweiz,Schweiz,TG,NA,basel,Altstadt Grossbasel,switzerland,Thurgau
2024-12,Wegzug,2024,12,Schweizer,W,30,Schweiz,Schweiz,BS,Bachletten,Schweiz,Schweiz,BL,NA,basel,Bachletten,switzerland,Basel-Landschaft
2024-12,Zuzug,2024,12,Ausländer,M,30,Europa (ohne Schweiz),Deutschland,NA,NA,Schweiz,Schweiz,BS,Breite,europe,Germany,basel,Breite
2024-12,Zuzug,2024,12,Ausländer,M,30,Europa (ohne Schweiz),Deutschland,NA,NA,Schweiz,Schweiz,BS,Gotthelf,europe,Germany,basel,Gotthelf
2024-12,Zuzug,2024,12,Ausländer,M,30,Europa (ohne Schweiz),Deutschland,NA,NA,Schweiz,Schweiz,BS,St. Alban,europe,Germany,basel,St. Alban
2024-12,Zuzug,2024,12,Schweizer,M,30,Schweiz,Schweiz,BL,NA,Schweiz,Schweiz,BS,Am Ring,switzerland,Basel-Landschaft,basel,Am Ring
2024-12,Zuzug,2024,12,Schweizer,M,30,Schweiz,Schweiz,BL,NA,Schweiz,Schweiz,BS,Gundeldingen,switzerland,Basel-Landschaft,basel,Gundeldingen
2024-12,Zuzug,2024,12,Schweizer,M,30,Schweiz,Schweiz,BL,NA,Schweiz,Schweiz,BS,Hirzbrunnen,switzerland,Basel-Landschaft,basel,Hirzbrunnen
2024-12,Zuzug,2024,12,Ausländer,M,30,Schweiz,Schweiz,BL,NA,Schweiz,Schweiz,BS,Rosental,switzerland,Basel-Landschaft,basel,Rosental
2024-12,Zuzug,2024,12,Schweizer,M,30,Schweiz,Schweiz,AG,NA,Schweiz,Schweiz,BS,Gundeldingen,switzerland,Aargau,basel,Gundeldingen
2024-12,Zuzug,2024,12,Ausländer,W,30,Europa (ohne Schweiz),Italien,NA,NA,Schweiz,Schweiz,BS,Breite,europe,Italy,basel,Breite
2024-12,Zuzug,2024,12,Schweizer,M,30,Schweiz,Schweiz,SO,NA,Schweiz,Schweiz,BS,Iselin,switzerland,Solothurn,basel,Iselin
2024-12,Zuzug,2024,12,Ausländer,M,30,Europa (ohne Schweiz),Deutschland,NA,NA,Schweiz,Schweiz,BS,Gotthelf,europe,Germany,basel,Gotthelf
2024-12,Zuzug,2024,12,Schweizer,W,31,Schweiz,Schweiz,BL,NA,Schweiz,Schweiz,BS,Bachletten,switzerland,Basel-Landschaft,basel,Bachletten
2024-12,Zuzug,2024,12,Schweizer,W,31,Schweiz,Schweiz,ZH,NA,Schweiz,Schweiz,BS,Gundeldingen,switzerland,Zürich,basel,Gundeldingen
2024-12,Zuzug,2024,12,Schweizer,M,31,Asien,Thailand,NA,NA,Schweiz,Schweiz,BS,Bachletten,world,Thailand,basel,Bachletten
2024-12,Zuzug,2024,12,Ausländer,M,31,Europa (ohne Schweiz),Frankreich,NA,NA,Schweiz,Schweiz,BS,Klybeck,europe,France,basel,Klybeck
2024-12,Zuzug,2024,12,Schweizer,W,31,Schweiz,Schweiz,BL,NA,Schweiz,Schweiz,BS,Kleinhüningen,switzerland,Basel-Landschaft,basel,Kleinhüningen
2024-12,Zuzug,2024,12,Schweizer,M,31,Schweiz,Schweiz,BL,NA,Schweiz,Schweiz,BS,Hirzbrunnen,switzerland,Basel-Landschaft,basel,Hirzbrunnen
2024-12,Zuzug,2024,12,Ausländer,M,31,Schweiz,Schweiz,BL,NA,Schweiz,Schweiz,BS,Gotthelf,switzerland,Basel-Landschaft,basel,Gotthelf
2024-12,Wegzug,2024,12,Ausländer,W,31,Schweiz,Schweiz,BS,Klybeck,Schweiz,Schweiz,BL,NA,basel,Klybeck,switzerland,Basel-Landschaft
2024-12,Wegzug,2024,12,Ausländer,W,31,Schweiz,Schweiz,BS,Vorstädte,Asien,China,Ausland,NA,basel,Vorstädte,world,China
2024-12,Wegzug,2024,12,Ausländer,M,31,Schweiz,Schweiz,BS,Gotthelf,Schweiz,Schweiz,ZH,NA,basel,Gotthelf,switzerland,Zürich
2024-12,Wegzug,2024,12,Ausländer,W,31,Schweiz,Schweiz,BS,St. Johann,Afrika,Tunesien,Ausland,NA,basel,St. Johann,world,Tunisia
2024-12,Wegzug,2024,12,Ausländer,M,31,Schweiz,Schweiz,BS,Gotthelf,Europa (ohne Schweiz),Italien,Ausland,NA,basel,Gotthelf,europe,Italy
2024-12,Wegzug,2024,12,Schweizer,M,31,Schweiz,Schweiz,BS,Gotthelf,Schweiz,Schweiz,AG,NA,basel,Gotthelf,switzerland,Aargau
2024-12,Wegzug,2024,12,Ausländer,W,31,Schweiz,Schweiz,BS,Rosental,Europa (ohne Schweiz),Deutschland,Ausland,NA,basel,Rosental,europe,Germany
2024-12,Wegzug,2024,12,Ausländer,M,31,Schweiz,Schweiz,BS,Riehen,Europa (ohne Schweiz),Deutschland,Ausland,NA,basel,Riehen,europe,Germany
2024-12,Wegzug,2024,12,Ausländer,W,31,Schweiz,Schweiz,BS,Gundeldingen,Europa (ohne Schweiz),Oesterreich,Ausland,NA,basel,Gundeldingen,europe,Austria
2024-12,Wegzug,2024,12,Schweizer,M,31,Schweiz,Schweiz,BS,Bachletten,Schweiz,Schweiz,BE,NA,basel,Bachletten,switzerland,Bern
2024-12,Zuzug,2024,12,Ausländer,W,31,Europa (ohne Schweiz),Polen,NA,NA,Schweiz,Schweiz,BS,Klybeck,europe,Poland,basel,Klybeck
2024-12,Zuzug,2024,12,Schweizer,M,31,Schweiz,Schweiz,BL,NA,Schweiz,Schweiz,BS,Hirzbrunnen,switzerland,Basel-Landschaft,basel,Hirzbrunnen
2024-12,Zuzug,2024,12,Ausländer,M,31,Nordamerika,Vereinigte Staaten von Amerika,NA,NA,Schweiz,Schweiz,BS,Bachletten,world,United States of America,basel,Bachletten
2024-12,Zuzug,2024,12,Ausländer,M,31,Europa (ohne Schweiz),Frankreich,NA,NA,Schweiz,Schweiz,BS,Kleinhüningen,europe,France,basel,Kleinhüningen
2024-12,Zuzug,2024,12,Ausländer,M,31,Schweiz,Schweiz,SG,NA,Schweiz,Schweiz,BS,Gundeldingen,switzerland,St. Gallen,basel,Gundeldingen
2024-12,Zuzug,2024,12,Schweizer,M,31,Asien,Indonesien,NA,NA,Schweiz,Schweiz,BS,Bachletten,world,Indonesia,basel,Bachletten
2024-12,Zuzug,2024,12,Ausländer,W,31,Asien,China,NA,NA,Schweiz,Schweiz,BS,Gundeldingen,world,China,basel,Gundeldingen
2024-12,Zuzug,2024,12,Schweizer,M,31,Schweiz,Schweiz,BL,NA,Schweiz,Schweiz,BS,Clara,switzerland,Basel-Landschaft,basel,Clara
2024-12,Wegzug,2024,12,Ausländer,M,31,Schweiz,Schweiz,BS,Matthäus,Afrika,Marokko,Ausland,NA,basel,Matthäus,world,Morocco
2024-12,Wegzug,2024,12,Ausländer,M,31,Schweiz,Schweiz,BS,Bachletten,Schweiz,Schweiz,BL,NA,basel,Bachletten,switzerland,Basel-Landschaft
2024-12,Wegzug,2024,12,Schweizer,M,31,Schweiz,Schweiz,BS,St. Alban,Schweiz,Schweiz,BL,NA,basel,St. Alban,switzerland,Basel-Landschaft
2024-12,Wegzug,2024,12,Schweizer,M,31,Schweiz,Schweiz,BS,Am Ring,Schweiz,Schweiz,UR,NA,basel,Am Ring,switzerland,Uri
2024-12,Wegzug,2024,12,Schweizer,W,31,Schweiz,Schweiz,BS,Riehen,Schweiz,Schweiz,BE,NA,basel,Riehen,switzerland,Bern
2024-12,Wegzug,2024,12,Schweizer,W,31,Schweiz,Schweiz,BS,Breite,Schweiz,Schweiz,ZH,NA,basel,Breite,switzerland,Zürich
2024-12,Wegzug,2024,12,Ausländer,M,31,Schweiz,Schweiz,BS,Klybeck,Europa (ohne Schweiz),Frankreich,Ausland,NA,basel,Klybeck,europe,France
2024-12,Wegzug,2024,12,Schweizer,W,31,Schweiz,Schweiz,BS,Bachletten,Ozeanien,Australien,Ausland,NA,basel,Bachletten,world,Australia
2024-12,Wegzug,2024,12,Ausländer,M,31,Schweiz,Schweiz,BS,Matthäus,Schweiz,Schweiz,TG,NA,basel,Matthäus,switzerland,Thurgau
2024-12,Wegzug,2024,12,Ausländer,W,31,Schweiz,Schweiz,BS,Matthäus,Schweiz,Schweiz,BL,NA,basel,Matthäus,switzerland,Basel-Landschaft
2024-12,Wegzug,2024,12,Schweizer,M,31,Schweiz,Schweiz,BS,Wettstein,Schweiz,Schweiz,BL,NA,basel,Wettstein,switzerland,Basel-Landschaft
2024-12,Wegzug,2024,12,Ausländer,M,31,Schweiz,Schweiz,BS,Matthäus,Europa (ohne Schweiz),Slowakische Republik,Ausland,NA,basel,Matthäus,europe,Slovakia
2024-12,Wegzug,2024,12,Ausländer,M,31,Schweiz,Schweiz,BS,Iselin,Schweiz,Schweiz,AG,NA,basel,Iselin,switzerland,Aargau
2024-12,Wegzug,2024,12,Schweizer,W,31,Schweiz,Schweiz,BS,Iselin,Schweiz,Schweiz,SO,NA,basel,Iselin,switzerland,Solothurn
2024-12,Wegzug,2024,12,Schweizer,M,31,Schweiz,Schweiz,BS,Iselin,Schweiz,Schweiz,BL,NA,basel,Iselin,switzerland,Basel-Landschaft
2024-12,Wegzug,2024,12,Schweizer,W,31,Schweiz,Schweiz,BS,St. Johann,Schweiz,Schweiz,AG,NA,basel,St. Johann,switzerland,Aargau
2024-12,Wegzug,2024,12,Schweizer,W,31,Schweiz,Schweiz,BS,Bachletten,Asien,Vereinigte Arabische Emirate,Ausland,NA,basel,Bachletten,world,United Arab Emirates
2024-12,Wegzug,2024,12,Ausländer,W,31,Schweiz,Schweiz,BS,Gundeldingen,Europa (ohne Schweiz),Spanien,Ausland,NA,basel,Gundeldingen,europe,Spain
2024-12,Wegzug,2024,12,Ausländer,W,31,Schweiz,Schweiz,BS,St. Johann,Europa (ohne Schweiz),Deutschland,Ausland,NA,basel,St. Johann,europe,Germany
2024-12,Wegzug,2024,12,Schweizer,W,31,Schweiz,Schweiz,BS,Iselin,Schweiz,Schweiz,BL,NA,basel,Iselin,switzerland,Basel-Landschaft
2024-12,Wegzug,2024,12,Ausländer,M,31,Schweiz,Schweiz,BS,Matthäus,Europa (ohne Schweiz),Deutschland,Ausland,NA,basel,Matthäus,europe,Germany
2024-12,Wegzug,2024,12,Ausländer,W,31,Schweiz,Schweiz,BS,St. Johann,Europa (ohne Schweiz),Spanien,Ausland,NA,basel,St. Johann,europe,Spain
2024-12,Wegzug,2024,12,Schweizer,W,31,Schweiz,Schweiz,BS,Wettstein,Schweiz,Schweiz,BL,NA,basel,Wettstein,switzerland,Basel-Landschaft
2024-12,Zuzug,2024,12,Ausländer,M,31,Europa (ohne Schweiz),Deutschland,NA,NA,Schweiz,Schweiz,BS,Rosental,europe,Germany,basel,Rosental
2024-12,Zuzug,2024,12,Ausländer,W,31,Schweiz,Schweiz,VD,NA,Schweiz,Schweiz,BS,Wettstein,switzerland,Vaud,basel,Wettstein
2024-12,Zuzug,2024,12,Schweizer,W,31,Schweiz,Schweiz,BL,NA,Schweiz,Schweiz,BS,Iselin,switzerland,Basel-Landschaft,basel,Iselin
2024-12,Zuzug,2024,12,Schweizer,W,31,Schweiz,Schweiz,BL,NA,Schweiz,Schweiz,BS,Bachletten,switzerland,Basel-Landschaft,basel,Bachletten
2024-12,Zuzug,2024,12,Ausländer,M,31,Europa (ohne Schweiz),Deutschland,NA,NA,Schweiz,Schweiz,BS,St. Alban,europe,Germany,basel,St. Alban
2024-12,Zuzug,2024,12,Schweizer,M,31,Schweiz,Schweiz,BE,NA,Schweiz,Schweiz,BS,Rosental,switzerland,Bern,basel,Rosental
2024-12,Zuzug,2024,12,Ausländer,W,31,Europa (ohne Schweiz),Deutschland,NA,NA,Schweiz,Schweiz,BS,Riehen,europe,Germany,basel,Riehen
2024-12,Zuzug,2024,12,Schweizer,W,31,Schweiz,Schweiz,BL,NA,Schweiz,Schweiz,BS,Gundeldingen,switzerland,Basel-Landschaft,basel,Gundeldingen
2024-12,Zuzug,2024,12,Schweizer,W,31,Schweiz,Schweiz,BE,NA,Schweiz,Schweiz,BS,St. Johann,switzerland,Bern,basel,St. Johann
2024-12,Zuzug,2024,12,Ausländer,M,31,Europa (ohne Schweiz),Deutschland,NA,NA,Schweiz,Schweiz,BS,Rosental,europe,Germany,basel,Rosental
2024-12,Zuzug,2024,12,Ausländer,M,32,Schweiz,Schweiz,BL,NA,Schweiz,Schweiz,BS,Rosental,switzerland,Basel-Landschaft,basel,Rosental
2024-12,Zuzug,2024,12,Schweizer,M,32,Europa (ohne Schweiz),Deutschland,NA,NA,Schweiz,Schweiz,BS,Matthäus,europe,Germany,basel,Matthäus
2024-12,Zuzug,2024,12,Schweizer,M,32,Schweiz,Schweiz,SO,NA,Schweiz,Schweiz,BS,Gundeldingen,switzerland,Solothurn,basel,Gundeldingen
2024-12,Zuzug,2024,12,Schweizer,M,32,Schweiz,Schweiz,BL,NA,Schweiz,Schweiz,BS,Klybeck,switzerland,Basel-Landschaft,basel,Klybeck
2024-12,Zuzug,2024,12,Ausländer,W,32,Asien,Singapur,NA,NA,Schweiz,Schweiz,BS,Am Ring,world,Malaysia,basel,Am Ring
2024-12,Zuzug,2024,12,Schweizer,M,32,Schweiz,Schweiz,ZH,NA,Schweiz,Schweiz,BS,Vorstädte,switzerland,Zürich,basel,Vorstädte
2024-12,Zuzug,2024,12,Schweizer,W,32,Schweiz,Schweiz,BL,NA,Schweiz,Schweiz,BS,Gundeldingen,switzerland,Basel-Landschaft,basel,Gundeldingen
2024-12,Zuzug,2024,12,Ausländer,W,32,Schweiz,Schweiz,VS,NA,Schweiz,Schweiz,BS,Bachletten,switzerland,Valais,basel,Bachletten
2024-12,Wegzug,2024,12,Ausländer,W,32,Schweiz,Schweiz,BS,Matthäus,Schweiz,Schweiz,BL,NA,basel,Matthäus,switzerland,Basel-Landschaft
2024-12,Wegzug,2024,12,Ausländer,M,32,Schweiz,Schweiz,BS,Wettstein,Europa (ohne Schweiz),Italien,Ausland,NA,basel,Wettstein,europe,Italy
2024-12,Wegzug,2024,12,Ausländer,M,32,Schweiz,Schweiz,BS,Am Ring,Europa (ohne Schweiz),Deutschland,Ausland,NA,basel,Am Ring,europe,Germany
2024-12,Wegzug,2024,12,Schweizer,M,32,Schweiz,Schweiz,BS,Vorstädte,Schweiz,Schweiz,BL,NA,basel,Vorstädte,switzerland,Basel-Landschaft
2024-12,Wegzug,2024,12,Schweizer,W,32,Schweiz,Schweiz,BS,Am Ring,Schweiz,Schweiz,SO,NA,basel,Am Ring,switzerland,Solothurn
2024-12,Wegzug,2024,12,Ausländer,M,32,Schweiz,Schweiz,BS,Wettstein,Europa (ohne Schweiz),Spanien,Ausland,NA,basel,Wettstein,europe,Spain
2024-12,Wegzug,2024,12,Schweizer,M,32,Schweiz,Schweiz,BS,Iselin,NA,NA,NA,NA,basel,Iselin,NA,NA
2024-12,Wegzug,2024,12,Ausländer,W,32,Schweiz,Schweiz,BS,Gundeldingen,Ozeanien,Australien,Ausland,NA,basel,Gundeldingen,world,Australia
2024-12,Wegzug,2024,12,Ausländer,M,32,Schweiz,Schweiz,BS,Gundeldingen,Europa (ohne Schweiz),Deutschland,Ausland,NA,basel,Gundeldingen,europe,Germany
2024-12,Zuzug,2024,12,Schweizer,M,32,Europa (ohne Schweiz),Grossbritannien,NA,NA,Schweiz,Schweiz,BS,Iselin,europe,United Kingdom,basel,Iselin
2024-12,Zuzug,2024,12,Ausländer,W,32,Europa (ohne Schweiz),Rumänien,NA,NA,Schweiz,Schweiz,BS,Rosental,europe,Romania,basel,Rosental
2024-12,Zuzug,2024,12,Schweizer,W,32,Schweiz,Schweiz,ZH,NA,Schweiz,Schweiz,BS,Gundeldingen,switzerland,Zürich,basel,Gundeldingen
2024-12,Zuzug,2024,12,Ausländer,M,32,Schweiz,Schweiz,BE,NA,Schweiz,Schweiz,BS,Bachletten,switzerland,Bern,basel,Bachletten
2024-12,Zuzug,2024,12,Ausländer,W,32,Asien,Indien,NA,NA,Schweiz,Schweiz,BS,Gundeldingen,world,India,basel,Gundeldingen
2024-12,Wegzug,2024,12,Ausländer,M,32,Schweiz,Schweiz,BS,Clara,Europa (ohne Schweiz),Grossbritannien,Ausland,NA,basel,Clara,europe,United Kingdom
2024-12,Wegzug,2024,12,Ausländer,M,32,Schweiz,Schweiz,BS,Am Ring,Schweiz,Schweiz,GR,NA,basel,Am Ring,switzerland,Graubünden
2024-12,Wegzug,2024,12,Schweizer,W,32,Schweiz,Schweiz,BS,Iselin,Schweiz,Schweiz,ZG,NA,basel,Iselin,switzerland,Zug
2024-12,Wegzug,2024,12,Ausländer,M,32,Schweiz,Schweiz,BS,Iselin,Europa (ohne Schweiz),Frankreich,Ausland,NA,basel,Iselin,europe,France
2024-12,Wegzug,2024,12,Ausländer,M,32,Schweiz,Schweiz,BS,Bachletten,Europa (ohne Schweiz),Grossbritannien,Ausland,NA,basel,Bachletten,europe,United Kingdom
2024-12,Wegzug,2024,12,Ausländer,M,32,Schweiz,Schweiz,BS,St. Johann,Schweiz,Schweiz,BL,NA,basel,St. Johann,switzerland,Basel-Landschaft
2024-12,Wegzug,2024,12,Ausländer,W,32,Schweiz,Schweiz,BS,St. Alban,Schweiz,Schweiz,BL,NA,basel,St. Alban,switzerland,Basel-Landschaft
2024-12,Wegzug,2024,12,Ausländer,W,32,Schweiz,Schweiz,BS,St. Johann,Schweiz,Schweiz,ZH,NA,basel,St. Johann,switzerland,Zürich
2024-12,Wegzug,2024,12,Ausländer,M,32,Schweiz,Schweiz,BS,Klybeck,Schweiz,Schweiz,JU,NA,basel,Klybeck,switzerland,Jura
2024-12,Wegzug,2024,12,Ausländer,M,32,Schweiz,Schweiz,BS,Klybeck,Schweiz,Schweiz,LU,NA,basel,Klybeck,switzerland,Luzern
2024-12,Wegzug,2024,12,Ausländer,W,32,Schweiz,Schweiz,BS,St. Johann,Schweiz,Schweiz,VS,NA,basel,St. Johann,switzerland,Valais
2024-12,Wegzug,2024,12,Schweizer,W,32,Schweiz,Schweiz,BS,Riehen,Schweiz,Schweiz,ZH,NA,basel,Riehen,switzerland,Zürich
2024-12,Wegzug,2024,12,Schweizer,M,32,Schweiz,Schweiz,BS,Vorstädte,Schweiz,Schweiz,ZH,NA,basel,Vorstädte,switzerland,Zürich
2024-12,Wegzug,2024,12,Ausländer,W,32,Schweiz,Schweiz,BS,St. Johann,Schweiz,Schweiz,BL,NA,basel,St. Johann,switzerland,Basel-Landschaft
2024-12,Wegzug,2024,12,Ausländer,W,32,Schweiz,Schweiz,BS,Gundeldingen,Schweiz,Schweiz,AG,NA,basel,Gundeldingen,switzerland,Aargau
2024-12,Wegzug,2024,12,Schweizer,W,32,Schweiz,Schweiz,BS,Klybeck,Schweiz,Schweiz,ZG,NA,basel,Klybeck,switzerland,Zug
2024-12,Wegzug,2024,12,Schweizer,M,32,Schweiz,Schweiz,BS,Altstadt Kleinbasel,Schweiz,Schweiz,BL,NA,basel,Altstadt Kleinbasel,switzerland,Basel-Landschaft
2024-12,Wegzug,2024,12,Schweizer,M,32,Schweiz,Schweiz,BS,Iselin,Schweiz,Schweiz,BL,NA,basel,Iselin,switzerland,Basel-Landschaft
2024-12,Wegzug,2024,12,Ausländer,W,32,Schweiz,Schweiz,BS,Gundeldingen,Schweiz,Schweiz,VD,NA,basel,Gundeldingen,switzerland,Vaud
2024-12,Wegzug,2024,12,Ausländer,W,32,Schweiz,Schweiz,BS,Vorstädte,Europa (ohne Schweiz),Ukraine,Ausland,NA,basel,Vorstädte,europe,Ukraine
2024-12,Wegzug,2024,12,Ausländer,M,32,Schweiz,Schweiz,BS,Bachletten,Europa (ohne Schweiz),Grossbritannien,Ausland,NA,basel,Bachletten,europe,United Kingdom
2024-12,Wegzug,2024,12,Schweizer,M,32,Schweiz,Schweiz,BS,Iselin,Europa (ohne Schweiz),Spanien,Ausland,NA,basel,Iselin,europe,Spain
2024-12,Zuzug,2024,12,Ausländer,M,32,Europa (ohne Schweiz),Deutschland,NA,NA,Schweiz,Schweiz,BS,Bachletten,europe,Germany,basel,Bachletten
2024-12,Zuzug,2024,12,Ausländer,M,32,Schweiz,Schweiz,TG,NA,Schweiz,Schweiz,BS,Gotthelf,switzerland,Thurgau,basel,Gotthelf
2024-12,Zuzug,2024,12,Ausländer,W,32,Nordamerika,Vereinigte Staaten von Amerika,NA,NA,Schweiz,Schweiz,BS,Matthäus,world,United States of America,basel,Matthäus
2024-12,Zuzug,2024,12,Schweizer,W,32,Schweiz,Schweiz,BL,NA,Schweiz,Schweiz,BS,Wettstein,switzerland,Basel-Landschaft,basel,Wettstein
2024-12,Zuzug,2024,12,Ausländer,W,32,Asien,Taiwan (Chinesisches Taipei),NA,NA,Schweiz,Schweiz,BS,St. Johann,world,Taiwan,basel,St. Johann
2024-12,Zuzug,2024,12,Ausländer,W,33,Schweiz,Schweiz,TG,NA,Schweiz,Schweiz,BS,Gotthelf,switzerland,Thurgau,basel,Gotthelf
2024-12,Zuzug,2024,12,Ausländer,M,33,Europa (ohne Schweiz),Deutschland,NA,NA,Schweiz,Schweiz,BS,Iselin,europe,Germany,basel,Iselin
2024-12,Zuzug,2024,12,Ausländer,W,33,Nordamerika,Vereinigte Staaten von Amerika,NA,NA,Schweiz,Schweiz,BS,Am Ring,world,United States of America,basel,Am Ring
2024-12,Zuzug,2024,12,Ausländer,M,33,Asien,Indien,NA,NA,Schweiz,Schweiz,BS,Gundeldingen,world,India,basel,Gundeldingen
2024-12,Zuzug,2024,12,Ausländer,M,33,Asien,Taiwan (Chinesisches Taipei),NA,NA,Schweiz,Schweiz,BS,St. Johann,world,Taiwan,basel,St. Johann
2024-12,Wegzug,2024,12,Schweizer,W,33,Schweiz,Schweiz,BS,St. Johann,Schweiz,Schweiz,JU,NA,basel,St. Johann,switzerland,Jura
2024-12,Wegzug,2024,12,Schweizer,W,33,Schweiz,Schweiz,BS,Iselin,Schweiz,Schweiz,TG,NA,basel,Iselin,switzerland,Thurgau
2024-12,Wegzug,2024,12,Ausländer,W,33,Schweiz,Schweiz,BS,Altstadt Kleinbasel,Asien,Thailand,Ausland,NA,basel,Altstadt Kleinbasel,world,Thailand
2024-12,Wegzug,2024,12,Ausländer,M,33,Schweiz,Schweiz,BS,Iselin,Europa (ohne Schweiz),Tschechische Republik,Ausland,NA,basel,Iselin,europe,Czechia
2024-12,Wegzug,2024,12,Schweizer,M,33,Schweiz,Schweiz,BS,Wettstein,Europa (ohne Schweiz),Deutschland,Ausland,NA,basel,Wettstein,europe,Germany
2024-12,Wegzug,2024,12,Schweizer,M,33,Schweiz,Schweiz,BS,Gundeldingen,Europa (ohne Schweiz),Frankreich,Ausland,NA,basel,Gundeldingen,europe,France
2024-12,Wegzug,2024,12,Ausländer,M,33,Schweiz,Schweiz,BS,St. Johann,Schweiz,Schweiz,GR,NA,basel,St. Johann,switzerland,Graubünden
2024-12,Wegzug,2024,12,Schweizer,M,33,Schweiz,Schweiz,BS,Gotthelf,Schweiz,Schweiz,ZH,NA,basel,Gotthelf,switzerland,Zürich
2024-12,Wegzug,2024,12,Schweizer,M,33,Schweiz,Schweiz,BS,Matthäus,Schweiz,Schweiz,BE,NA,basel,Matthäus,switzerland,Bern
2024-12,Wegzug,2024,12,Ausländer,W,33,Schweiz,Schweiz,BS,Rosental,Asien,China,Ausland,NA,basel,Rosental,world,China
2024-12,Zuzug,2024,12,Ausländer,M,33,Europa (ohne Schweiz),Deutschland,NA,NA,Schweiz,Schweiz,BS,Rosental,europe,Germany,basel,Rosental
2024-12,Zuzug,2024,12,Ausländer,M,33,Schweiz,Schweiz,BL,NA,Schweiz,Schweiz,BS,Clara,switzerland,Basel-Landschaft,basel,Clara
2024-12,Zuzug,2024,12,Ausländer,W,33,Schweiz,Schweiz,BL,NA,Schweiz,Schweiz,BS,St. Alban,switzerland,Basel-Landschaft,basel,St. Alban
2024-12,Zuzug,2024,12,Ausländer,M,33,Europa (ohne Schweiz),Deutschland,NA,NA,Schweiz,Schweiz,BS,Altstadt Kleinbasel,europe,Germany,basel,Altstadt Kleinbasel
2024-12,Zuzug,2024,12,Ausländer,M,33,Europa (ohne Schweiz),Deutschland,NA,NA,Schweiz,Schweiz,BS,Gundeldingen,europe,Germany,basel,Gundeldingen
2024-12,Zuzug,2024,12,Schweizer,M,33,Europa (ohne Schweiz),Deutschland,NA,NA,Schweiz,Schweiz,BS,Gundeldingen,europe,Germany,basel,Gundeldingen
2024-12,Zuzug,2024,12,Ausländer,M,33,Schweiz,Schweiz,BL,NA,Schweiz,Schweiz,BS,Breite,switzerland,Basel-Landschaft,basel,Breite
2024-12,Zuzug,2024,12,Ausländer,W,33,Asien,Israel,NA,NA,Schweiz,Schweiz,BS,Breite,world,Israel,basel,Breite
2024-12,Zuzug,2024,12,Ausländer,W,33,Europa (ohne Schweiz),Ukraine,NA,NA,Schweiz,Schweiz,BS,Vorstädte,europe,Ukraine,basel,Vorstädte
2024-12,Zuzug,2024,12,Ausländer,M,33,Schweiz,Schweiz,BL,NA,Schweiz,Schweiz,BS,Gundeldingen,switzerland,Basel-Landschaft,basel,Gundeldingen
2024-12,Wegzug,2024,12,Ausländer,M,33,Schweiz,Schweiz,BS,Matthäus,Schweiz,Schweiz,TI,NA,basel,Matthäus,switzerland,Ticino
2024-12,Wegzug,2024,12,Ausländer,W,33,Schweiz,Schweiz,BS,Breite,Europa (ohne Schweiz),Frankreich,Ausland,NA,basel,Breite,europe,France
2024-12,Wegzug,2024,12,Ausländer,M,33,Schweiz,Schweiz,BS,Matthäus,Asien,Indien,Ausland,NA,basel,Matthäus,world,India
2024-12,Wegzug,2024,12,Schweizer,M,33,Schweiz,Schweiz,BS,Vorstädte,Schweiz,Schweiz,BL,NA,basel,Vorstädte,switzerland,Basel-Landschaft
2024-12,Wegzug,2024,12,Ausländer,M,33,Schweiz,Schweiz,BS,Matthäus,Europa (ohne Schweiz),Frankreich,Ausland,NA,basel,Matthäus,europe,France
2024-12,Wegzug,2024,12,Schweizer,M,33,Schweiz,Schweiz,BS,St. Johann,Schweiz,Schweiz,BL,NA,basel,St. Johann,switzerland,Basel-Landschaft
2024-12,Wegzug,2024,12,Schweizer,M,33,Schweiz,Schweiz,BS,Riehen,Schweiz,Schweiz,ZH,NA,basel,Riehen,switzerland,Zürich
2024-12,Wegzug,2024,12,Ausländer,M,33,Schweiz,Schweiz,BS,Am Ring,Afrika,Tansania,Ausland,NA,basel,Am Ring,world,Tanzania
2024-12,Wegzug,2024,12,Schweizer,M,33,Schweiz,Schweiz,BS,Breite,Schweiz,Schweiz,BL,NA,basel,Breite,switzerland,Basel-Landschaft
2024-12,Wegzug,2024,12,Schweizer,W,33,Schweiz,Schweiz,BS,Iselin,Asien,Indonesien,Ausland,NA,basel,Iselin,world,Indonesia
2024-12,Wegzug,2024,12,Ausländer,M,33,Schweiz,Schweiz,BS,Am Ring,Lateinamerika und Karibik,Mexiko,Ausland,NA,basel,Am Ring,world,Mexico
2024-12,Wegzug,2024,12,Ausländer,W,33,Schweiz,Schweiz,BS,Gundeldingen,Schweiz,Schweiz,VD,NA,basel,Gundeldingen,switzerland,Vaud
2024-12,Wegzug,2024,12,Ausländer,W,33,Schweiz,Schweiz,BS,Iselin,Schweiz,Schweiz,BE,NA,basel,Iselin,switzerland,Bern
2024-12,Wegzug,2024,12,Schweizer,W,33,Schweiz,Schweiz,BS,St. Johann,Schweiz,Schweiz,SO,NA,basel,St. Johann,switzerland,Solothurn
2024-12,Wegzug,2024,12,Schweizer,W,33,Schweiz,Schweiz,BS,St. Alban,Europa (ohne Schweiz),Italien,Ausland,NA,basel,St. Alban,europe,Italy
2024-12,Wegzug,2024,12,Schweizer,M,33,Schweiz,Schweiz,BS,Gotthelf,Schweiz,Schweiz,BL,NA,basel,Gotthelf,switzerland,Basel-Landschaft
2024-12,Wegzug,2024,12,Schweizer,W,33,Schweiz,Schweiz,BS,Gotthelf,Schweiz,Schweiz,AG,NA,basel,Gotthelf,switzerland,Aargau
2024-12,Wegzug,2024,12,Schweizer,W,33,Schweiz,Schweiz,BS,Vorstädte,Schweiz,Schweiz,BL,NA,basel,Vorstädte,switzerland,Basel-Landschaft
2024-12,Wegzug,2024,12,Schweizer,M,33,Schweiz,Schweiz,BS,Clara,NA,NA,NA,NA,basel,Clara,NA,NA
2024-12,Wegzug,2024,12,Ausländer,W,33,Schweiz,Schweiz,BS,Iselin,Europa (ohne Schweiz),Schweden,Ausland,NA,basel,Iselin,europe,Sweden
2024-12,Wegzug,2024,12,Ausländer,W,33,Schweiz,Schweiz,BS,Iselin,Europa (ohne Schweiz),Deutschland,Ausland,NA,basel,Iselin,europe,Germany
2024-12,Wegzug,2024,12,Schweizer,M,33,Schweiz,Schweiz,BS,St. Johann,Schweiz,Schweiz,SO,NA,basel,St. Johann,switzerland,Solothurn
2024-12,Wegzug,2024,12,Schweizer,W,33,Schweiz,Schweiz,BS,Altstadt Grossbasel,Schweiz,Schweiz,AG,NA,basel,Altstadt Grossbasel,switzerland,Aargau
2024-12,Zuzug,2024,12,Ausländer,M,33,Europa (ohne Schweiz),Deutschland,NA,NA,Schweiz,Schweiz,BS,St. Johann,europe,Germany,basel,St. Johann
2024-12,Zuzug,2024,12,Ausländer,M,33,Europa (ohne Schweiz),Serbien,NA,NA,Schweiz,Schweiz,BS,Iselin,europe,Serbia,basel,Iselin
2024-12,Zuzug,2024,12,Ausländer,W,33,Europa (ohne Schweiz),Bosnien-Herzegowina,NA,NA,Schweiz,Schweiz,BS,Kleinhüningen,europe,Bosnia and Herz.,basel,Kleinhüningen
2024-12,Zuzug,2024,12,Schweizer,M,33,Europa (ohne Schweiz),Deutschland,NA,NA,Schweiz,Schweiz,BS,Gundeldingen,europe,Germany,basel,Gundeldingen
2024-12,Zuzug,2024,12,Ausländer,M,34,NA,NA,NA,NA,Schweiz,Schweiz,BS,Vorstädte,NA,NA,basel,Vorstädte
2024-12,Zuzug,2024,12,Ausländer,W,34,Europa (ohne Schweiz),Deutschland,NA,NA,Schweiz,Schweiz,BS,Wettstein,europe,Germany,basel,Wettstein
2024-12,Zuzug,2024,12,Ausländer,W,34,Asien,Indien,NA,NA,Schweiz,Schweiz,BS,Rosental,world,India,basel,Rosental
2024-12,Zuzug,2024,12,Schweizer,W,34,Europa (ohne Schweiz),Frankreich,NA,NA,Schweiz,Schweiz,BS,Matthäus,europe,France,basel,Matthäus
2024-12,Wegzug,2024,12,Schweizer,W,34,Schweiz,Schweiz,BS,Iselin,Schweiz,Schweiz,BL,NA,basel,Iselin,switzerland,Basel-Landschaft
2024-12,Wegzug,2024,12,Ausländer,M,34,Schweiz,Schweiz,BS,Gundeldingen,NA,NA,NA,NA,basel,Gundeldingen,NA,NA
2024-12,Wegzug,2024,12,Schweizer,M,34,Schweiz,Schweiz,BS,Gundeldingen,Schweiz,Schweiz,ZH,NA,basel,Gundeldingen,switzerland,Zürich
2024-12,Wegzug,2024,12,Ausländer,W,34,Schweiz,Schweiz,BS,St. Alban,Nordamerika,Vereinigte Staaten von Amerika,Ausland,NA,basel,St. Alban,world,United States of America
2024-12,Wegzug,2024,12,Ausländer,W,34,Schweiz,Schweiz,BS,St. Alban,Asien,Indien,Ausland,NA,basel,St. Alban,world,India
2024-12,Wegzug,2024,12,Ausländer,W,34,Schweiz,Schweiz,BS,Am Ring,Europa (ohne Schweiz),Deutschland,Ausland,NA,basel,Am Ring,europe,Germany
2024-12,Wegzug,2024,12,Schweizer,W,34,Schweiz,Schweiz,BS,Breite,Schweiz,Schweiz,BL,NA,basel,Breite,switzerland,Basel-Landschaft
2024-12,Wegzug,2024,12,Ausländer,M,34,Schweiz,Schweiz,BS,Rosental,Europa (ohne Schweiz),Deutschland,Ausland,NA,basel,Rosental,europe,Germany
2024-12,Wegzug,2024,12,Schweizer,M,34,Schweiz,Schweiz,BS,Breite,Schweiz,Schweiz,BL,NA,basel,Breite,switzerland,Basel-Landschaft
2024-12,Wegzug,2024,12,Schweizer,W,34,Schweiz,Schweiz,BS,St. Alban,Schweiz,Schweiz,BL,NA,basel,St. Alban,switzerland,Basel-Landschaft
2024-12,Wegzug,2024,12,Ausländer,M,34,Schweiz,Schweiz,BS,Vorstädte,Europa (ohne Schweiz),Deutschland,Ausland,NA,basel,Vorstädte,europe,Germany
2024-12,Wegzug,2024,12,Schweizer,W,34,Schweiz,Schweiz,BS,Wettstein,Europa (ohne Schweiz),Grossbritannien,Ausland,NA,basel,Wettstein,europe,United Kingdom
2024-12,Wegzug,2024,12,Schweizer,W,34,Schweiz,Schweiz,BS,Matthäus,Europa (ohne Schweiz),Grossbritannien,Ausland,NA,basel,Matthäus,europe,United Kingdom
2024-12,Zuzug,2024,12,Schweizer,W,34,Schweiz,Schweiz,BL,NA,Schweiz,Schweiz,BS,Bruderholz,switzerland,Basel-Landschaft,basel,Bruderholz
2024-12,Zuzug,2024,12,Ausländer,W,34,Europa (ohne Schweiz),Deutschland,NA,NA,Schweiz,Schweiz,BS,Am Ring,europe,Germany,basel,Am Ring
2024-12,Zuzug,2024,12,Ausländer,W,34,Europa (ohne Schweiz),Deutschland,NA,NA,Schweiz,Schweiz,BS,Iselin,europe,Germany,basel,Iselin
2024-12,Zuzug,2024,12,Ausländer,W,34,Schweiz,Schweiz,BL,NA,Schweiz,Schweiz,BS,Rosental,switzerland,Basel-Landschaft,basel,Rosental
2024-12,Zuzug,2024,12,Ausländer,M,34,Europa (ohne Schweiz),Deutschland,NA,NA,Schweiz,Schweiz,BS,Gundeldingen,europe,Germany,basel,Gundeldingen
2024-12,Zuzug,2024,12,Schweizer,W,34,Schweiz,Schweiz,SO,NA,Schweiz,Schweiz,BS,Gotthelf,switzerland,Solothurn,basel,Gotthelf
2024-12,Zuzug,2024,12,Ausländer,M,34,Asien,Indien,NA,NA,Schweiz,Schweiz,BS,Wettstein,world,India,basel,Wettstein
2024-12,Wegzug,2024,12,Schweizer,W,34,Schweiz,Schweiz,BS,St. Alban,Schweiz,Schweiz,BL,NA,basel,St. Alban,switzerland,Basel-Landschaft
2024-12,Wegzug,2024,12,Ausländer,M,34,Schweiz,Schweiz,BS,Wettstein,Europa (ohne Schweiz),Deutschland,Ausland,NA,basel,Wettstein,europe,Germany
2024-12,Wegzug,2024,12,Schweizer,M,34,Schweiz,Schweiz,BS,Am Ring,Schweiz,Schweiz,BL,NA,basel,Am Ring,switzerland,Basel-Landschaft
2024-12,Wegzug,2024,12,Ausländer,M,34,Schweiz,Schweiz,BS,Am Ring,Afrika,Kenia,Ausland,NA,basel,Am Ring,world,Kenya
2024-12,Wegzug,2024,12,Schweizer,M,34,Schweiz,Schweiz,BS,Breite,Schweiz,Schweiz,LU,NA,basel,Breite,switzerland,Luzern
2024-12,Wegzug,2024,12,Ausländer,W,34,Schweiz,Schweiz,BS,Hirzbrunnen,Europa (ohne Schweiz),Spanien,Ausland,NA,basel,Hirzbrunnen,europe,Spain
2024-12,Wegzug,2024,12,Schweizer,M,34,Schweiz,Schweiz,BS,Iselin,Schweiz,Schweiz,BL,NA,basel,Iselin,switzerland,Basel-Landschaft
2024-12,Wegzug,2024,12,Ausländer,W,34,Schweiz,Schweiz,BS,Am Ring,Lateinamerika und Karibik,Mexiko,Ausland,NA,basel,Am Ring,world,Mexico
2024-12,Wegzug,2024,12,Schweizer,M,34,Schweiz,Schweiz,BS,Am Ring,Schweiz,Schweiz,TI,NA,basel,Am Ring,switzerland,Ticino
2024-12,Wegzug,2024,12,Schweizer,W,34,Schweiz,Schweiz,BS,Matthäus,Europa (ohne Schweiz),Frankreich,Ausland,NA,basel,Matthäus,europe,France
2024-12,Wegzug,2024,12,Ausländer,W,34,Schweiz,Schweiz,BS,Klybeck,Schweiz,Schweiz,TI,NA,basel,Klybeck,switzerland,Ticino
2024-12,Wegzug,2024,12,Ausländer,M,34,Schweiz,Schweiz,BS,Altstadt Kleinbasel,Schweiz,Schweiz,NE,NA,basel,Altstadt Kleinbasel,switzerland,Neuchâtel
2024-12,Wegzug,2024,12,Ausländer,W,34,Schweiz,Schweiz,BS,Gundeldingen,Europa (ohne Schweiz),Niederlande,Ausland,NA,basel,Gundeldingen,europe,Netherlands
2024-12,Wegzug,2024,12,Ausländer,W,34,Schweiz,Schweiz,BS,Vorstädte,Europa (ohne Schweiz),Frankreich,Ausland,NA,basel,Vorstädte,europe,France
2024-12,Wegzug,2024,12,Ausländer,M,34,Schweiz,Schweiz,BS,St. Alban,Nordamerika,Vereinigte Staaten von Amerika,Ausland,NA,basel,St. Alban,world,United States of America
2024-12,Wegzug,2024,12,Ausländer,W,34,Schweiz,Schweiz,BS,Klybeck,Schweiz,Schweiz,BL,NA,basel,Klybeck,switzerland,Basel-Landschaft
2024-12,Zuzug,2024,12,Ausländer,M,34,Schweiz,Schweiz,BL,NA,Schweiz,Schweiz,BS,St. Alban,switzerland,Basel-Landschaft,basel,St. Alban
2024-12,Zuzug,2024,12,Ausländer,W,34,Schweiz,Schweiz,BL,NA,Schweiz,Schweiz,BS,Iselin,switzerland,Basel-Landschaft,basel,Iselin
2024-12,Zuzug,2024,12,Schweizer,W,34,Schweiz,Schweiz,BE,NA,Schweiz,Schweiz,BS,Am Ring,switzerland,Bern,basel,Am Ring
2024-12,Zuzug,2024,12,Ausländer,M,34,Schweiz,Schweiz,BL,NA,Schweiz,Schweiz,BS,Riehen,switzerland,Basel-Landschaft,basel,Riehen
2024-12,Zuzug,2024,12,Schweizer,M,34,NA,NA,NA,NA,Schweiz,Schweiz,BS,St. Alban,NA,NA,basel,St. Alban
2024-12,Zuzug,2024,12,Ausländer,M,34,Schweiz,Schweiz,ZH,NA,Schweiz,Schweiz,BS,Rosental,switzerland,Zürich,basel,Rosental
2024-12,Zuzug,2024,12,Schweizer,M,34,Schweiz,Schweiz,AG,NA,Schweiz,Schweiz,BS,St. Johann,switzerland,Aargau,basel,St. Johann
2024-12,Zuzug,2024,12,Schweizer,M,34,Schweiz,Schweiz,GE,NA,Schweiz,Schweiz,BS,Iselin,switzerland,Genève,basel,Iselin
2024-12,Zuzug,2024,12,Schweizer,W,34,Schweiz,Schweiz,LU,NA,Schweiz,Schweiz,BS,Klybeck,switzerland,Luzern,basel,Klybeck
2024-12,Zuzug,2024,12,Ausländer,M,34,Europa (ohne Schweiz),Deutschland,NA,NA,Schweiz,Schweiz,BS,Matthäus,europe,Germany,basel,Matthäus
2024-12,Zuzug,2024,12,Schweizer,W,35,Schweiz,Schweiz,ZH,NA,Schweiz,Schweiz,BS,Matthäus,switzerland,Zürich,basel,Matthäus
2024-12,Zuzug,2024,12,Schweizer,M,35,Schweiz,Schweiz,AG,NA,Schweiz,Schweiz,BS,Hirzbrunnen,switzerland,Aargau,basel,Hirzbrunnen
2024-12,Zuzug,2024,12,Ausländer,M,35,Europa (ohne Schweiz),Deutschland,NA,NA,Schweiz,Schweiz,BS,Hirzbrunnen,europe,Germany,basel,Hirzbrunnen
2024-12,Wegzug,2024,12,Ausländer,M,35,Schweiz,Schweiz,BS,Iselin,Europa (ohne Schweiz),Frankreich,Ausland,NA,basel,Iselin,europe,France
2024-12,Wegzug,2024,12,Ausländer,M,35,Schweiz,Schweiz,BS,Iselin,Schweiz,Schweiz,BE,NA,basel,Iselin,switzerland,Bern
2024-12,Wegzug,2024,12,Schweizer,M,35,Schweiz,Schweiz,BS,Klybeck,Europa (ohne Schweiz),Frankreich,Ausland,NA,basel,Klybeck,europe,France
2024-12,Wegzug,2024,12,Ausländer,M,35,Schweiz,Schweiz,BS,Hirzbrunnen,Europa (ohne Schweiz),Deutschland,Ausland,NA,basel,Hirzbrunnen,europe,Germany
2024-12,Wegzug,2024,12,Schweizer,W,35,Schweiz,Schweiz,BS,Gundeldingen,Schweiz,Schweiz,BL,NA,basel,Gundeldingen,switzerland,Basel-Landschaft
2024-12,Zuzug,2024,12,Ausländer,M,35,Schweiz,Schweiz,ZH,NA,Schweiz,Schweiz,BS,Riehen,switzerland,Zürich,basel,Riehen
2024-12,Zuzug,2024,12,Ausländer,W,35,Europa (ohne Schweiz),Deutschland,NA,NA,Schweiz,Schweiz,BS,Breite,europe,Germany,basel,Breite
2024-12,Zuzug,2024,12,Ausländer,W,35,Europa (ohne Schweiz),Deutschland,NA,NA,Schweiz,Schweiz,BS,Wettstein,europe,Germany,basel,Wettstein
2024-12,Zuzug,2024,12,Ausländer,M,35,Asien,Indien,NA,NA,Schweiz,Schweiz,BS,St. Johann,world,India,basel,St. Johann
2024-12,Zuzug,2024,12,Schweizer,W,35,Schweiz,Schweiz,BL,NA,Schweiz,Schweiz,BS,St. Johann,switzerland,Basel-Landschaft,basel,St. Johann
2024-12,Wegzug,2024,12,Schweizer,W,35,Schweiz,Schweiz,BS,Am Ring,Schweiz,Schweiz,ZH,NA,basel,Am Ring,switzerland,Zürich
2024-12,Wegzug,2024,12,Ausländer,M,35,Schweiz,Schweiz,BS,Gundeldingen,Nordamerika,Vereinigte Staaten von Amerika,Ausland,NA,basel,Gundeldingen,world,United States of America
2024-12,Wegzug,2024,12,Ausländer,W,35,Schweiz,Schweiz,BS,Gundeldingen,Europa (ohne Schweiz),Deutschland,Ausland,NA,basel,Gundeldingen,europe,Germany
2024-12,Wegzug,2024,12,Schweizer,W,35,Schweiz,Schweiz,BS,St. Johann,Schweiz,Schweiz,SO,NA,basel,St. Johann,switzerland,Solothurn
2024-12,Wegzug,2024,12,Ausländer,M,35,Schweiz,Schweiz,BS,Gundeldingen,Europa (ohne Schweiz),Deutschland,Ausland,NA,basel,Gundeldingen,europe,Germany
2024-12,Wegzug,2024,12,Ausländer,W,35,Schweiz,Schweiz,BS,Gotthelf,Schweiz,Schweiz,ZH,NA,basel,Gotthelf,switzerland,Zürich
2024-12,Wegzug,2024,12,Ausländer,W,35,Schweiz,Schweiz,BS,Am Ring,Europa (ohne Schweiz),Italien,Ausland,NA,basel,Am Ring,europe,Italy
2024-12,Wegzug,2024,12,Schweizer,M,35,Schweiz,Schweiz,BS,St. Johann,Schweiz,Schweiz,SG,NA,basel,St. Johann,switzerland,St. Gallen
2024-12,Wegzug,2024,12,Schweizer,M,35,Schweiz,Schweiz,BS,Breite,Schweiz,Schweiz,ZH,NA,basel,Breite,switzerland,Zürich
2024-12,Wegzug,2024,12,Ausländer,W,35,Schweiz,Schweiz,BS,Breite,Europa (ohne Schweiz),Deutschland,Ausland,NA,basel,Breite,europe,Germany
2024-12,Wegzug,2024,12,Ausländer,M,35,Schweiz,Schweiz,BS,Gundeldingen,Europa (ohne Schweiz),Deutschland,Ausland,NA,basel,Gundeldingen,europe,Germany
2024-12,Wegzug,2024,12,Ausländer,M,35,Schweiz,Schweiz,BS,Matthäus,Schweiz,Schweiz,VS,NA,basel,Matthäus,switzerland,Valais
2024-12,Wegzug,2024,12,Ausländer,W,35,Schweiz,Schweiz,BS,Breite,Schweiz,Schweiz,BL,NA,basel,Breite,switzerland,Basel-Landschaft
2024-12,Wegzug,2024,12,Schweizer,M,35,Schweiz,Schweiz,BS,Iselin,Schweiz,Schweiz,SG,NA,basel,Iselin,switzerland,St. Gallen
2024-12,Wegzug,2024,12,Schweizer,W,35,Schweiz,Schweiz,BS,Gundeldingen,Schweiz,Schweiz,BE,NA,basel,Gundeldingen,switzerland,Bern
2024-12,Zuzug,2024,12,Ausländer,M,35,Europa (ohne Schweiz),Deutschland,NA,NA,Schweiz,Schweiz,BS,Am Ring,europe,Germany,basel,Am Ring
2024-12,Zuzug,2024,12,Ausländer,M,35,Europa (ohne Schweiz),Ukraine,NA,NA,Schweiz,Schweiz,BS,Vorstädte,europe,Ukraine,basel,Vorstädte
2024-12,Zuzug,2024,12,Ausländer,M,35,Europa (ohne Schweiz),Deutschland,NA,NA,Schweiz,Schweiz,BS,Klybeck,europe,Germany,basel,Klybeck
2024-12,Zuzug,2024,12,Ausländer,M,35,Europa (ohne Schweiz),Griechenland,NA,NA,Schweiz,Schweiz,BS,Matthäus,europe,Greece,basel,Matthäus
2024-12,Zuzug,2024,12,Ausländer,W,35,Europa (ohne Schweiz),Spanien,NA,NA,Schweiz,Schweiz,BS,Matthäus,europe,Spain,basel,Matthäus
2024-12,Zuzug,2024,12,Ausländer,M,35,Schweiz,Schweiz,BL,NA,Schweiz,Schweiz,BS,Matthäus,switzerland,Basel-Landschaft,basel,Matthäus
2024-12,Zuzug,2024,12,Ausländer,W,35,Europa (ohne Schweiz),Ukraine,NA,NA,Schweiz,Schweiz,BS,Vorstädte,europe,Ukraine,basel,Vorstädte
2024-12,Zuzug,2024,12,Ausländer,M,36,Europa (ohne Schweiz),Polen,NA,NA,Schweiz,Schweiz,BS,Riehen,europe,Poland,basel,Riehen
2024-12,Zuzug,2024,12,Ausländer,M,36,Schweiz,Schweiz,BL,NA,Schweiz,Schweiz,BS,Hirzbrunnen,switzerland,Basel-Landschaft,basel,Hirzbrunnen
2024-12,Zuzug,2024,12,Ausländer,W,36,Europa (ohne Schweiz),Frankreich,NA,NA,Schweiz,Schweiz,BS,St. Alban,europe,France,basel,St. Alban
2024-12,Zuzug,2024,12,Ausländer,W,36,Europa (ohne Schweiz),Grossbritannien,NA,NA,Schweiz,Schweiz,BS,Am Ring,europe,United Kingdom,basel,Am Ring
2024-12,Wegzug,2024,12,Ausländer,M,36,Schweiz,Schweiz,BS,St. Alban,NA,NA,NA,NA,basel,St. Alban,NA,NA
2024-12,Wegzug,2024,12,Schweizer,W,36,Schweiz,Schweiz,BS,Am Ring,Schweiz,Schweiz,SO,NA,basel,Am Ring,switzerland,Solothurn
2024-12,Wegzug,2024,12,Ausländer,W,36,Schweiz,Schweiz,BS,Am Ring,Europa (ohne Schweiz),Grossbritannien,Ausland,NA,basel,Am Ring,europe,United Kingdom
2024-12,Wegzug,2024,12,Ausländer,W,36,Schweiz,Schweiz,BS,Gundeldingen,Europa (ohne Schweiz),Griechenland,Ausland,NA,basel,Gundeldingen,europe,Greece
2024-12,Wegzug,2024,12,Schweizer,M,36,Schweiz,Schweiz,BS,Riehen,Schweiz,Schweiz,BL,NA,basel,Riehen,switzerland,Basel-Landschaft
2024-12,Wegzug,2024,12,Schweizer,W,36,Schweiz,Schweiz,BS,St. Johann,Schweiz,Schweiz,TI,NA,basel,St. Johann,switzerland,Ticino
2024-12,Wegzug,2024,12,Schweizer,W,36,Schweiz,Schweiz,BS,Rosental,Schweiz,Schweiz,SO,NA,basel,Rosental,switzerland,Solothurn
2024-12,Zuzug,2024,12,Ausländer,M,36,Schweiz,Schweiz,BL,NA,Schweiz,Schweiz,BS,Am Ring,switzerland,Basel-Landschaft,basel,Am Ring
2024-12,Zuzug,2024,12,Ausländer,W,36,Nordamerika,Vereinigte Staaten von Amerika,NA,NA,Schweiz,Schweiz,BS,Vorstädte,world,United States of America,basel,Vorstädte
2024-12,Wegzug,2024,12,Ausländer,M,36,Schweiz,Schweiz,BS,Matthäus,Schweiz,Schweiz,BL,NA,basel,Matthäus,switzerland,Basel-Landschaft
2024-12,Wegzug,2024,12,Ausländer,W,36,Schweiz,Schweiz,BS,Gotthelf,Schweiz,Schweiz,BL,NA,basel,Gotthelf,switzerland,Basel-Landschaft
2024-12,Wegzug,2024,12,Ausländer,M,36,Schweiz,Schweiz,BS,Rosental,Europa (ohne Schweiz),Deutschland,Ausland,NA,basel,Rosental,europe,Germany
2024-12,Wegzug,2024,12,Ausländer,M,36,Schweiz,Schweiz,BS,Breite,Schweiz,Schweiz,SG,NA,basel,Breite,switzerland,St. Gallen
2024-12,Wegzug,2024,12,Ausländer,W,36,Schweiz,Schweiz,BS,Iselin,Europa (ohne Schweiz),Frankreich,Ausland,NA,basel,Iselin,europe,France
2024-12,Wegzug,2024,12,Ausländer,W,36,Schweiz,Schweiz,BS,Bachletten,Europa (ohne Schweiz),Deutschland,Ausland,NA,basel,Bachletten,europe,Germany
2024-12,Wegzug,2024,12,Ausländer,M,36,Schweiz,Schweiz,BS,Matthäus,Schweiz,Schweiz,BL,NA,basel,Matthäus,switzerland,Basel-Landschaft
2024-12,Wegzug,2024,12,Ausländer,M,36,Schweiz,Schweiz,BS,Gundeldingen,Europa (ohne Schweiz),Italien,Ausland,NA,basel,Gundeldingen,europe,Italy
2024-12,Wegzug,2024,12,Ausländer,W,36,Schweiz,Schweiz,BS,Rosental,Schweiz,Schweiz,AG,NA,basel,Rosental,switzerland,Aargau
2024-12,Wegzug,2024,12,Ausländer,W,36,Schweiz,Schweiz,BS,Am Ring,Europa (ohne Schweiz),Zypern,Ausland,NA,basel,Am Ring,world,Cyprus
2024-12,Wegzug,2024,12,Schweizer,M,36,Schweiz,Schweiz,BS,Bachletten,Schweiz,Schweiz,BL,NA,basel,Bachletten,switzerland,Basel-Landschaft
2024-12,Wegzug,2024,12,Ausländer,M,36,Schweiz,Schweiz,BS,Wettstein,Lateinamerika und Karibik,Costa Rica,Ausland,NA,basel,Wettstein,world,Costa Rica
2024-12,Wegzug,2024,12,Ausländer,M,36,Schweiz,Schweiz,BS,Rosental,Asien,China,Ausland,NA,basel,Rosental,world,China
2024-12,Zuzug,2024,12,Ausländer,W,36,Europa (ohne Schweiz),Nordmazedonien,NA,NA,Schweiz,Schweiz,BS,Rosental,europe,North Macedonia,basel,Rosental
2024-12,Zuzug,2024,12,Schweizer,W,36,Nordamerika,Vereinigte Staaten von Amerika,NA,NA,Schweiz,Schweiz,BS,Am Ring,world,United States of America,basel,Am Ring
2024-12,Zuzug,2024,12,Ausländer,M,37,Europa (ohne Schweiz),Deutschland,NA,NA,Schweiz,Schweiz,BS,Gotthelf,europe,Germany,basel,Gotthelf
2024-12,Zuzug,2024,12,Schweizer,W,37,Schweiz,Schweiz,LU,NA,Schweiz,Schweiz,BS,Gundeldingen,switzerland,Luzern,basel,Gundeldingen
2024-12,Zuzug,2024,12,Ausländer,M,37,Schweiz,Schweiz,SG,NA,Schweiz,Schweiz,BS,St. Johann,switzerland,St. Gallen,basel,St. Johann
2024-12,Zuzug,2024,12,Schweizer,W,37,Schweiz,Schweiz,SO,NA,Schweiz,Schweiz,BS,St. Johann,switzerland,Solothurn,basel,St. Johann
2024-12,Zuzug,2024,12,Ausländer,W,37,Schweiz,Schweiz,BE,NA,Schweiz,Schweiz,BS,Altstadt Kleinbasel,switzerland,Bern,basel,Altstadt Kleinbasel
2024-12,Wegzug,2024,12,Schweizer,M,37,Schweiz,Schweiz,BS,Clara,Schweiz,Schweiz,SO,NA,basel,Clara,switzerland,Solothurn
2024-12,Wegzug,2024,12,Schweizer,W,37,Schweiz,Schweiz,BS,Bruderholz,Schweiz,Schweiz,BL,NA,basel,Bruderholz,switzerland,Basel-Landschaft
2024-12,Wegzug,2024,12,Schweizer,W,37,Schweiz,Schweiz,BS,Gundeldingen,Schweiz,Schweiz,BE,NA,basel,Gundeldingen,switzerland,Bern
2024-12,Wegzug,2024,12,Ausländer,M,37,Schweiz,Schweiz,BS,Clara,Europa (ohne Schweiz),Türkei,Ausland,NA,basel,Clara,world,Turkey
2024-12,Wegzug,2024,12,Ausländer,W,37,Schweiz,Schweiz,BS,Gotthelf,Europa (ohne Schweiz),Deutschland,Ausland,NA,basel,Gotthelf,europe,Germany
2024-12,Wegzug,2024,12,Schweizer,W,37,Schweiz,Schweiz,BS,Rosental,Europa (ohne Schweiz),Spanien,Ausland,NA,basel,Rosental,europe,Spain
2024-12,Wegzug,2024,12,Schweizer,W,37,Schweiz,Schweiz,BS,Breite,Schweiz,Schweiz,BL,NA,basel,Breite,switzerland,Basel-Landschaft
2024-12,Wegzug,2024,12,Schweizer,M,37,Schweiz,Schweiz,BS,Gundeldingen,Schweiz,Schweiz,BL,NA,basel,Gundeldingen,switzerland,Basel-Landschaft
2024-12,Wegzug,2024,12,Ausländer,W,37,Schweiz,Schweiz,BS,Am Ring,Schweiz,Schweiz,ZH,NA,basel,Am Ring,switzerland,Zürich
2024-12,Wegzug,2024,12,Ausländer,M,37,Schweiz,Schweiz,BS,Rosental,Nordamerika,Vereinigte Staaten von Amerika,Ausland,NA,basel,Rosental,world,United States of America
2024-12,Wegzug,2024,12,Ausländer,M,37,Schweiz,Schweiz,BS,St. Alban,Schweiz,Schweiz,BL,NA,basel,St. Alban,switzerland,Basel-Landschaft
2024-12,Wegzug,2024,12,Ausländer,M,37,Schweiz,Schweiz,BS,St. Alban,Asien,Indien,Ausland,NA,basel,St. Alban,world,India
2024-12,Zuzug,2024,12,Ausländer,M,37,Europa (ohne Schweiz),Italien,NA,NA,Schweiz,Schweiz,BS,Iselin,europe,Italy,basel,Iselin
2024-12,Zuzug,2024,12,Schweizer,M,37,Schweiz,Schweiz,BL,NA,Schweiz,Schweiz,BS,Gotthelf,switzerland,Basel-Landschaft,basel,Gotthelf
2024-12,Zuzug,2024,12,Schweizer,M,37,Schweiz,Schweiz,LU,NA,Schweiz,Schweiz,BS,Gundeldingen,switzerland,Luzern,basel,Gundeldingen
2024-12,Zuzug,2024,12,Ausländer,M,37,Europa (ohne Schweiz),Italien,NA,NA,Schweiz,Schweiz,BS,Breite,europe,Italy,basel,Breite
2024-12,Zuzug,2024,12,Ausländer,M,37,Europa (ohne Schweiz),Grossbritannien,NA,NA,Schweiz,Schweiz,BS,St. Johann,europe,United Kingdom,basel,St. Johann
2024-12,Zuzug,2024,12,Ausländer,M,37,Schweiz,Schweiz,TI,NA,Schweiz,Schweiz,BS,Gotthelf,switzerland,Ticino,basel,Gotthelf
2024-12,Zuzug,2024,12,Schweizer,M,37,Ozeanien,Australien,NA,NA,Schweiz,Schweiz,BS,St. Alban,world,Australia,basel,St. Alban
2024-12,Zuzug,2024,12,Ausländer,W,37,Asien,Philippinen,NA,NA,Schweiz,Schweiz,BS,Bruderholz,world,Philippines,basel,Bruderholz
2024-12,Zuzug,2024,12,Schweizer,M,37,Schweiz,Schweiz,SO,NA,Schweiz,Schweiz,BS,Matthäus,switzerland,Solothurn,basel,Matthäus
2024-12,Wegzug,2024,12,Ausländer,W,37,Schweiz,Schweiz,BS,Rosental,Europa (ohne Schweiz),Spanien,Ausland,NA,basel,Rosental,europe,Spain
2024-12,Wegzug,2024,12,Schweizer,M,37,Schweiz,Schweiz,BS,St. Johann,Schweiz,Schweiz,BL,NA,basel,St. Johann,switzerland,Basel-Landschaft
2024-12,Wegzug,2024,12,Ausländer,M,37,Schweiz,Schweiz,BS,Clara,NA,NA,NA,NA,basel,Clara,NA,NA
2024-12,Wegzug,2024,12,Ausländer,W,37,Schweiz,Schweiz,BS,Gundeldingen,Schweiz,Schweiz,AG,NA,basel,Gundeldingen,switzerland,Aargau
2024-12,Wegzug,2024,12,Schweizer,M,37,Schweiz,Schweiz,BS,Iselin,Europa (ohne Schweiz),Deutschland,Ausland,NA,basel,Iselin,europe,Germany
2024-12,Wegzug,2024,12,Schweizer,M,37,Schweiz,Schweiz,BS,St. Alban,Schweiz,Schweiz,AG,NA,basel,St. Alban,switzerland,Aargau
2024-12,Wegzug,2024,12,Schweizer,M,37,Schweiz,Schweiz,BS,Bruderholz,NA,NA,NA,NA,basel,Bruderholz,NA,NA
2024-12,Wegzug,2024,12,Ausländer,M,37,Schweiz,Schweiz,BS,Klybeck,Schweiz,Schweiz,AG,NA,basel,Klybeck,switzerland,Aargau
2024-12,Wegzug,2024,12,Schweizer,W,37,Schweiz,Schweiz,BS,Iselin,Schweiz,Schweiz,BL,NA,basel,Iselin,switzerland,Basel-Landschaft
2024-12,Wegzug,2024,12,Ausländer,W,37,Schweiz,Schweiz,BS,Hirzbrunnen,Schweiz,Schweiz,BL,NA,basel,Hirzbrunnen,switzerland,Basel-Landschaft
2024-12,Wegzug,2024,12,Ausländer,M,37,Schweiz,Schweiz,BS,Gundeldingen,Schweiz,Schweiz,ZG,NA,basel,Gundeldingen,switzerland,Zug
2024-12,Wegzug,2024,12,Ausländer,M,37,Schweiz,Schweiz,BS,Gundeldingen,Lateinamerika und Karibik,Chile,Ausland,NA,basel,Gundeldingen,world,Chile
2024-12,Wegzug,2024,12,Ausländer,M,37,Schweiz,Schweiz,BS,Vorstädte,Europa (ohne Schweiz),Grossbritannien,Ausland,NA,basel,Vorstädte,europe,United Kingdom
2024-12,Zuzug,2024,12,Ausländer,W,37,Asien,Indien,NA,NA,Schweiz,Schweiz,BS,St. Johann,world,India,basel,St. Johann
2024-12,Zuzug,2024,12,Ausländer,W,37,Schweiz,Schweiz,BL,NA,Schweiz,Schweiz,BS,Altstadt Kleinbasel,switzerland,Basel-Landschaft,basel,Altstadt Kleinbasel
2024-12,Zuzug,2024,12,Ausländer,M,37,Europa (ohne Schweiz),Türkei,NA,NA,Schweiz,Schweiz,BS,Rosental,world,Turkey,basel,Rosental
2024-12,Zuzug,2024,12,Schweizer,M,37,Schweiz,Schweiz,BL,NA,Schweiz,Schweiz,BS,Wettstein,switzerland,Basel-Landschaft,basel,Wettstein
2024-12,Zuzug,2024,12,Schweizer,M,37,Schweiz,Schweiz,BL,NA,Schweiz,Schweiz,BS,Wettstein,switzerland,Basel-Landschaft,basel,Wettstein
2024-12,Zuzug,2024,12,Schweizer,M,38,Schweiz,Schweiz,BL,NA,Schweiz,Schweiz,BS,Klybeck,switzerland,Basel-Landschaft,basel,Klybeck
2024-12,Zuzug,2024,12,Schweizer,M,38,Schweiz,Schweiz,SO,NA,Schweiz,Schweiz,BS,Hirzbrunnen,switzerland,Solothurn,basel,Hirzbrunnen
2024-12,Zuzug,2024,12,Schweizer,M,38,Asien,Israel,NA,NA,Schweiz,Schweiz,BS,Breite,world,Israel,basel,Breite
2024-12,Zuzug,2024,12,Ausländer,W,38,Schweiz,Schweiz,BL,NA,Schweiz,Schweiz,BS,Riehen,switzerland,Basel-Landschaft,basel,Riehen
2024-12,Zuzug,2024,12,Ausländer,M,38,Europa (ohne Schweiz),Grossbritannien,NA,NA,Schweiz,Schweiz,BS,Am Ring,europe,United Kingdom,basel,Am Ring
2024-12,Wegzug,2024,12,Schweizer,M,38,Schweiz,Schweiz,BS,St. Johann,Schweiz,Schweiz,BL,NA,basel,St. Johann,switzerland,Basel-Landschaft
2024-12,Wegzug,2024,12,Ausländer,W,38,Schweiz,Schweiz,BS,Wettstein,Europa (ohne Schweiz),Italien,Ausland,NA,basel,Wettstein,europe,Italy
2024-12,Wegzug,2024,12,Ausländer,M,38,Schweiz,Schweiz,BS,Hirzbrunnen,Europa (ohne Schweiz),Spanien,Ausland,NA,basel,Hirzbrunnen,europe,Spain
2024-12,Wegzug,2024,12,Ausländer,W,38,Schweiz,Schweiz,BS,Wettstein,Europa (ohne Schweiz),Italien,Ausland,NA,basel,Wettstein,europe,Italy
2024-12,Wegzug,2024,12,Schweizer,M,38,Schweiz,Schweiz,BS,Klybeck,Europa (ohne Schweiz),Frankreich,Ausland,NA,basel,Klybeck,europe,France
2024-12,Wegzug,2024,12,Ausländer,M,38,Schweiz,Schweiz,BS,Klybeck,NA,NA,NA,NA,basel,Klybeck,NA,NA
2024-12,Wegzug,2024,12,Ausländer,M,38,Schweiz,Schweiz,BS,Klybeck,NA,NA,NA,NA,basel,Klybeck,NA,NA
2024-12,Zuzug,2024,12,Ausländer,M,38,Europa (ohne Schweiz),Niederlande,NA,NA,Schweiz,Schweiz,BS,Gundeldingen,europe,Netherlands,basel,Gundeldingen
2024-12,Zuzug,2024,12,Ausländer,M,38,Schweiz,Schweiz,AG,NA,Schweiz,Schweiz,BS,Bachletten,switzerland,Aargau,basel,Bachletten
2024-12,Zuzug,2024,12,Ausländer,W,38,Europa (ohne Schweiz),Deutschland,NA,NA,Schweiz,Schweiz,BS,Klybeck,europe,Germany,basel,Klybeck
2024-12,Zuzug,2024,12,Schweizer,M,38,Schweiz,Schweiz,BE,NA,Schweiz,Schweiz,BS,Am Ring,switzerland,Bern,basel,Am Ring
2024-12,Zuzug,2024,12,Ausländer,W,38,Schweiz,Schweiz,BL,NA,Schweiz,Schweiz,BS,Matthäus,switzerland,Basel-Landschaft,basel,Matthäus
2024-12,Zuzug,2024,12,Ausländer,W,38,Asien,Iran,NA,NA,Schweiz,Schweiz,BS,Gundeldingen,world,Iran,basel,Gundeldingen
2024-12,Zuzug,2024,12,Ausländer,M,38,Schweiz,Schweiz,BL,NA,Schweiz,Schweiz,BS,Riehen,switzerland,Basel-Landschaft,basel,Riehen
2024-12,Wegzug,2024,12,Ausländer,M,38,Schweiz,Schweiz,BS,Iselin,Schweiz,Schweiz,ZH,NA,basel,Iselin,switzerland,Zürich
2024-12,Wegzug,2024,12,Schweizer,M,38,Schweiz,Schweiz,BS,Gundeldingen,Schweiz,Schweiz,BL,NA,basel,Gundeldingen,switzerland,Basel-Landschaft
2024-12,Wegzug,2024,12,Ausländer,W,38,Schweiz,Schweiz,BS,Rosental,Nordamerika,Vereinigte Staaten von Amerika,Ausland,NA,basel,Rosental,world,United States of America
2024-12,Wegzug,2024,12,Schweizer,W,38,Schweiz,Schweiz,BS,Riehen,Schweiz,Schweiz,AG,NA,basel,Riehen,switzerland,Aargau
2024-12,Wegzug,2024,12,Ausländer,M,38,Schweiz,Schweiz,BS,Gundeldingen,Schweiz,Schweiz,AG,NA,basel,Gundeldingen,switzerland,Aargau
2024-12,Wegzug,2024,12,Ausländer,W,38,Schweiz,Schweiz,BS,Klybeck,Schweiz,Schweiz,BL,NA,basel,Klybeck,switzerland,Basel-Landschaft
2024-12,Wegzug,2024,12,Ausländer,M,38,Schweiz,Schweiz,BS,Rosental,NA,NA,NA,NA,basel,Rosental,NA,NA
2024-12,Wegzug,2024,12,Schweizer,W,38,Schweiz,Schweiz,BS,St. Johann,Schweiz,Schweiz,BL,NA,basel,St. Johann,switzerland,Basel-Landschaft
2024-12,Wegzug,2024,12,Ausländer,M,38,Schweiz,Schweiz,BS,Riehen,Schweiz,Schweiz,BL,NA,basel,Riehen,switzerland,Basel-Landschaft
2024-12,Wegzug,2024,12,Ausländer,M,38,Schweiz,Schweiz,BS,St. Johann,Afrika,Aethiopien,Ausland,NA,basel,St. Johann,world,Ethiopia
2024-12,Wegzug,2024,12,Ausländer,W,38,Schweiz,Schweiz,BS,Gundeldingen,Schweiz,Schweiz,BL,NA,basel,Gundeldingen,switzerland,Basel-Landschaft
2024-12,Zuzug,2024,12,Schweizer,W,38,Schweiz,Schweiz,BL,NA,Schweiz,Schweiz,BS,Hirzbrunnen,switzerland,Basel-Landschaft,basel,Hirzbrunnen
2024-12,Zuzug,2024,12,Schweizer,M,38,NA,NA,NA,NA,Schweiz,Schweiz,BS,Rosental,NA,NA,basel,Rosental
2024-12,Zuzug,2024,12,Ausländer,W,38,Asien,Israel,NA,NA,Schweiz,Schweiz,BS,Am Ring,world,Israel,basel,Am Ring
2024-12,Zuzug,2024,12,Schweizer,M,38,Nordamerika,Vereinigte Staaten von Amerika,NA,NA,Schweiz,Schweiz,BS,Am Ring,world,United States of America,basel,Am Ring
2024-12,Zuzug,2024,12,Ausländer,M,39,Schweiz,Schweiz,LU,NA,Schweiz,Schweiz,BS,Iselin,switzerland,Luzern,basel,Iselin
2024-12,Zuzug,2024,12,Ausländer,M,39,Schweiz,Schweiz,GR,NA,Schweiz,Schweiz,BS,Altstadt Grossbasel,switzerland,Graubünden,basel,Altstadt Grossbasel
2024-12,Zuzug,2024,12,Ausländer,W,39,Europa (ohne Schweiz),Spanien,NA,NA,Schweiz,Schweiz,BS,Gundeldingen,europe,Spain,basel,Gundeldingen
2024-12,Zuzug,2024,12,Ausländer,W,39,Schweiz,Schweiz,BL,NA,Schweiz,Schweiz,BS,Breite,switzerland,Basel-Landschaft,basel,Breite
2024-12,Zuzug,2024,12,Ausländer,M,39,Europa (ohne Schweiz),Ukraine,NA,NA,Schweiz,Schweiz,BS,Vorstädte,europe,Ukraine,basel,Vorstädte
2024-12,Zuzug,2024,12,Ausländer,W,39,Europa (ohne Schweiz),Deutschland,NA,NA,Schweiz,Schweiz,BS,Iselin,europe,Germany,basel,Iselin
2024-12,Zuzug,2024,12,Ausländer,M,39,Europa (ohne Schweiz),Griechenland,NA,NA,Schweiz,Schweiz,BS,Gundeldingen,europe,Greece,basel,Gundeldingen
2024-12,Wegzug,2024,12,Ausländer,W,39,Schweiz,Schweiz,BS,Klybeck,Schweiz,Schweiz,BL,NA,basel,Klybeck,switzerland,Basel-Landschaft
2024-12,Wegzug,2024,12,Schweizer,M,39,Schweiz,Schweiz,BS,Hirzbrunnen,Schweiz,Schweiz,BL,NA,basel,Hirzbrunnen,switzerland,Basel-Landschaft
2024-12,Wegzug,2024,12,Schweizer,W,39,Schweiz,Schweiz,BS,Matthäus,Schweiz,Schweiz,SO,NA,basel,Matthäus,switzerland,Solothurn
2024-12,Wegzug,2024,12,Ausländer,W,39,Schweiz,Schweiz,BS,Rosental,Asien,Indien,Ausland,NA,basel,Rosental,world,India
2024-12,Wegzug,2024,12,Ausländer,M,39,Schweiz,Schweiz,BS,Gundeldingen,Schweiz,Schweiz,AG,NA,basel,Gundeldingen,switzerland,Aargau
2024-12,Wegzug,2024,12,Ausländer,W,39,Schweiz,Schweiz,BS,Rosental,Schweiz,Schweiz,BL,NA,basel,Rosental,switzerland,Basel-Landschaft
2024-12,Wegzug,2024,12,Schweizer,M,39,Schweiz,Schweiz,BS,Am Ring,Schweiz,Schweiz,SO,NA,basel,Am Ring,switzerland,Solothurn
2024-12,Wegzug,2024,12,Ausländer,M,39,Schweiz,Schweiz,BS,Bachletten,NA,NA,NA,NA,basel,Bachletten,NA,NA
2024-12,Wegzug,2024,12,Ausländer,M,39,Schweiz,Schweiz,BS,Breite,Schweiz,Schweiz,BE,NA,basel,Breite,switzerland,Bern
2024-12,Wegzug,2024,12,Ausländer,M,39,Schweiz,Schweiz,BS,Gundeldingen,Europa (ohne Schweiz),Deutschland,Ausland,NA,basel,Gundeldingen,europe,Germany
2024-12,Wegzug,2024,12,Schweizer,W,39,Schweiz,Schweiz,BS,Gundeldingen,Schweiz,Schweiz,BE,NA,basel,Gundeldingen,switzerland,Bern
2024-12,Zuzug,2024,12,Schweizer,M,39,Schweiz,Schweiz,BL,NA,Schweiz,Schweiz,BS,Matthäus,switzerland,Basel-Landschaft,basel,Matthäus
2024-12,Zuzug,2024,12,Ausländer,W,39,Europa (ohne Schweiz),Portugal,NA,NA,Schweiz,Schweiz,BS,Iselin,europe,Portugal,basel,Iselin
2024-12,Zuzug,2024,12,Ausländer,M,39,Schweiz,Schweiz,BE,NA,Schweiz,Schweiz,BS,Riehen,switzerland,Bern,basel,Riehen
2024-12,Zuzug,2024,12,Schweizer,M,39,Europa (ohne Schweiz),Deutschland,NA,NA,Schweiz,Schweiz,BS,Gundeldingen,europe,Germany,basel,Gundeldingen
2024-12,Wegzug,2024,12,Ausländer,W,39,Schweiz,Schweiz,BS,St. Johann,Schweiz,Schweiz,BL,NA,basel,St. Johann,switzerland,Basel-Landschaft
2024-12,Wegzug,2024,12,Ausländer,W,39,Schweiz,Schweiz,BS,Gotthelf,Schweiz,Schweiz,ZH,NA,basel,Gotthelf,switzerland,Zürich
2024-12,Wegzug,2024,12,Ausländer,W,39,Schweiz,Schweiz,BS,Wettstein,Asien,Indien,Ausland,NA,basel,Wettstein,world,India
2024-12,Wegzug,2024,12,Ausländer,M,39,Schweiz,Schweiz,BS,Klybeck,Europa (ohne Schweiz),Italien,Ausland,NA,basel,Klybeck,europe,Italy
2024-12,Wegzug,2024,12,Ausländer,W,39,Schweiz,Schweiz,BS,Hirzbrunnen,Schweiz,Schweiz,AG,NA,basel,Hirzbrunnen,switzerland,Aargau
2024-12,Wegzug,2024,12,Ausländer,M,39,Schweiz,Schweiz,BS,St. Johann,NA,NA,NA,NA,basel,St. Johann,NA,NA
2024-12,Wegzug,2024,12,Ausländer,W,39,Schweiz,Schweiz,BS,Iselin,Schweiz,Schweiz,AG,NA,basel,Iselin,switzerland,Aargau
2024-12,Wegzug,2024,12,Schweizer,M,39,Schweiz,Schweiz,BS,Gotthelf,Schweiz,Schweiz,ZH,NA,basel,Gotthelf,switzerland,Zürich
2024-12,Wegzug,2024,12,Ausländer,W,39,Schweiz,Schweiz,BS,Wettstein,Asien,Japan,Ausland,NA,basel,Wettstein,world,Japan
2024-12,Wegzug,2024,12,Ausländer,M,39,Schweiz,Schweiz,BS,Rosental,Europa (ohne Schweiz),Deutschland,Ausland,NA,basel,Rosental,europe,Germany
2024-12,Wegzug,2024,12,Ausländer,M,39,Schweiz,Schweiz,BS,Hirzbrunnen,Schweiz,Schweiz,BL,NA,basel,Hirzbrunnen,switzerland,Basel-Landschaft
2024-12,Wegzug,2024,12,Schweizer,W,39,Schweiz,Schweiz,BS,Gundeldingen,Schweiz,Schweiz,SO,NA,basel,Gundeldingen,switzerland,Solothurn
2024-12,Zuzug,2024,12,Ausländer,M,39,Asien,Singapur,NA,NA,Schweiz,Schweiz,BS,Am Ring,world,Malaysia,basel,Am Ring
2024-12,Zuzug,2024,12,Ausländer,M,39,Asien,Israel,NA,NA,Schweiz,Schweiz,BS,Gotthelf,world,Israel,basel,Gotthelf
2024-12,Zuzug,2024,12,Ausländer,W,39,Asien,China,NA,NA,Schweiz,Schweiz,BS,Vorstädte,world,China,basel,Vorstädte
2024-12,Zuzug,2024,12,Ausländer,W,39,Asien,Japan,NA,NA,Schweiz,Schweiz,BS,Wettstein,world,Japan,basel,Wettstein
2024-12,Zuzug,2024,12,Ausländer,W,40,Europa (ohne Schweiz),Deutschland,NA,NA,Schweiz,Schweiz,BS,Vorstädte,europe,Germany,basel,Vorstädte
2024-12,Zuzug,2024,12,Ausländer,M,40,Europa (ohne Schweiz),Frankreich,NA,NA,Schweiz,Schweiz,BS,Altstadt Grossbasel,europe,France,basel,Altstadt Grossbasel
2024-12,Zuzug,2024,12,Ausländer,W,40,Asien,Indien,NA,NA,Schweiz,Schweiz,BS,Riehen,world,India,basel,Riehen
2024-12,Wegzug,2024,12,Ausländer,W,40,Schweiz,Schweiz,BS,Vorstädte,Schweiz,Schweiz,ZH,NA,basel,Vorstädte,switzerland,Zürich
2024-12,Wegzug,2024,12,Ausländer,M,40,Schweiz,Schweiz,BS,Vorstädte,Schweiz,Schweiz,BL,NA,basel,Vorstädte,switzerland,Basel-Landschaft
2024-12,Wegzug,2024,12,Ausländer,M,40,Schweiz,Schweiz,BS,Hirzbrunnen,Schweiz,Schweiz,AG,NA,basel,Hirzbrunnen,switzerland,Aargau
2024-12,Wegzug,2024,12,Schweizer,W,40,Schweiz,Schweiz,BS,St. Alban,Schweiz,Schweiz,BL,NA,basel,St. Alban,switzerland,Basel-Landschaft
2024-12,Zuzug,2024,12,Ausländer,M,40,Asien,Indien,NA,NA,Schweiz,Schweiz,BS,St. Johann,world,India,basel,St. Johann
2024-12,Zuzug,2024,12,Ausländer,M,40,Europa (ohne Schweiz),Dänemark,NA,NA,Schweiz,Schweiz,BS,St. Alban,europe,Denmark,basel,St. Alban
2024-12,Zuzug,2024,12,Ausländer,M,40,Schweiz,Schweiz,BL,NA,Schweiz,Schweiz,BS,Matthäus,switzerland,Basel-Landschaft,basel,Matthäus
2024-12,Zuzug,2024,12,Ausländer,M,40,Asien,Israel,NA,NA,Schweiz,Schweiz,BS,Am Ring,world,Israel,basel,Am Ring
2024-12,Zuzug,2024,12,Ausländer,M,40,Schweiz,Schweiz,BE,NA,Schweiz,Schweiz,BS,Altstadt Grossbasel,switzerland,Bern,basel,Altstadt Grossbasel
2024-12,Wegzug,2024,12,Ausländer,M,40,Schweiz,Schweiz,BS,Vorstädte,Schweiz,Schweiz,GL,NA,basel,Vorstädte,switzerland,Glarus
2024-12,Wegzug,2024,12,Schweizer,M,40,Schweiz,Schweiz,BS,Riehen,Schweiz,Schweiz,TI,NA,basel,Riehen,switzerland,Ticino
2024-12,Wegzug,2024,12,Ausländer,W,40,Schweiz,Schweiz,BS,St. Alban,Schweiz,Schweiz,BL,NA,basel,St. Alban,switzerland,Basel-Landschaft
2024-12,Wegzug,2024,12,Schweizer,W,40,Schweiz,Schweiz,BS,Klybeck,Schweiz,Schweiz,AG,NA,basel,Klybeck,switzerland,Aargau
2024-12,Wegzug,2024,12,Ausländer,M,40,Schweiz,Schweiz,BS,Rosental,Schweiz,Schweiz,BL,NA,basel,Rosental,switzerland,Basel-Landschaft
2024-12,Wegzug,2024,12,Ausländer,W,40,Schweiz,Schweiz,BS,St. Alban,Europa (ohne Schweiz),Deutschland,Ausland,NA,basel,St. Alban,europe,Germany
2024-12,Wegzug,2024,12,Schweizer,M,40,Schweiz,Schweiz,BS,Rosental,Europa (ohne Schweiz),Spanien,Ausland,NA,basel,Rosental,europe,Spain
2024-12,Wegzug,2024,12,Schweizer,W,40,Schweiz,Schweiz,BS,Hirzbrunnen,Schweiz,Schweiz,BL,NA,basel,Hirzbrunnen,switzerland,Basel-Landschaft
2024-12,Wegzug,2024,12,Schweizer,M,40,Schweiz,Schweiz,BS,Gundeldingen,Schweiz,Schweiz,SO,NA,basel,Gundeldingen,switzerland,Solothurn
2024-12,Wegzug,2024,12,Ausländer,M,40,Schweiz,Schweiz,BS,St. Alban,Europa (ohne Schweiz),Polen,Ausland,NA,basel,St. Alban,europe,Poland
2024-12,Wegzug,2024,12,Ausländer,W,40,Schweiz,Schweiz,BS,Riehen,Schweiz,Schweiz,BL,NA,basel,Riehen,switzerland,Basel-Landschaft
2024-12,Wegzug,2024,12,Schweizer,W,40,Schweiz,Schweiz,BS,Gundeldingen,Schweiz,Schweiz,BL,NA,basel,Gundeldingen,switzerland,Basel-Landschaft
2024-12,Wegzug,2024,12,Ausländer,M,40,Schweiz,Schweiz,BS,Riehen,Schweiz,Schweiz,BL,NA,basel,Riehen,switzerland,Basel-Landschaft
2024-12,Wegzug,2024,12,Ausländer,M,40,Schweiz,Schweiz,BS,Hirzbrunnen,NA,NA,NA,NA,basel,Hirzbrunnen,NA,NA
2024-12,Wegzug,2024,12,Schweizer,W,40,Schweiz,Schweiz,BS,Gundeldingen,Schweiz,Schweiz,BL,NA,basel,Gundeldingen,switzerland,Basel-Landschaft
2024-12,Zuzug,2024,12,Ausländer,M,40,Europa (ohne Schweiz),Spanien,NA,NA,Schweiz,Schweiz,BS,Gundeldingen,europe,Spain,basel,Gundeldingen
2024-12,Zuzug,2024,12,Ausländer,M,40,Nordamerika,Vereinigte Staaten von Amerika,NA,NA,Schweiz,Schweiz,BS,Gundeldingen,world,United States of America,basel,Gundeldingen
2024-12,Zuzug,2024,12,Ausländer,W,40,Europa (ohne Schweiz),Deutschland,NA,NA,Schweiz,Schweiz,BS,Riehen,europe,Germany,basel,Riehen
2024-12,Zuzug,2024,12,Ausländer,W,40,Europa (ohne Schweiz),Spanien,NA,NA,Schweiz,Schweiz,BS,Clara,europe,Spain,basel,Clara
2024-12,Zuzug,2024,12,Schweizer,W,40,Schweiz,Schweiz,BL,NA,Schweiz,Schweiz,BS,Hirzbrunnen,switzerland,Basel-Landschaft,basel,Hirzbrunnen
2024-12,Zuzug,2024,12,Ausländer,M,41,Schweiz,Schweiz,AG,NA,Schweiz,Schweiz,BS,Gotthelf,switzerland,Aargau,basel,Gotthelf
2024-12,Zuzug,2024,12,Ausländer,W,41,Europa (ohne Schweiz),Deutschland,NA,NA,Schweiz,Schweiz,BS,Bachletten,europe,Germany,basel,Bachletten
2024-12,Zuzug,2024,12,Ausländer,M,41,Schweiz,Schweiz,BE,NA,Schweiz,Schweiz,BS,St. Johann,switzerland,Bern,basel,St. Johann
2024-12,Zuzug,2024,12,Ausländer,M,41,Schweiz,Schweiz,ZH,NA,Schweiz,Schweiz,BS,Vorstädte,switzerland,Zürich,basel,Vorstädte
2024-12,Zuzug,2024,12,Schweizer,M,41,Schweiz,Schweiz,BL,NA,Schweiz,Schweiz,BS,Gundeldingen,switzerland,Basel-Landschaft,basel,Gundeldingen
2024-12,Zuzug,2024,12,Ausländer,M,41,Asien,Indien,NA,NA,Schweiz,Schweiz,BS,Vorstädte,world,India,basel,Vorstädte
2024-12,Zuzug,2024,12,Schweizer,W,41,Schweiz,Schweiz,BE,NA,Schweiz,Schweiz,BS,Bruderholz,switzerland,Bern,basel,Bruderholz
2024-12,Wegzug,2024,12,Ausländer,W,41,Schweiz,Schweiz,BS,Gundeldingen,Schweiz,Schweiz,AG,NA,basel,Gundeldingen,switzerland,Aargau
2024-12,Wegzug,2024,12,Ausländer,M,41,Schweiz,Schweiz,BS,Iselin,Europa (ohne Schweiz),Deutschland,Ausland,NA,basel,Iselin,europe,Germany
2024-12,Wegzug,2024,12,Ausländer,W,41,Schweiz,Schweiz,BS,Riehen,Schweiz,Schweiz,BL,NA,basel,Riehen,switzerland,Basel-Landschaft
2024-12,Wegzug,2024,12,Ausländer,W,41,Schweiz,Schweiz,BS,Matthäus,Europa (ohne Schweiz),Spanien,Ausland,NA,basel,Matthäus,europe,Spain
2024-12,Wegzug,2024,12,Ausländer,M,41,Schweiz,Schweiz,BS,Wettstein,Europa (ohne Schweiz),Italien,Ausland,NA,basel,Wettstein,europe,Italy
2024-12,Wegzug,2024,12,Schweizer,W,41,Schweiz,Schweiz,BS,St. Alban,Schweiz,Schweiz,ZH,NA,basel,St. Alban,switzerland,Zürich
2024-12,Wegzug,2024,12,Ausländer,M,41,Schweiz,Schweiz,BS,Klybeck,Schweiz,Schweiz,BL,NA,basel,Klybeck,switzerland,Basel-Landschaft
2024-12,Wegzug,2024,12,Ausländer,M,41,Schweiz,Schweiz,BS,Breite,NA,NA,NA,NA,basel,Breite,NA,NA
2024-12,Wegzug,2024,12,Ausländer,M,41,Schweiz,Schweiz,BS,Matthäus,Schweiz,Schweiz,ZH,NA,basel,Matthäus,switzerland,Zürich
2024-12,Wegzug,2024,12,Ausländer,W,41,Schweiz,Schweiz,BS,Wettstein,Asien,Korea (Süd-),Ausland,NA,basel,Wettstein,world,South Korea
2024-12,Wegzug,2024,12,Ausländer,M,41,Schweiz,Schweiz,BS,St. Johann,Schweiz,Schweiz,ZH,NA,basel,St. Johann,switzerland,Zürich
2024-12,Wegzug,2024,12,Schweizer,M,41,Schweiz,Schweiz,BS,Gundeldingen,Schweiz,Schweiz,AG,NA,basel,Gundeldingen,switzerland,Aargau
2024-12,Zuzug,2024,12,Ausländer,M,41,Ozeanien,Australien,NA,NA,Schweiz,Schweiz,BS,Altstadt Grossbasel,world,Australia,basel,Altstadt Grossbasel
2024-12,Zuzug,2024,12,Ausländer,M,41,Asien,Indien,NA,NA,Schweiz,Schweiz,BS,Rosental,world,India,basel,Rosental
2024-12,Zuzug,2024,12,Ausländer,M,41,Schweiz,Schweiz,LU,NA,Schweiz,Schweiz,BS,Rosental,switzerland,Luzern,basel,Rosental
2024-12,Zuzug,2024,12,Ausländer,M,41,Nordamerika,Vereinigte Staaten von Amerika,NA,NA,Schweiz,Schweiz,BS,Vorstädte,world,United States of America,basel,Vorstädte
2024-12,Zuzug,2024,12,Ausländer,M,42,Europa (ohne Schweiz),Deutschland,NA,NA,Schweiz,Schweiz,BS,Matthäus,europe,Germany,basel,Matthäus
2024-12,Zuzug,2024,12,Ausländer,W,42,Europa (ohne Schweiz),Lettland,NA,NA,Schweiz,Schweiz,BS,Bachletten,europe,Latvia,basel,Bachletten
2024-12,Wegzug,2024,12,Ausländer,M,42,Schweiz,Schweiz,BS,Hirzbrunnen,Schweiz,Schweiz,BL,NA,basel,Hirzbrunnen,switzerland,Basel-Landschaft
2024-12,Wegzug,2024,12,Schweizer,W,42,Schweiz,Schweiz,BS,Am Ring,Nordamerika,Vereinigte Staaten von Amerika,Ausland,NA,basel,Am Ring,world,United States of America
2024-12,Wegzug,2024,12,Schweizer,W,42,Schweiz,Schweiz,BS,Matthäus,Schweiz,Schweiz,AG,NA,basel,Matthäus,switzerland,Aargau
2024-12,Wegzug,2024,12,Schweizer,M,42,Schweiz,Schweiz,BS,Gundeldingen,Schweiz,Schweiz,BE,NA,basel,Gundeldingen,switzerland,Bern
2024-12,Zuzug,2024,12,Ausländer,M,42,Europa (ohne Schweiz),Polen,NA,NA,Schweiz,Schweiz,BS,Gundeldingen,europe,Poland,basel,Gundeldingen
2024-12,Zuzug,2024,12,Ausländer,M,42,Europa (ohne Schweiz),Deutschland,NA,NA,Schweiz,Schweiz,BS,Matthäus,europe,Germany,basel,Matthäus
2024-12,Zuzug,2024,12,Ausländer,M,42,Schweiz,Schweiz,BL,NA,Schweiz,Schweiz,BS,St. Alban,switzerland,Basel-Landschaft,basel,St. Alban
2024-12,Zuzug,2024,12,Ausländer,M,42,Europa (ohne Schweiz),Belgien,NA,NA,Schweiz,Schweiz,BS,Wettstein,europe,Belgium,basel,Wettstein
2024-12,Zuzug,2024,12,Ausländer,W,42,Schweiz,Schweiz,BL,NA,Schweiz,Schweiz,BS,St. Johann,switzerland,Basel-Landschaft,basel,St. Johann
2024-12,Wegzug,2024,12,Schweizer,W,42,Schweiz,Schweiz,BS,Wettstein,Schweiz,Schweiz,BL,NA,basel,Wettstein,switzerland,Basel-Landschaft
2024-12,Wegzug,2024,12,Ausländer,M,42,Schweiz,Schweiz,BS,St. Johann,Asien,Indien,Ausland,NA,basel,St. Johann,world,India
2024-12,Wegzug,2024,12,Ausländer,M,42,Schweiz,Schweiz,BS,Wettstein,Asien,Korea (Süd-),Ausland,NA,basel,Wettstein,world,South Korea
2024-12,Wegzug,2024,12,Ausländer,M,42,Schweiz,Schweiz,BS,Rosental,Asien,Indien,Ausland,NA,basel,Rosental,world,India
2024-12,Wegzug,2024,12,Ausländer,M,42,Schweiz,Schweiz,BS,Gundeldingen,Asien,China,Ausland,NA,basel,Gundeldingen,world,China
2024-12,Wegzug,2024,12,Ausländer,M,42,Schweiz,Schweiz,BS,Am Ring,Lateinamerika und Karibik,Mexiko,Ausland,NA,basel,Am Ring,world,Mexico
2024-12,Wegzug,2024,12,Ausländer,W,42,Schweiz,Schweiz,BS,Riehen,Schweiz,Schweiz,BL,NA,basel,Riehen,switzerland,Basel-Landschaft
2024-12,Wegzug,2024,12,Ausländer,M,42,Schweiz,Schweiz,BS,St. Johann,Europa (ohne Schweiz),Ungarn,Ausland,NA,basel,St. Johann,europe,Hungary
2024-12,Wegzug,2024,12,Ausländer,M,42,Schweiz,Schweiz,BS,St. Alban,Schweiz,Schweiz,BL,NA,basel,St. Alban,switzerland,Basel-Landschaft
2024-12,Wegzug,2024,12,Ausländer,W,42,Schweiz,Schweiz,BS,Bachletten,Europa (ohne Schweiz),Grossbritannien,Ausland,NA,basel,Bachletten,europe,United Kingdom
2024-12,Zuzug,2024,12,Ausländer,M,43,Europa (ohne Schweiz),Grossbritannien,NA,NA,Schweiz,Schweiz,BS,Wettstein,europe,United Kingdom,basel,Wettstein
2024-12,Zuzug,2024,12,Ausländer,W,43,Europa (ohne Schweiz),Deutschland,NA,NA,Schweiz,Schweiz,BS,Gotthelf,europe,Germany,basel,Gotthelf
2024-12,Zuzug,2024,12,Ausländer,W,43,Europa (ohne Schweiz),Rumänien,NA,NA,Schweiz,Schweiz,BS,Bachletten,europe,Romania,basel,Bachletten
2024-12,Zuzug,2024,12,Schweizer,M,43,Europa (ohne Schweiz),Frankreich,NA,NA,Schweiz,Schweiz,BS,Bachletten,europe,France,basel,Bachletten
2024-12,Zuzug,2024,12,Ausländer,W,43,Schweiz,Schweiz,ZH,NA,Schweiz,Schweiz,BS,Klybeck,switzerland,Zürich,basel,Klybeck
2024-12,Zuzug,2024,12,Ausländer,M,43,Asien,Saudi-Arabien,NA,NA,Schweiz,Schweiz,BS,St. Johann,world,Saudi Arabia,basel,St. Johann
2024-12,Wegzug,2024,12,Ausländer,W,43,Schweiz,Schweiz,BS,Rosental,Schweiz,Schweiz,ZH,NA,basel,Rosental,switzerland,Zürich
2024-12,Wegzug,2024,12,Ausländer,M,43,Schweiz,Schweiz,BS,Rosental,Schweiz,Schweiz,BL,NA,basel,Rosental,switzerland,Basel-Landschaft
2024-12,Wegzug,2024,12,Schweizer,W,43,Schweiz,Schweiz,BS,Wettstein,Schweiz,Schweiz,BL,NA,basel,Wettstein,switzerland,Basel-Landschaft
2024-12,Wegzug,2024,12,Ausländer,M,43,Schweiz,Schweiz,BS,Altstadt Kleinbasel,Schweiz,Schweiz,BL,NA,basel,Altstadt Kleinbasel,switzerland,Basel-Landschaft
2024-12,Wegzug,2024,12,Ausländer,M,43,Schweiz,Schweiz,BS,Gundeldingen,Europa (ohne Schweiz),Deutschland,Ausland,NA,basel,Gundeldingen,europe,Germany
2024-12,Zuzug,2024,12,Schweizer,M,43,Schweiz,Schweiz,SH,NA,Schweiz,Schweiz,BS,Klybeck,switzerland,Schaffhausen,basel,Klybeck
2024-12,Zuzug,2024,12,Ausländer,M,43,Europa (ohne Schweiz),Deutschland,NA,NA,Schweiz,Schweiz,BS,Matthäus,europe,Germany,basel,Matthäus
2024-12,Zuzug,2024,12,Ausländer,W,43,Nordamerika,Vereinigte Staaten von Amerika,NA,NA,Schweiz,Schweiz,BS,St. Alban,world,United States of America,basel,St. Alban
2024-12,Zuzug,2024,12,Ausländer,M,43,Schweiz,Schweiz,TG,NA,Schweiz,Schweiz,BS,Gundeldingen,switzerland,Thurgau,basel,Gundeldingen
2024-12,Zuzug,2024,12,Ausländer,W,43,Afrika,Marokko,NA,NA,Schweiz,Schweiz,BS,Rosental,world,Morocco,basel,Rosental
2024-12,Wegzug,2024,12,Ausländer,M,43,Schweiz,Schweiz,BS,Wettstein,Asien,Japan,Ausland,NA,basel,Wettstein,world,Japan
2024-12,Wegzug,2024,12,Ausländer,W,43,Schweiz,Schweiz,BS,St. Johann,Schweiz,Schweiz,AG,NA,basel,St. Johann,switzerland,Aargau
2024-12,Wegzug,2024,12,Ausländer,W,43,Schweiz,Schweiz,BS,Breite,Europa (ohne Schweiz),Ukraine,Ausland,NA,basel,Breite,europe,Ukraine
2024-12,Wegzug,2024,12,Ausländer,M,43,Schweiz,Schweiz,BS,Altstadt Kleinbasel,Schweiz,Schweiz,BL,NA,basel,Altstadt Kleinbasel,switzerland,Basel-Landschaft
2024-12,Wegzug,2024,12,Schweizer,W,43,Schweiz,Schweiz,BS,Hirzbrunnen,Schweiz,Schweiz,ZH,NA,basel,Hirzbrunnen,switzerland,Zürich
2024-12,Wegzug,2024,12,Ausländer,W,43,Schweiz,Schweiz,BS,St. Alban,Schweiz,Schweiz,BL,NA,basel,St. Alban,switzerland,Basel-Landschaft
2024-12,Wegzug,2024,12,Ausländer,M,43,Schweiz,Schweiz,BS,Wettstein,Asien,Indien,Ausland,NA,basel,Wettstein,world,India
2024-12,Wegzug,2024,12,Ausländer,M,43,Schweiz,Schweiz,BS,St. Alban,Europa (ohne Schweiz),Portugal,Ausland,NA,basel,St. Alban,europe,Portugal
2024-12,Wegzug,2024,12,Schweizer,W,43,Schweiz,Schweiz,BS,Iselin,Schweiz,Schweiz,BL,NA,basel,Iselin,switzerland,Basel-Landschaft
2024-12,Wegzug,2024,12,Ausländer,M,43,Schweiz,Schweiz,BS,Rosental,Europa (ohne Schweiz),Deutschland,Ausland,NA,basel,Rosental,europe,Germany
2024-12,Zuzug,2024,12,Ausländer,M,43,Europa (ohne Schweiz),Deutschland,NA,NA,Schweiz,Schweiz,BS,St. Alban,europe,Germany,basel,St. Alban
2024-12,Zuzug,2024,12,Ausländer,W,43,Europa (ohne Schweiz),Italien,NA,NA,Schweiz,Schweiz,BS,Klybeck,europe,Italy,basel,Klybeck
2024-12,Zuzug,2024,12,Ausländer,W,43,Europa (ohne Schweiz),Deutschland,NA,NA,Schweiz,Schweiz,BS,Hirzbrunnen,europe,Germany,basel,Hirzbrunnen
2024-12,Zuzug,2024,12,Ausländer,M,44,Europa (ohne Schweiz),Deutschland,NA,NA,Schweiz,Schweiz,BS,Matthäus,europe,Germany,basel,Matthäus
2024-12,Zuzug,2024,12,Schweizer,W,44,Schweiz,Schweiz,AG,NA,Schweiz,Schweiz,BS,Am Ring,switzerland,Aargau,basel,Am Ring
2024-12,Zuzug,2024,12,Ausländer,W,44,Europa (ohne Schweiz),Deutschland,NA,NA,Schweiz,Schweiz,BS,Matthäus,europe,Germany,basel,Matthäus
2024-12,Zuzug,2024,12,Ausländer,W,44,Europa (ohne Schweiz),Ukraine,NA,NA,Schweiz,Schweiz,BS,Vorstädte,europe,Ukraine,basel,Vorstädte
2024-12,Wegzug,2024,12,Ausländer,M,44,Schweiz,Schweiz,BS,Am Ring,Afrika,Ruanda,Ausland,NA,basel,Am Ring,world,Rwanda
2024-12,Wegzug,2024,12,Ausländer,M,44,Schweiz,Schweiz,BS,Klybeck,Schweiz,Schweiz,BL,NA,basel,Klybeck,switzerland,Basel-Landschaft
2024-12,Zuzug,2024,12,Ausländer,W,44,Schweiz,Schweiz,BE,NA,Schweiz,Schweiz,BS,Kleinhüningen,switzerland,Bern,basel,Kleinhüningen
2024-12,Zuzug,2024,12,Schweizer,W,44,Schweiz,Schweiz,BL,NA,Schweiz,Schweiz,BS,Gundeldingen,switzerland,Basel-Landschaft,basel,Gundeldingen
2024-12,Wegzug,2024,12,Ausländer,W,44,Schweiz,Schweiz,BS,Am Ring,NA,NA,NA,NA,basel,Am Ring,NA,NA
2024-12,Wegzug,2024,12,Schweizer,M,44,Schweiz,Schweiz,BS,Matthäus,Schweiz,Schweiz,ZG,NA,basel,Matthäus,switzerland,Zug
2024-12,Wegzug,2024,12,Schweizer,W,44,Schweiz,Schweiz,BS,St. Alban,Schweiz,Schweiz,BL,NA,basel,St. Alban,switzerland,Basel-Landschaft
2024-12,Wegzug,2024,12,Ausländer,M,44,Schweiz,Schweiz,BS,Riehen,Schweiz,Schweiz,BL,NA,basel,Riehen,switzerland,Basel-Landschaft
2024-12,Wegzug,2024,12,Ausländer,W,44,Schweiz,Schweiz,BS,Gundeldingen,Europa (ohne Schweiz),Deutschland,Ausland,NA,basel,Gundeldingen,europe,Germany
2024-12,Wegzug,2024,12,Ausländer,M,44,Schweiz,Schweiz,BS,Bachletten,Schweiz,Schweiz,BL,NA,basel,Bachletten,switzerland,Basel-Landschaft
2024-12,Wegzug,2024,12,Ausländer,W,44,Schweiz,Schweiz,BS,St. Johann,Schweiz,Schweiz,BL,NA,basel,St. Johann,switzerland,Basel-Landschaft
2024-12,Wegzug,2024,12,Schweizer,W,44,Schweiz,Schweiz,BS,Am Ring,Schweiz,Schweiz,BL,NA,basel,Am Ring,switzerland,Basel-Landschaft
2024-12,Wegzug,2024,12,Ausländer,M,44,Schweiz,Schweiz,BS,Matthäus,Europa (ohne Schweiz),Deutschland,Ausland,NA,basel,Matthäus,europe,Germany
2024-12,Wegzug,2024,12,Ausländer,M,44,Schweiz,Schweiz,BS,Rosental,Europa (ohne Schweiz),Deutschland,Ausland,NA,basel,Rosental,europe,Germany
2024-12,Wegzug,2024,12,Schweizer,M,44,Schweiz,Schweiz,BS,Vorstädte,Schweiz,Schweiz,BL,NA,basel,Vorstädte,switzerland,Basel-Landschaft
2024-12,Wegzug,2024,12,Ausländer,M,44,Schweiz,Schweiz,BS,St. Johann,Asien,Indien,Ausland,NA,basel,St. Johann,world,India
2024-12,Wegzug,2024,12,Ausländer,W,44,Schweiz,Schweiz,BS,Altstadt Grossbasel,Schweiz,Schweiz,LU,NA,basel,Altstadt Grossbasel,switzerland,Luzern
2024-12,Wegzug,2024,12,Ausländer,M,44,Schweiz,Schweiz,BS,St. Alban,Asien,Japan,Ausland,NA,basel,St. Alban,world,Japan
2024-12,Wegzug,2024,12,Schweizer,M,44,Schweiz,Schweiz,BS,Gundeldingen,Europa (ohne Schweiz),Deutschland,Ausland,NA,basel,Gundeldingen,europe,Germany
2024-12,Wegzug,2024,12,Ausländer,M,44,Schweiz,Schweiz,BS,Gundeldingen,Europa (ohne Schweiz),Deutschland,Ausland,NA,basel,Gundeldingen,europe,Germany
2024-12,Wegzug,2024,12,Ausländer,W,44,Schweiz,Schweiz,BS,Matthäus,Europa (ohne Schweiz),Grossbritannien,Ausland,NA,basel,Matthäus,europe,United Kingdom
2024-12,Wegzug,2024,12,Schweizer,W,44,Schweiz,Schweiz,BS,Altstadt Kleinbasel,Schweiz,Schweiz,BL,NA,basel,Altstadt Kleinbasel,switzerland,Basel-Landschaft
2024-12,Zuzug,2024,12,Ausländer,W,44,Europa (ohne Schweiz),Polen,NA,NA,Schweiz,Schweiz,BS,Gundeldingen,europe,Poland,basel,Gundeldingen
2024-12,Zuzug,2024,12,Ausländer,M,44,Europa (ohne Schweiz),Deutschland,NA,NA,Schweiz,Schweiz,BS,Riehen,europe,Germany,basel,Riehen
2024-12,Zuzug,2024,12,Ausländer,M,44,Europa (ohne Schweiz),Ukraine,NA,NA,Schweiz,Schweiz,BS,Vorstädte,europe,Ukraine,basel,Vorstädte
2024-12,Zuzug,2024,12,Ausländer,M,44,Schweiz,Schweiz,BL,NA,Schweiz,Schweiz,BS,Riehen,switzerland,Basel-Landschaft,basel,Riehen
2024-12,Zuzug,2024,12,Schweizer,W,44,Schweiz,Schweiz,BL,NA,Schweiz,Schweiz,BS,Klybeck,switzerland,Basel-Landschaft,basel,Klybeck
2024-12,Zuzug,2024,12,Ausländer,W,45,Schweiz,Schweiz,BL,NA,Schweiz,Schweiz,BS,Iselin,switzerland,Basel-Landschaft,basel,Iselin
2024-12,Zuzug,2024,12,Schweizer,M,45,Europa (ohne Schweiz),Deutschland,NA,NA,Schweiz,Schweiz,BS,Riehen,europe,Germany,basel,Riehen
2024-12,Zuzug,2024,12,Ausländer,W,45,Europa (ohne Schweiz),Portugal,NA,NA,Schweiz,Schweiz,BS,St. Johann,europe,Portugal,basel,St. Johann
2024-12,Zuzug,2024,12,Schweizer,W,45,Schweiz,Schweiz,BL,NA,Schweiz,Schweiz,BS,Altstadt Kleinbasel,switzerland,Basel-Landschaft,basel,Altstadt Kleinbasel
2024-12,Wegzug,2024,12,Ausländer,M,45,Schweiz,Schweiz,BS,Bachletten,Europa (ohne Schweiz),Italien,Ausland,NA,basel,Bachletten,europe,Italy
2024-12,Wegzug,2024,12,Ausländer,M,45,Schweiz,Schweiz,BS,Bachletten,Europa (ohne Schweiz),Grossbritannien,Ausland,NA,basel,Bachletten,europe,United Kingdom
2024-12,Wegzug,2024,12,Ausländer,W,45,Schweiz,Schweiz,BS,Bruderholz,Europa (ohne Schweiz),Deutschland,Ausland,NA,basel,Bruderholz,europe,Germany
2024-12,Wegzug,2024,12,Ausländer,M,45,Schweiz,Schweiz,BS,St. Johann,Schweiz,Schweiz,AG,NA,basel,St. Johann,switzerland,Aargau
2024-12,Zuzug,2024,12,Ausländer,M,45,Schweiz,Schweiz,ZH,NA,Schweiz,Schweiz,BS,Bruderholz,switzerland,Zürich,basel,Bruderholz
2024-12,Zuzug,2024,12,Ausländer,W,45,Europa (ohne Schweiz),Deutschland,NA,NA,Schweiz,Schweiz,BS,Riehen,europe,Germany,basel,Riehen
2024-12,Zuzug,2024,12,Ausländer,M,45,Europa (ohne Schweiz),Spanien,NA,NA,Schweiz,Schweiz,BS,Iselin,europe,Spain,basel,Iselin
2024-12,Zuzug,2024,12,Ausländer,M,45,Lateinamerika und Karibik,Peru,NA,NA,Schweiz,Schweiz,BS,Matthäus,world,Peru,basel,Matthäus
2024-12,Zuzug,2024,12,Schweizer,M,45,Schweiz,Schweiz,BL,NA,Schweiz,Schweiz,BS,Bruderholz,switzerland,Basel-Landschaft,basel,Bruderholz
2024-12,Wegzug,2024,12,Ausländer,M,45,Schweiz,Schweiz,BS,Bruderholz,Schweiz,Schweiz,BL,NA,basel,Bruderholz,switzerland,Basel-Landschaft
2024-12,Wegzug,2024,12,Ausländer,M,45,Schweiz,Schweiz,BS,Gundeldingen,Schweiz,Schweiz,LU,NA,basel,Gundeldingen,switzerland,Luzern
2024-12,Wegzug,2024,12,Ausländer,M,45,Schweiz,Schweiz,BS,Matthäus,Schweiz,Schweiz,ZG,NA,basel,Matthäus,switzerland,Zug
2024-12,Zuzug,2024,12,Ausländer,M,45,Europa (ohne Schweiz),Deutschland,NA,NA,Schweiz,Schweiz,BS,Riehen,europe,Germany,basel,Riehen
2024-12,Zuzug,2024,12,Ausländer,W,45,Schweiz,Schweiz,BL,NA,Schweiz,Schweiz,BS,St. Alban,switzerland,Basel-Landschaft,basel,St. Alban
2024-12,Zuzug,2024,12,Ausländer,W,45,Europa (ohne Schweiz),Ukraine,NA,NA,Schweiz,Schweiz,BS,Vorstädte,europe,Ukraine,basel,Vorstädte
2024-12,Zuzug,2024,12,Ausländer,M,45,Schweiz,Schweiz,BL,NA,Schweiz,Schweiz,BS,St. Johann,switzerland,Basel-Landschaft,basel,St. Johann
2024-12,Zuzug,2024,12,Ausländer,W,45,Europa (ohne Schweiz),Deutschland,NA,NA,Schweiz,Schweiz,BS,Hirzbrunnen,europe,Germany,basel,Hirzbrunnen
2024-12,Zuzug,2024,12,Ausländer,W,46,Europa (ohne Schweiz),Deutschland,NA,NA,Schweiz,Schweiz,BS,Am Ring,europe,Germany,basel,Am Ring
2024-12,Zuzug,2024,12,Ausländer,M,46,Europa (ohne Schweiz),Spanien,NA,NA,Schweiz,Schweiz,BS,Riehen,europe,Spain,basel,Riehen
2024-12,Wegzug,2024,12,Schweizer,W,46,Schweiz,Schweiz,BS,Riehen,Schweiz,Schweiz,BL,NA,basel,Riehen,switzerland,Basel-Landschaft
2024-12,Wegzug,2024,12,Ausländer,W,46,Schweiz,Schweiz,BS,St. Alban,Europa (ohne Schweiz),Portugal,Ausland,NA,basel,St. Alban,europe,Portugal
2024-12,Wegzug,2024,12,Ausländer,W,46,Schweiz,Schweiz,BS,Am Ring,Europa (ohne Schweiz),Italien,Ausland,NA,basel,Am Ring,europe,Italy
2024-12,Wegzug,2024,12,Ausländer,M,46,Schweiz,Schweiz,BS,Gundeldingen,Europa (ohne Schweiz),Frankreich,Ausland,NA,basel,Gundeldingen,europe,France
2024-12,Wegzug,2024,12,Ausländer,W,46,Schweiz,Schweiz,BS,St. Alban,Asien,Japan,Ausland,NA,basel,St. Alban,world,Japan
2024-12,Zuzug,2024,12,Ausländer,M,46,Europa (ohne Schweiz),Deutschland,NA,NA,Schweiz,Schweiz,BS,Gotthelf,europe,Germany,basel,Gotthelf
2024-12,Zuzug,2024,12,Ausländer,M,46,Europa (ohne Schweiz),Portugal,NA,NA,Schweiz,Schweiz,BS,Gundeldingen,europe,Portugal,basel,Gundeldingen
2024-12,Zuzug,2024,12,Schweizer,M,46,Schweiz,Schweiz,BL,NA,Schweiz,Schweiz,BS,Hirzbrunnen,switzerland,Basel-Landschaft,basel,Hirzbrunnen
2024-12,Zuzug,2024,12,Schweizer,M,46,Schweiz,Schweiz,VD,NA,Schweiz,Schweiz,BS,Wettstein,switzerland,Vaud,basel,Wettstein
2024-12,Wegzug,2024,12,Ausländer,W,46,Schweiz,Schweiz,BS,St. Johann,Europa (ohne Schweiz),Spanien,Ausland,NA,basel,St. Johann,europe,Spain
2024-12,Wegzug,2024,12,Schweizer,M,46,Schweiz,Schweiz,BS,Bachletten,Schweiz,Schweiz,VS,NA,basel,Bachletten,switzerland,Valais
2024-12,Wegzug,2024,12,Ausländer,M,46,Schweiz,Schweiz,BS,Am Ring,Europa (ohne Schweiz),Italien,Ausland,NA,basel,Am Ring,europe,Italy
2024-12,Wegzug,2024,12,Ausländer,M,46,Schweiz,Schweiz,BS,Matthäus,Schweiz,Schweiz,BL,NA,basel,Matthäus,switzerland,Basel-Landschaft
2024-12,Wegzug,2024,12,Schweizer,W,46,Schweiz,Schweiz,BS,Matthäus,Schweiz,Schweiz,AG,NA,basel,Matthäus,switzerland,Aargau
2024-12,Wegzug,2024,12,Ausländer,M,46,Schweiz,Schweiz,BS,Klybeck,Schweiz,Schweiz,BL,NA,basel,Klybeck,switzerland,Basel-Landschaft
2024-12,Wegzug,2024,12,Schweizer,M,46,Schweiz,Schweiz,BS,Am Ring,Schweiz,Schweiz,VS,NA,basel,Am Ring,switzerland,Valais
2024-12,Wegzug,2024,12,Ausländer,M,46,Schweiz,Schweiz,BS,Gundeldingen,Schweiz,Schweiz,BL,NA,basel,Gundeldingen,switzerland,Basel-Landschaft
2024-12,Wegzug,2024,12,Ausländer,M,46,Schweiz,Schweiz,BS,Am Ring,Europa (ohne Schweiz),Zypern,Ausland,NA,basel,Am Ring,world,Cyprus
2024-12,Wegzug,2024,12,Schweizer,W,46,Schweiz,Schweiz,BS,Hirzbrunnen,Schweiz,Schweiz,BL,NA,basel,Hirzbrunnen,switzerland,Basel-Landschaft
2024-12,Zuzug,2024,12,Ausländer,W,46,Europa (ohne Schweiz),Deutschland,NA,NA,Schweiz,Schweiz,BS,St. Johann,europe,Germany,basel,St. Johann
2024-12,Zuzug,2024,12,Ausländer,M,46,NA,NA,NA,NA,Schweiz,Schweiz,BS,Vorstädte,NA,NA,basel,Vorstädte
2024-12,Zuzug,2024,12,Ausländer,W,46,Asien,Thailand,NA,NA,Schweiz,Schweiz,BS,Matthäus,world,Thailand,basel,Matthäus
2024-12,Zuzug,2024,12,Ausländer,M,46,Schweiz,Schweiz,ZH,NA,Schweiz,Schweiz,BS,Bruderholz,switzerland,Zürich,basel,Bruderholz
2024-12,Zuzug,2024,12,Schweizer,M,46,Schweiz,Schweiz,VS,NA,Schweiz,Schweiz,BS,Riehen,switzerland,Valais,basel,Riehen
2024-12,Zuzug,2024,12,Ausländer,W,47,Europa (ohne Schweiz),Deutschland,NA,NA,Schweiz,Schweiz,BS,Vorstädte,europe,Germany,basel,Vorstädte
2024-12,Zuzug,2024,12,Ausländer,W,47,Europa (ohne Schweiz),Ukraine,NA,NA,Schweiz,Schweiz,BS,Vorstädte,europe,Ukraine,basel,Vorstädte
2024-12,Wegzug,2024,12,Ausländer,M,47,Schweiz,Schweiz,BS,St. Johann,NA,NA,NA,NA,basel,St. Johann,NA,NA
2024-12,Wegzug,2024,12,Schweizer,M,47,Schweiz,Schweiz,BS,Hirzbrunnen,Schweiz,Schweiz,BL,NA,basel,Hirzbrunnen,switzerland,Basel-Landschaft
2024-12,Wegzug,2024,12,Schweizer,M,47,Schweiz,Schweiz,BS,St. Alban,Schweiz,Schweiz,BL,NA,basel,St. Alban,switzerland,Basel-Landschaft
2024-12,Zuzug,2024,12,Ausländer,W,47,Schweiz,Schweiz,ZH,NA,Schweiz,Schweiz,BS,Iselin,switzerland,Zürich,basel,Iselin
2024-12,Zuzug,2024,12,Ausländer,M,47,Europa (ohne Schweiz),Spanien,NA,NA,Schweiz,Schweiz,BS,Bachletten,europe,Spain,basel,Bachletten
2024-12,Zuzug,2024,12,Ausländer,W,47,Asien,China,NA,NA,Schweiz,Schweiz,BS,Gundeldingen,world,China,basel,Gundeldingen
2024-12,Wegzug,2024,12,Ausländer,M,47,Schweiz,Schweiz,BS,Clara,NA,NA,NA,NA,basel,Clara,NA,NA
2024-12,Wegzug,2024,12,Ausländer,M,47,Schweiz,Schweiz,BS,St. Johann,Schweiz,Schweiz,ZH,NA,basel,St. Johann,switzerland,Zürich
2024-12,Wegzug,2024,12,Ausländer,M,47,Schweiz,Schweiz,BS,Wettstein,Schweiz,Schweiz,BL,NA,basel,Wettstein,switzerland,Basel-Landschaft
2024-12,Wegzug,2024,12,Ausländer,W,47,Schweiz,Schweiz,BS,Klybeck,Europa (ohne Schweiz),Frankreich,Ausland,NA,basel,Klybeck,europe,France
2024-12,Wegzug,2024,12,Schweizer,M,47,Schweiz,Schweiz,BS,Gundeldingen,Schweiz,Schweiz,BL,NA,basel,Gundeldingen,switzerland,Basel-Landschaft
2024-12,Wegzug,2024,12,Schweizer,W,47,Schweiz,Schweiz,BS,Bachletten,Schweiz,Schweiz,BL,NA,basel,Bachletten,switzerland,Basel-Landschaft
2024-12,Wegzug,2024,12,Ausländer,M,47,Schweiz,Schweiz,BS,Matthäus,Europa (ohne Schweiz),Irland,Ausland,NA,basel,Matthäus,europe,Ireland
2024-12,Zuzug,2024,12,Schweizer,W,47,Schweiz,Schweiz,BE,NA,Schweiz,Schweiz,BS,Iselin,switzerland,Bern,basel,Iselin
2024-12,Zuzug,2024,12,Ausländer,M,47,Schweiz,Schweiz,BL,NA,Schweiz,Schweiz,BS,Riehen,switzerland,Basel-Landschaft,basel,Riehen
2024-12,Zuzug,2024,12,Ausländer,W,47,Europa (ohne Schweiz),Ukraine,NA,NA,Schweiz,Schweiz,BS,Vorstädte,europe,Ukraine,basel,Vorstädte
2024-12,Zuzug,2024,12,Ausländer,W,47,Europa (ohne Schweiz),Spanien,NA,NA,Schweiz,Schweiz,BS,St. Johann,europe,Spain,basel,St. Johann
2024-12,Zuzug,2024,12,Ausländer,W,48,Europa (ohne Schweiz),Türkei,NA,NA,Schweiz,Schweiz,BS,St. Johann,world,Turkey,basel,St. Johann
2024-12,Zuzug,2024,12,Ausländer,W,48,Europa (ohne Schweiz),Weissrussland,NA,NA,Schweiz,Schweiz,BS,Iselin,europe,Belarus,basel,Iselin
2024-12,Wegzug,2024,12,Ausländer,M,48,Schweiz,Schweiz,BS,Klybeck,Europa (ohne Schweiz),Frankreich,Ausland,NA,basel,Klybeck,europe,France
2024-12,Wegzug,2024,12,Ausländer,W,48,Schweiz,Schweiz,BS,Wettstein,Nordamerika,Vereinigte Staaten von Amerika,Ausland,NA,basel,Wettstein,world,United States of America
2024-12,Wegzug,2024,12,Schweizer,W,48,Schweiz,Schweiz,BS,Iselin,Schweiz,Schweiz,BL,NA,basel,Iselin,switzerland,Basel-Landschaft
2024-12,Wegzug,2024,12,Ausländer,M,48,Schweiz,Schweiz,BS,St. Johann,Europa (ohne Schweiz),Frankreich,Ausland,NA,basel,St. Johann,europe,France
2024-12,Wegzug,2024,12,Schweizer,W,48,Schweiz,Schweiz,BS,Bruderholz,Europa (ohne Schweiz),Belgien,Ausland,NA,basel,Bruderholz,europe,Belgium
2024-12,Zuzug,2024,12,Ausländer,M,48,Europa (ohne Schweiz),Deutschland,NA,NA,Schweiz,Schweiz,BS,Hirzbrunnen,europe,Germany,basel,Hirzbrunnen
2024-12,Wegzug,2024,12,Ausländer,M,48,Schweiz,Schweiz,BS,Am Ring,Europa (ohne Schweiz),Polen,Ausland,NA,basel,Am Ring,europe,Poland
2024-12,Wegzug,2024,12,Ausländer,M,48,Schweiz,Schweiz,BS,Clara,Asien,Indien,Ausland,NA,basel,Clara,world,India
2024-12,Wegzug,2024,12,Ausländer,W,48,Schweiz,Schweiz,BS,Rosental,NA,NA,NA,NA,basel,Rosental,NA,NA
2024-12,Wegzug,2024,12,Ausländer,M,48,Schweiz,Schweiz,BS,Matthäus,Schweiz,Schweiz,AG,NA,basel,Matthäus,switzerland,Aargau
2024-12,Wegzug,2024,12,Ausländer,W,48,Schweiz,Schweiz,BS,St. Johann,Europa (ohne Schweiz),Frankreich,Ausland,NA,basel,St. Johann,europe,France
2024-12,Wegzug,2024,12,Schweizer,M,48,Schweiz,Schweiz,BS,Vorstädte,Asien,Aserbaidschan,Ausland,NA,basel,Vorstädte,world,Azerbaijan
2024-12,Wegzug,2024,12,Ausländer,W,48,Schweiz,Schweiz,BS,Matthäus,Schweiz,Schweiz,BL,NA,basel,Matthäus,switzerland,Basel-Landschaft
2024-12,Wegzug,2024,12,Ausländer,M,48,Schweiz,Schweiz,BS,Iselin,Asien,Thailand,Ausland,NA,basel,Iselin,world,Thailand
2024-12,Wegzug,2024,12,Ausländer,M,48,Schweiz,Schweiz,BS,Matthäus,Schweiz,Schweiz,BE,NA,basel,Matthäus,switzerland,Bern
2024-12,Wegzug,2024,12,Ausländer,M,48,Schweiz,Schweiz,BS,St. Johann,NA,NA,NA,NA,basel,St. Johann,NA,NA
2024-12,Zuzug,2024,12,Ausländer,M,48,Europa (ohne Schweiz),Deutschland,NA,NA,Schweiz,Schweiz,BS,Am Ring,europe,Germany,basel,Am Ring
2024-12,Zuzug,2024,12,Ausländer,M,48,Schweiz,Schweiz,AG,NA,Schweiz,Schweiz,BS,Am Ring,switzerland,Aargau,basel,Am Ring
2024-12,Zuzug,2024,12,Ausländer,M,49,Europa (ohne Schweiz),Schweden,NA,NA,Schweiz,Schweiz,BS,Am Ring,europe,Sweden,basel,Am Ring
2024-12,Wegzug,2024,12,Schweizer,M,49,Schweiz,Schweiz,BS,Iselin,Europa (ohne Schweiz),Spanien,Ausland,NA,basel,Iselin,europe,Spain
2024-12,Wegzug,2024,12,Ausländer,W,49,Schweiz,Schweiz,BS,Riehen,Schweiz,Schweiz,BL,NA,basel,Riehen,switzerland,Basel-Landschaft
2024-12,Zuzug,2024,12,Ausländer,M,49,Schweiz,Schweiz,BL,NA,Schweiz,Schweiz,BS,St. Alban,switzerland,Basel-Landschaft,basel,St. Alban
2024-12,Wegzug,2024,12,Schweizer,M,49,Schweiz,Schweiz,BS,Altstadt Grossbasel,Schweiz,Schweiz,OW,NA,basel,Altstadt Grossbasel,switzerland,Obwalden
2024-12,Wegzug,2024,12,Ausländer,W,49,Schweiz,Schweiz,BS,Rosental,Schweiz,Schweiz,BL,NA,basel,Rosental,switzerland,Basel-Landschaft
2024-12,Wegzug,2024,12,Schweizer,M,49,Schweiz,Schweiz,BS,Bachletten,Schweiz,Schweiz,BL,NA,basel,Bachletten,switzerland,Basel-Landschaft
2024-12,Wegzug,2024,12,Ausländer,W,49,Schweiz,Schweiz,BS,Am Ring,Afrika,Tansania,Ausland,NA,basel,Am Ring,world,Tanzania
2024-12,Zuzug,2024,12,Schweizer,W,49,Schweiz,Schweiz,AR,NA,Schweiz,Schweiz,BS,Riehen,switzerland,Appenzell Ausserrhoden,basel,Riehen
2024-12,Zuzug,2024,12,Schweizer,M,49,Schweiz,Schweiz,AG,NA,Schweiz,Schweiz,BS,Matthäus,switzerland,Aargau,basel,Matthäus
2024-12,Zuzug,2024,12,Ausländer,W,50,Asien,Singapur,NA,NA,Schweiz,Schweiz,BS,Riehen,world,Malaysia,basel,Riehen
2024-12,Zuzug,2024,12,Schweizer,M,50,Schweiz,Schweiz,AG,NA,Schweiz,Schweiz,BS,Gundeldingen,switzerland,Aargau,basel,Gundeldingen
2024-12,Zuzug,2024,12,Ausländer,W,50,Lateinamerika und Karibik,Brasilien,NA,NA,Schweiz,Schweiz,BS,Wettstein,world,Brazil,basel,Wettstein
2024-12,Wegzug,2024,12,Ausländer,M,50,Schweiz,Schweiz,BS,Bachletten,Europa (ohne Schweiz),Rumänien,Ausland,NA,basel,Bachletten,europe,Romania
2024-12,Wegzug,2024,12,Ausländer,M,50,Schweiz,Schweiz,BS,Matthäus,Schweiz,Schweiz,ZH,NA,basel,Matthäus,switzerland,Zürich
2024-12,Wegzug,2024,12,Schweizer,M,50,Schweiz,Schweiz,BS,Iselin,Schweiz,Schweiz,BL,NA,basel,Iselin,switzerland,Basel-Landschaft
2024-12,Zuzug,2024,12,Ausländer,M,50,Lateinamerika und Karibik,Brasilien,NA,NA,Schweiz,Schweiz,BS,Wettstein,world,Brazil,basel,Wettstein
2024-12,Zuzug,2024,12,Ausländer,M,50,Europa (ohne Schweiz),Spanien,NA,NA,Schweiz,Schweiz,BS,Gundeldingen,europe,Spain,basel,Gundeldingen
2024-12,Wegzug,2024,12,Schweizer,W,50,Schweiz,Schweiz,BS,Iselin,Lateinamerika und Karibik,Venezuela,Ausland,NA,basel,Iselin,world,Venezuela
2024-12,Wegzug,2024,12,Ausländer,W,50,Schweiz,Schweiz,BS,Iselin,Schweiz,Schweiz,GR,NA,basel,Iselin,switzerland,Graubünden
2024-12,Wegzug,2024,12,Ausländer,W,50,Schweiz,Schweiz,BS,Riehen,Schweiz,Schweiz,ZH,NA,basel,Riehen,switzerland,Zürich
2024-12,Wegzug,2024,12,Schweizer,M,50,Schweiz,Schweiz,BS,Gotthelf,Europa (ohne Schweiz),Frankreich,Ausland,NA,basel,Gotthelf,europe,France
2024-12,Wegzug,2024,12,Ausländer,M,50,Schweiz,Schweiz,BS,St. Johann,Europa (ohne Schweiz),Italien,Ausland,NA,basel,St. Johann,europe,Italy
2024-12,Wegzug,2024,12,Ausländer,W,50,Schweiz,Schweiz,BS,Wettstein,Schweiz,Schweiz,AG,NA,basel,Wettstein,switzerland,Aargau
2024-12,Wegzug,2024,12,Ausländer,M,50,Schweiz,Schweiz,BS,Gundeldingen,Europa (ohne Schweiz),Griechenland,Ausland,NA,basel,Gundeldingen,europe,Greece
2024-12,Wegzug,2024,12,Ausländer,W,50,Schweiz,Schweiz,BS,Am Ring,Lateinamerika und Karibik,Chile,Ausland,NA,basel,Am Ring,world,Chile
2024-12,Zuzug,2024,12,Schweizer,M,50,Schweiz,Schweiz,AG,NA,Schweiz,Schweiz,BS,Iselin,switzerland,Aargau,basel,Iselin
2024-12,Zuzug,2024,12,Schweizer,M,51,Schweiz,Schweiz,BL,NA,Schweiz,Schweiz,BS,Riehen,switzerland,Basel-Landschaft,basel,Riehen
2024-12,Wegzug,2024,12,Ausländer,M,51,Schweiz,Schweiz,BS,Matthäus,Schweiz,Schweiz,AG,NA,basel,Matthäus,switzerland,Aargau
2024-12,Wegzug,2024,12,Schweizer,W,51,Schweiz,Schweiz,BS,St. Johann,Schweiz,Schweiz,LU,NA,basel,St. Johann,switzerland,Luzern
2024-12,Wegzug,2024,12,Ausländer,M,51,Schweiz,Schweiz,BS,Altstadt Grossbasel,Europa (ohne Schweiz),Grossbritannien,Ausland,NA,basel,Altstadt Grossbasel,europe,United Kingdom
2024-12,Wegzug,2024,12,Ausländer,W,51,Schweiz,Schweiz,BS,St. Alban,Europa (ohne Schweiz),Spanien,Ausland,NA,basel,St. Alban,europe,Spain
2024-12,Zuzug,2024,12,Ausländer,W,51,Europa (ohne Schweiz),Italien,NA,NA,Schweiz,Schweiz,BS,Matthäus,europe,Italy,basel,Matthäus
2024-12,Zuzug,2024,12,Schweizer,W,51,Schweiz,Schweiz,VD,NA,Schweiz,Schweiz,BS,Am Ring,switzerland,Vaud,basel,Am Ring
2024-12,Zuzug,2024,12,Schweizer,W,51,Schweiz,Schweiz,SH,NA,Schweiz,Schweiz,BS,Klybeck,switzerland,Schaffhausen,basel,Klybeck
2024-12,Wegzug,2024,12,Ausländer,M,51,Schweiz,Schweiz,BS,St. Johann,Schweiz,Schweiz,BL,NA,basel,St. Johann,switzerland,Basel-Landschaft
2024-12,Wegzug,2024,12,Ausländer,M,51,Schweiz,Schweiz,BS,Am Ring,Europa (ohne Schweiz),Oesterreich,Ausland,NA,basel,Am Ring,europe,Austria
2024-12,Wegzug,2024,12,Schweizer,W,51,Schweiz,Schweiz,BS,St. Johann,Schweiz,Schweiz,BL,NA,basel,St. Johann,switzerland,Basel-Landschaft
2024-12,Zuzug,2024,12,Ausländer,M,51,Europa (ohne Schweiz),Deutschland,NA,NA,Schweiz,Schweiz,BS,Riehen,europe,Germany,basel,Riehen
2024-12,Zuzug,2024,12,Ausländer,M,51,Europa (ohne Schweiz),Deutschland,NA,NA,Schweiz,Schweiz,BS,Gundeldingen,europe,Germany,basel,Gundeldingen
2024-12,Zuzug,2024,12,Schweizer,W,51,Schweiz,Schweiz,BE,NA,Schweiz,Schweiz,BS,St. Johann,switzerland,Bern,basel,St. Johann
2024-12,Zuzug,2024,12,Schweizer,M,52,Schweiz,Schweiz,BL,NA,Schweiz,Schweiz,BS,Gundeldingen,switzerland,Basel-Landschaft,basel,Gundeldingen
2024-12,Zuzug,2024,12,Ausländer,W,52,NA,NA,NA,NA,Schweiz,Schweiz,BS,Vorstädte,NA,NA,basel,Vorstädte
2024-12,Wegzug,2024,12,Schweizer,W,52,Schweiz,Schweiz,BS,Bachletten,Schweiz,Schweiz,BL,NA,basel,Bachletten,switzerland,Basel-Landschaft
2024-12,Zuzug,2024,12,Ausländer,M,52,Schweiz,Schweiz,SO,NA,Schweiz,Schweiz,BS,Bruderholz,switzerland,Solothurn,basel,Bruderholz
2024-12,Zuzug,2024,12,Ausländer,W,52,Europa (ohne Schweiz),Frankreich,NA,NA,Schweiz,Schweiz,BS,Altstadt Grossbasel,europe,France,basel,Altstadt Grossbasel
2024-12,Zuzug,2024,12,Ausländer,W,52,Asien,Libanon,NA,NA,Schweiz,Schweiz,BS,Hirzbrunnen,world,Lebanon,basel,Hirzbrunnen
2024-12,Zuzug,2024,12,Ausländer,M,52,NA,NA,NA,NA,Schweiz,Schweiz,BS,St. Johann,NA,NA,basel,St. Johann
2024-12,Zuzug,2024,12,Ausländer,M,52,Asien,Libanon,NA,NA,Schweiz,Schweiz,BS,St. Alban,world,Lebanon,basel,St. Alban
2024-12,Wegzug,2024,12,Ausländer,M,52,Schweiz,Schweiz,BS,Riehen,Europa (ohne Schweiz),Spanien,Ausland,NA,basel,Riehen,europe,Spain
2024-12,Wegzug,2024,12,Ausländer,W,52,Schweiz,Schweiz,BS,St. Alban,Schweiz,Schweiz,BL,NA,basel,St. Alban,switzerland,Basel-Landschaft
2024-12,Zuzug,2024,12,Ausländer,M,52,Schweiz,Schweiz,BL,NA,Schweiz,Schweiz,BS,Breite,switzerland,Basel-Landschaft,basel,Breite
2024-12,Zuzug,2024,12,Schweizer,M,53,Schweiz,Schweiz,VD,NA,Schweiz,Schweiz,BS,Am Ring,switzerland,Vaud,basel,Am Ring
2024-12,Zuzug,2024,12,Ausländer,M,53,Asien,Indien,NA,NA,Schweiz,Schweiz,BS,Clara,world,India,basel,Clara
2024-12,Wegzug,2024,12,Schweizer,W,53,Schweiz,Schweiz,BS,Iselin,Schweiz,Schweiz,BL,NA,basel,Iselin,switzerland,Basel-Landschaft
2024-12,Zuzug,2024,12,Ausländer,M,53,Europa (ohne Schweiz),Spanien,NA,NA,Schweiz,Schweiz,BS,Matthäus,europe,Spain,basel,Matthäus
2024-12,Zuzug,2024,12,Schweizer,M,53,Schweiz,Schweiz,BL,NA,Schweiz,Schweiz,BS,Breite,switzerland,Basel-Landschaft,basel,Breite
2024-12,Zuzug,2024,12,Ausländer,M,53,Europa (ohne Schweiz),Ukraine,NA,NA,Schweiz,Schweiz,BS,Vorstädte,europe,Ukraine,basel,Vorstädte
2024-12,Wegzug,2024,12,Ausländer,M,53,Schweiz,Schweiz,BS,Wettstein,Europa (ohne Schweiz),Dänemark,Ausland,NA,basel,Wettstein,europe,Denmark
2024-12,Wegzug,2024,12,Ausländer,W,53,Schweiz,Schweiz,BS,St. Alban,Schweiz,Schweiz,BL,NA,basel,St. Alban,switzerland,Basel-Landschaft
2024-12,Wegzug,2024,12,Ausländer,W,53,Schweiz,Schweiz,BS,Breite,Europa (ohne Schweiz),Oesterreich,Ausland,NA,basel,Breite,europe,Austria
2024-12,Wegzug,2024,12,Schweizer,M,53,Schweiz,Schweiz,BS,St. Johann,Europa (ohne Schweiz),Frankreich,Ausland,NA,basel,St. Johann,europe,France
2024-12,Wegzug,2024,12,Ausländer,M,53,Schweiz,Schweiz,BS,Gundeldingen,Europa (ohne Schweiz),Deutschland,Ausland,NA,basel,Gundeldingen,europe,Germany
2024-12,Zuzug,2024,12,Ausländer,M,53,Schweiz,Schweiz,BE,NA,Schweiz,Schweiz,BS,Kleinhüningen,switzerland,Bern,basel,Kleinhüningen
2024-12,Zuzug,2024,12,Ausländer,M,53,Europa (ohne Schweiz),Deutschland,NA,NA,Schweiz,Schweiz,BS,Riehen,europe,Germany,basel,Riehen
2024-12,Zuzug,2024,12,Schweizer,M,53,NA,NA,NA,NA,Schweiz,Schweiz,BS,Gundeldingen,NA,NA,basel,Gundeldingen
2024-12,Zuzug,2024,12,Ausländer,W,54,Schweiz,Schweiz,SG,NA,Schweiz,Schweiz,BS,Altstadt Kleinbasel,switzerland,St. Gallen,basel,Altstadt Kleinbasel
2024-12,Zuzug,2024,12,Schweizer,W,54,Schweiz,Schweiz,BL,NA,Schweiz,Schweiz,BS,Riehen,switzerland,Basel-Landschaft,basel,Riehen
2024-12,Wegzug,2024,12,Ausländer,M,54,Schweiz,Schweiz,BS,Am Ring,Nordamerika,Vereinigte Staaten von Amerika,Ausland,NA,basel,Am Ring,world,United States of America
2024-12,Wegzug,2024,12,Schweizer,W,54,Schweiz,Schweiz,BS,Gundeldingen,Schweiz,Schweiz,TI,NA,basel,Gundeldingen,switzerland,Ticino
2024-12,Wegzug,2024,12,Ausländer,M,54,Schweiz,Schweiz,BS,Kleinhüningen,Afrika,Gambia,Ausland,NA,basel,Kleinhüningen,world,Gambia
2024-12,Wegzug,2024,12,Ausländer,M,54,Schweiz,Schweiz,BS,Am Ring,Europa (ohne Schweiz),Griechenland,Ausland,NA,basel,Am Ring,europe,Greece
2024-12,Wegzug,2024,12,Ausländer,W,54,Schweiz,Schweiz,BS,Iselin,Asien,Thailand,Ausland,NA,basel,Iselin,world,Thailand
2024-12,Wegzug,2024,12,Ausländer,M,54,Schweiz,Schweiz,BS,Gundeldingen,Lateinamerika und Karibik,Mexiko,Ausland,NA,basel,Gundeldingen,world,Mexico
2024-12,Wegzug,2024,12,Ausländer,M,54,Schweiz,Schweiz,BS,Riehen,Europa (ohne Schweiz),Niederlande,Ausland,NA,basel,Riehen,europe,Netherlands
2024-12,Zuzug,2024,12,Ausländer,W,54,Europa (ohne Schweiz),Ukraine,NA,NA,Schweiz,Schweiz,BS,Vorstädte,europe,Ukraine,basel,Vorstädte
2024-12,Zuzug,2024,12,Schweizer,W,54,Schweiz,Schweiz,BL,NA,Schweiz,Schweiz,BS,St. Alban,switzerland,Basel-Landschaft,basel,St. Alban
2024-12,Zuzug,2024,12,Ausländer,M,55,Nordamerika,Kanada,NA,NA,Schweiz,Schweiz,BS,Vorstädte,world,Canada,basel,Vorstädte
2024-12,Wegzug,2024,12,Ausländer,W,55,Schweiz,Schweiz,BS,Iselin,Europa (ohne Schweiz),Ungarn,Ausland,NA,basel,Iselin,europe,Hungary
2024-12,Zuzug,2024,12,Ausländer,W,55,Europa (ohne Schweiz),Portugal,NA,NA,Schweiz,Schweiz,BS,Iselin,europe,Portugal,basel,Iselin
2024-12,Zuzug,2024,12,Schweizer,M,55,Nordamerika,Vereinigte Staaten von Amerika,NA,NA,Schweiz,Schweiz,BS,Am Ring,world,United States of America,basel,Am Ring
2024-12,Zuzug,2024,12,Ausländer,M,55,Europa (ohne Schweiz),Frankreich,NA,NA,Schweiz,Schweiz,BS,Bachletten,europe,France,basel,Bachletten
2024-12,Wegzug,2024,12,Schweizer,W,55,Schweiz,Schweiz,BS,Bettingen,Europa (ohne Schweiz),Serbien,Ausland,NA,basel,Bettingen,europe,Serbia
2024-12,Wegzug,2024,12,Ausländer,W,55,Schweiz,Schweiz,BS,Hirzbrunnen,Europa (ohne Schweiz),Spanien,Ausland,NA,basel,Hirzbrunnen,europe,Spain
2024-12,Wegzug,2024,12,Schweizer,M,55,Schweiz,Schweiz,BS,Riehen,Asien,Philippinen,Ausland,NA,basel,Riehen,world,Philippines
2024-12,Wegzug,2024,12,Ausländer,M,55,Schweiz,Schweiz,BS,St. Johann,Schweiz,Schweiz,NW,NA,basel,St. Johann,switzerland,Nidwalden
2024-12,Wegzug,2024,12,Ausländer,M,55,Schweiz,Schweiz,BS,Riehen,Europa (ohne Schweiz),Deutschland,Ausland,NA,basel,Riehen,europe,Germany
2024-12,Wegzug,2024,12,Schweizer,M,55,Schweiz,Schweiz,BS,Gotthelf,Schweiz,Schweiz,ZH,NA,basel,Gotthelf,switzerland,Zürich
2024-12,Wegzug,2024,12,Schweizer,M,55,Schweiz,Schweiz,BS,Iselin,Schweiz,Schweiz,BL,NA,basel,Iselin,switzerland,Basel-Landschaft
2024-12,Wegzug,2024,12,Schweizer,M,55,Schweiz,Schweiz,BS,Am Ring,Schweiz,Schweiz,BL,NA,basel,Am Ring,switzerland,Basel-Landschaft
2024-12,Zuzug,2024,12,Ausländer,W,55,Schweiz,Schweiz,AG,NA,Schweiz,Schweiz,BS,Am Ring,switzerland,Aargau,basel,Am Ring
2024-12,Zuzug,2024,12,Ausländer,M,56,Asien,Saudi-Arabien,NA,NA,Schweiz,Schweiz,BS,St. Johann,world,Saudi Arabia,basel,St. Johann
2024-12,Zuzug,2024,12,Ausländer,M,56,Europa (ohne Schweiz),Deutschland,NA,NA,Schweiz,Schweiz,BS,Am Ring,europe,Germany,basel,Am Ring
2024-12,Zuzug,2024,12,Ausländer,M,56,Asien,Georgien,NA,NA,Schweiz,Schweiz,BS,Gundeldingen,world,Georgia,basel,Gundeldingen
2024-12,Wegzug,2024,12,Ausländer,M,56,Schweiz,Schweiz,BS,Iselin,Schweiz,Schweiz,AG,NA,basel,Iselin,switzerland,Aargau
2024-12,Wegzug,2024,12,Schweizer,M,56,Schweiz,Schweiz,BS,Vorstädte,Schweiz,Schweiz,BL,NA,basel,Vorstädte,switzerland,Basel-Landschaft
2024-12,Wegzug,2024,12,Schweizer,M,56,Schweiz,Schweiz,BS,Bachletten,Schweiz,Schweiz,BE,NA,basel,Bachletten,switzerland,Bern
2024-12,Wegzug,2024,12,Schweizer,W,56,Schweiz,Schweiz,BS,Riehen,Asien,Philippinen,Ausland,NA,basel,Riehen,world,Philippines
2024-12,Zuzug,2024,12,Schweizer,W,56,Schweiz,Schweiz,BL,NA,Schweiz,Schweiz,BS,St. Alban,switzerland,Basel-Landschaft,basel,St. Alban
2024-12,Wegzug,2024,12,Schweizer,M,56,Schweiz,Schweiz,BS,St. Alban,Schweiz,Schweiz,BL,NA,basel,St. Alban,switzerland,Basel-Landschaft
2024-12,Wegzug,2024,12,Schweizer,M,56,Schweiz,Schweiz,BS,Klybeck,Europa (ohne Schweiz),Frankreich,Ausland,NA,basel,Klybeck,europe,France
2024-12,Wegzug,2024,12,Ausländer,W,56,Schweiz,Schweiz,BS,Vorstädte,Schweiz,Schweiz,AG,NA,basel,Vorstädte,switzerland,Aargau
2024-12,Wegzug,2024,12,Ausländer,M,56,Schweiz,Schweiz,BS,Riehen,Europa (ohne Schweiz),Türkei,Ausland,NA,basel,Riehen,world,Turkey
2024-12,Wegzug,2024,12,Ausländer,M,56,Schweiz,Schweiz,BS,Iselin,Nordamerika,Vereinigte Staaten von Amerika,Ausland,NA,basel,Iselin,world,United States of America
2024-12,Wegzug,2024,12,Schweizer,W,56,Schweiz,Schweiz,BS,Riehen,Schweiz,Schweiz,BL,NA,basel,Riehen,switzerland,Basel-Landschaft
2024-12,Zuzug,2024,12,Ausländer,M,56,Schweiz,Schweiz,SZ,NA,Schweiz,Schweiz,BS,Riehen,switzerland,Schwyz,basel,Riehen
2024-12,Zuzug,2024,12,Ausländer,W,56,NA,NA,NA,NA,Schweiz,Schweiz,BS,Gundeldingen,NA,NA,basel,Gundeldingen
2024-12,Zuzug,2024,12,Schweizer,M,57,Schweiz,Schweiz,SO,NA,Schweiz,Schweiz,BS,St. Johann,switzerland,Solothurn,basel,St. Johann
2024-12,Zuzug,2024,12,Schweizer,M,57,Schweiz,Schweiz,AG,NA,Schweiz,Schweiz,BS,Altstadt Grossbasel,switzerland,Aargau,basel,Altstadt Grossbasel
2024-12,Wegzug,2024,12,Ausländer,W,57,Schweiz,Schweiz,BS,Klybeck,Lateinamerika und Karibik,Brasilien,Ausland,NA,basel,Klybeck,world,Brazil
2024-12,Wegzug,2024,12,Schweizer,W,57,Schweiz,Schweiz,BS,Riehen,Schweiz,Schweiz,BL,NA,basel,Riehen,switzerland,Basel-Landschaft
2024-12,Wegzug,2024,12,Ausländer,W,57,Schweiz,Schweiz,BS,Am Ring,Europa (ohne Schweiz),Frankreich,Ausland,NA,basel,Am Ring,europe,France
2024-12,Zuzug,2024,12,Schweizer,M,57,Schweiz,Schweiz,ZH,NA,Schweiz,Schweiz,BS,Gundeldingen,switzerland,Zürich,basel,Gundeldingen
2024-12,Wegzug,2024,12,Ausländer,W,57,Schweiz,Schweiz,BS,Iselin,Schweiz,Schweiz,AG,NA,basel,Iselin,switzerland,Aargau
2024-12,Wegzug,2024,12,Ausländer,M,57,Schweiz,Schweiz,BS,Wettstein,Schweiz,Schweiz,AG,NA,basel,Wettstein,switzerland,Aargau
2024-12,Wegzug,2024,12,Ausländer,W,57,Schweiz,Schweiz,BS,Klybeck,Schweiz,Schweiz,AG,NA,basel,Klybeck,switzerland,Aargau
2024-12,Wegzug,2024,12,Ausländer,M,57,Schweiz,Schweiz,BS,Riehen,Europa (ohne Schweiz),Spanien,Ausland,NA,basel,Riehen,europe,Spain
2024-12,Wegzug,2024,12,Schweizer,M,57,Schweiz,Schweiz,BS,Gotthelf,Schweiz,Schweiz,BL,NA,basel,Gotthelf,switzerland,Basel-Landschaft
2024-12,Wegzug,2024,12,Ausländer,M,57,Schweiz,Schweiz,BS,Vorstädte,Schweiz,Schweiz,ZG,NA,basel,Vorstädte,switzerland,Zug
2024-12,Wegzug,2024,12,Ausländer,M,57,Schweiz,Schweiz,BS,Wettstein,Nordamerika,Vereinigte Staaten von Amerika,Ausland,NA,basel,Wettstein,world,United States of America
2024-12,Zuzug,2024,12,Schweizer,M,58,Schweiz,Schweiz,BL,NA,Schweiz,Schweiz,BS,Altstadt Grossbasel,switzerland,Basel-Landschaft,basel,Altstadt Grossbasel
2024-12,Wegzug,2024,12,Schweizer,M,58,Schweiz,Schweiz,BS,Gundeldingen,Schweiz,Schweiz,BL,NA,basel,Gundeldingen,switzerland,Basel-Landschaft
2024-12,Wegzug,2024,12,Ausländer,M,58,Schweiz,Schweiz,BS,St. Johann,Schweiz,Schweiz,SZ,NA,basel,St. Johann,switzerland,Schwyz
2024-12,Wegzug,2024,12,Schweizer,W,58,Schweiz,Schweiz,BS,Wettstein,Schweiz,Schweiz,BL,NA,basel,Wettstein,switzerland,Basel-Landschaft
2024-12,Zuzug,2024,12,Schweizer,W,58,Schweiz,Schweiz,ZH,NA,Schweiz,Schweiz,BS,Bachletten,switzerland,Zürich,basel,Bachletten
2024-12,Zuzug,2024,12,Ausländer,M,58,Europa (ohne Schweiz),Italien,NA,NA,Schweiz,Schweiz,BS,Klybeck,europe,Italy,basel,Klybeck
2024-12,Wegzug,2024,12,Ausländer,M,58,Schweiz,Schweiz,BS,Klybeck,Europa (ohne Schweiz),Italien,Ausland,NA,basel,Klybeck,europe,Italy
2024-12,Wegzug,2024,12,Ausländer,M,58,Schweiz,Schweiz,BS,Breite,Europa (ohne Schweiz),Dänemark,Ausland,NA,basel,Breite,europe,Denmark
2024-12,Wegzug,2024,12,Ausländer,W,58,Schweiz,Schweiz,BS,Altstadt Grossbasel,Europa (ohne Schweiz),Ungarn,Ausland,NA,basel,Altstadt Grossbasel,europe,Hungary
2024-12,Zuzug,2024,12,Ausländer,M,58,Europa (ohne Schweiz),Frankreich,NA,NA,Schweiz,Schweiz,BS,St. Johann,europe,France,basel,St. Johann
2024-12,Zuzug,2024,12,Schweizer,W,58,Schweiz,Schweiz,BL,NA,Schweiz,Schweiz,BS,Rosental,switzerland,Basel-Landschaft,basel,Rosental
2024-12,Zuzug,2024,12,Ausländer,M,58,Schweiz,Schweiz,SO,NA,Schweiz,Schweiz,BS,Rosental,switzerland,Solothurn,basel,Rosental
2024-12,Zuzug,2024,12,Schweizer,W,58,Nordamerika,Vereinigte Staaten von Amerika,NA,NA,Schweiz,Schweiz,BS,Breite,world,United States of America,basel,Breite
2024-12,Zuzug,2024,12,Ausländer,M,58,Nordamerika,Vereinigte Staaten von Amerika,NA,NA,Schweiz,Schweiz,BS,St. Alban,world,United States of America,basel,St. Alban
2024-12,Zuzug,2024,12,Schweizer,W,58,Nordamerika,Vereinigte Staaten von Amerika,NA,NA,Schweiz,Schweiz,BS,Breite,world,United States of America,basel,Breite
2024-12,Zuzug,2024,12,Ausländer,M,59,Europa (ohne Schweiz),Deutschland,NA,NA,Schweiz,Schweiz,BS,St. Alban,europe,Germany,basel,St. Alban
2024-12,Wegzug,2024,12,Ausländer,W,59,Schweiz,Schweiz,BS,Altstadt Grossbasel,Europa (ohne Schweiz),Ungarn,Ausland,NA,basel,Altstadt Grossbasel,europe,Hungary
2024-12,Wegzug,2024,12,Ausländer,M,59,Schweiz,Schweiz,BS,Riehen,Europa (ohne Schweiz),Frankreich,Ausland,NA,basel,Riehen,europe,France
2024-12,Zuzug,2024,12,Schweizer,M,59,Schweiz,Schweiz,JU,NA,Schweiz,Schweiz,BS,Matthäus,switzerland,Jura,basel,Matthäus
2024-12,Wegzug,2024,12,Ausländer,M,59,Schweiz,Schweiz,BS,Vorstädte,Schweiz,Schweiz,AG,NA,basel,Vorstädte,switzerland,Aargau
2024-12,Wegzug,2024,12,Ausländer,M,59,Schweiz,Schweiz,BS,St. Alban,Schweiz,Schweiz,VS,NA,basel,St. Alban,switzerland,Valais
2024-12,Wegzug,2024,12,Ausländer,W,59,Schweiz,Schweiz,BS,Breite,Europa (ohne Schweiz),Italien,Ausland,NA,basel,Breite,europe,Italy
2024-12,Wegzug,2024,12,Ausländer,W,59,Schweiz,Schweiz,BS,Gotthelf,Schweiz,Schweiz,BL,NA,basel,Gotthelf,switzerland,Basel-Landschaft
2024-12,Wegzug,2024,12,Schweizer,W,59,Schweiz,Schweiz,BS,Vorstädte,Schweiz,Schweiz,BL,NA,basel,Vorstädte,switzerland,Basel-Landschaft
2024-12,Wegzug,2024,12,Ausländer,M,59,Schweiz,Schweiz,BS,Bruderholz,Nordamerika,Vereinigte Staaten von Amerika,Ausland,NA,basel,Bruderholz,world,United States of America
2024-12,Wegzug,2024,12,Ausländer,W,59,Schweiz,Schweiz,BS,Bruderholz,Nordamerika,Vereinigte Staaten von Amerika,Ausland,NA,basel,Bruderholz,world,United States of America
2024-12,Zuzug,2024,12,Ausländer,M,59,Europa (ohne Schweiz),Deutschland,NA,NA,Schweiz,Schweiz,BS,Gotthelf,europe,Germany,basel,Gotthelf
2024-12,Zuzug,2024,12,Ausländer,W,60,Europa (ohne Schweiz),Ukraine,NA,NA,Schweiz,Schweiz,BS,Riehen,europe,Ukraine,basel,Riehen
2024-12,Wegzug,2024,12,Ausländer,M,60,Schweiz,Schweiz,BS,Clara,Schweiz,Schweiz,TG,NA,basel,Clara,switzerland,Thurgau
2024-12,Wegzug,2024,12,Schweizer,M,60,Schweiz,Schweiz,BS,St. Johann,Schweiz,Schweiz,BL,NA,basel,St. Johann,switzerland,Basel-Landschaft
2024-12,Wegzug,2024,12,Schweizer,M,60,Schweiz,Schweiz,BS,St. Johann,Schweiz,Schweiz,BL,NA,basel,St. Johann,switzerland,Basel-Landschaft
2024-12,Wegzug,2024,12,Schweizer,W,60,Schweiz,Schweiz,BS,Riehen,Europa (ohne Schweiz),Frankreich,Ausland,NA,basel,Riehen,europe,France
2024-12,Zuzug,2024,12,Ausländer,M,60,Europa (ohne Schweiz),Deutschland,NA,NA,Schweiz,Schweiz,BS,Gundeldingen,europe,Germany,basel,Gundeldingen
2024-12,Wegzug,2024,12,Schweizer,M,60,Schweiz,Schweiz,BS,Matthäus,Schweiz,Schweiz,BL,NA,basel,Matthäus,switzerland,Basel-Landschaft
2024-12,Wegzug,2024,12,Schweizer,M,60,Schweiz,Schweiz,BS,Am Ring,Schweiz,Schweiz,BL,NA,basel,Am Ring,switzerland,Basel-Landschaft
2024-12,Wegzug,2024,12,Schweizer,W,60,Schweiz,Schweiz,BS,Matthäus,Schweiz,Schweiz,JU,NA,basel,Matthäus,switzerland,Jura
2024-12,Wegzug,2024,12,Ausländer,W,60,Schweiz,Schweiz,BS,St. Alban,Asien,Japan,Ausland,NA,basel,St. Alban,world,Japan
2024-12,Wegzug,2024,12,Ausländer,W,60,Schweiz,Schweiz,BS,Bruderholz,Schweiz,Schweiz,BL,NA,basel,Bruderholz,switzerland,Basel-Landschaft
2024-12,Wegzug,2024,12,Ausländer,M,60,Schweiz,Schweiz,BS,St. Alban,Europa (ohne Schweiz),Italien,Ausland,NA,basel,St. Alban,europe,Italy
2024-12,Zuzug,2024,12,Schweizer,W,60,Schweiz,Schweiz,BL,NA,Schweiz,Schweiz,BS,Riehen,switzerland,Basel-Landschaft,basel,Riehen
2024-12,Zuzug,2024,12,Ausländer,M,61,Europa (ohne Schweiz),Deutschland,NA,NA,Schweiz,Schweiz,BS,Clara,europe,Germany,basel,Clara
2024-12,Zuzug,2024,12,Schweizer,W,61,Schweiz,Schweiz,GR,NA,Schweiz,Schweiz,BS,Riehen,switzerland,Graubünden,basel,Riehen
2024-12,Zuzug,2024,12,Schweizer,W,61,Schweiz,Schweiz,BL,NA,Schweiz,Schweiz,BS,Breite,switzerland,Basel-Landschaft,basel,Breite
2024-12,Wegzug,2024,12,Ausländer,M,61,Schweiz,Schweiz,BS,Am Ring,Europa (ohne Schweiz),Niederlande,Ausland,NA,basel,Am Ring,europe,Netherlands
2024-12,Wegzug,2024,12,Ausländer,M,61,Schweiz,Schweiz,BS,St. Johann,NA,NA,NA,NA,basel,St. Johann,NA,NA
2024-12,Wegzug,2024,12,Schweizer,W,61,Schweiz,Schweiz,BS,Kleinhüningen,Schweiz,Schweiz,BL,NA,basel,Kleinhüningen,switzerland,Basel-Landschaft
2024-12,Wegzug,2024,12,Ausländer,W,61,Schweiz,Schweiz,BS,Riehen,Schweiz,Schweiz,BL,NA,basel,Riehen,switzerland,Basel-Landschaft
2024-12,Wegzug,2024,12,Ausländer,W,61,Schweiz,Schweiz,BS,Riehen,Asien,Thailand,Ausland,NA,basel,Riehen,world,Thailand
2024-12,Wegzug,2024,12,Ausländer,M,61,Schweiz,Schweiz,BS,Am Ring,Europa (ohne Schweiz),Portugal,Ausland,NA,basel,Am Ring,europe,Portugal
2024-12,Wegzug,2024,12,Schweizer,W,61,Schweiz,Schweiz,BS,Matthäus,Schweiz,Schweiz,JU,NA,basel,Matthäus,switzerland,Jura
2024-12,Wegzug,2024,12,Schweizer,W,61,Schweiz,Schweiz,BS,Matthäus,Schweiz,Schweiz,BL,NA,basel,Matthäus,switzerland,Basel-Landschaft
2024-12,Wegzug,2024,12,Schweizer,M,61,Schweiz,Schweiz,BS,Riehen,Asien,Thailand,Ausland,NA,basel,Riehen,world,Thailand
2024-12,Zuzug,2024,12,Schweizer,M,62,Afrika,Angola,NA,NA,Schweiz,Schweiz,BS,Am Ring,world,Angola,basel,Am Ring
2024-12,Wegzug,2024,12,Schweizer,M,62,Schweiz,Schweiz,BS,Riehen,Schweiz,Schweiz,AG,NA,basel,Riehen,switzerland,Aargau
2024-12,Wegzug,2024,12,Ausländer,W,62,Schweiz,Schweiz,BS,Iselin,Europa (ohne Schweiz),Italien,Ausland,NA,basel,Iselin,europe,Italy
2024-12,Wegzug,2024,12,Schweizer,W,62,Schweiz,Schweiz,BS,Hirzbrunnen,Schweiz,Schweiz,VD,NA,basel,Hirzbrunnen,switzerland,Vaud
2024-12,Wegzug,2024,12,Schweizer,M,62,Schweiz,Schweiz,BS,Breite,Schweiz,Schweiz,ZH,NA,basel,Breite,switzerland,Zürich
2024-12,Wegzug,2024,12,Ausländer,W,62,Schweiz,Schweiz,BS,Hirzbrunnen,Schweiz,Schweiz,TG,NA,basel,Hirzbrunnen,switzerland,Thurgau
2024-12,Zuzug,2024,12,Ausländer,W,62,Schweiz,Schweiz,BL,NA,Schweiz,Schweiz,BS,Am Ring,switzerland,Basel-Landschaft,basel,Am Ring
2024-12,Wegzug,2024,12,Schweizer,M,62,Schweiz,Schweiz,BS,Matthäus,Schweiz,Schweiz,BL,NA,basel,Matthäus,switzerland,Basel-Landschaft
2024-12,Wegzug,2024,12,Ausländer,M,62,Schweiz,Schweiz,BS,St. Johann,NA,NA,NA,NA,basel,St. Johann,NA,NA
2024-12,Wegzug,2024,12,Schweizer,W,62,Schweiz,Schweiz,BS,Riehen,Europa (ohne Schweiz),Deutschland,Ausland,NA,basel,Riehen,europe,Germany
2024-12,Wegzug,2024,12,Schweizer,M,62,Schweiz,Schweiz,BS,Bruderholz,Schweiz,Schweiz,BL,NA,basel,Bruderholz,switzerland,Basel-Landschaft
2024-12,Zuzug,2024,12,Ausländer,W,63,NA,NA,NA,NA,Schweiz,Schweiz,BS,Vorstädte,NA,NA,basel,Vorstädte
2024-12,Wegzug,2024,12,Schweizer,W,63,Schweiz,Schweiz,BS,Hirzbrunnen,Schweiz,Schweiz,JU,NA,basel,Hirzbrunnen,switzerland,Jura
2024-12,Wegzug,2024,12,Ausländer,W,63,Schweiz,Schweiz,BS,Bettingen,Europa (ohne Schweiz),Deutschland,Ausland,NA,basel,Bettingen,europe,Germany
2024-12,Wegzug,2024,12,Ausländer,M,63,Schweiz,Schweiz,BS,Matthäus,Europa (ohne Schweiz),Kroatien,Ausland,NA,basel,Matthäus,europe,Croatia
2024-12,Wegzug,2024,12,Ausländer,M,63,Schweiz,Schweiz,BS,Gundeldingen,Europa (ohne Schweiz),Grossbritannien,Ausland,NA,basel,Gundeldingen,europe,United Kingdom
2024-12,Wegzug,2024,12,Ausländer,W,63,Schweiz,Schweiz,BS,Matthäus,Europa (ohne Schweiz),Kroatien,Ausland,NA,basel,Matthäus,europe,Croatia
2024-12,Wegzug,2024,12,Schweizer,M,63,Schweiz,Schweiz,BS,Gotthelf,Schweiz,Schweiz,AG,NA,basel,Gotthelf,switzerland,Aargau
2024-12,Wegzug,2024,12,Schweizer,W,63,Schweiz,Schweiz,BS,Wettstein,Schweiz,Schweiz,ZH,NA,basel,Wettstein,switzerland,Zürich
2024-12,Wegzug,2024,12,Schweizer,W,63,Schweiz,Schweiz,BS,Iselin,Europa (ohne Schweiz),Spanien,Ausland,NA,basel,Iselin,europe,Spain
2024-12,Zuzug,2024,12,Ausländer,W,63,Schweiz,Schweiz,AG,NA,Schweiz,Schweiz,BS,St. Johann,switzerland,Aargau,basel,St. Johann
2024-12,Zuzug,2024,12,Ausländer,W,64,Europa (ohne Schweiz),Deutschland,NA,NA,Schweiz,Schweiz,BS,Riehen,europe,Germany,basel,Riehen
2024-12,Wegzug,2024,12,Schweizer,W,64,Schweiz,Schweiz,BS,Matthäus,Schweiz,Schweiz,GR,NA,basel,Matthäus,switzerland,Graubünden
2024-12,Wegzug,2024,12,Schweizer,M,64,Schweiz,Schweiz,BS,Vorstädte,Schweiz,Schweiz,LU,NA,basel,Vorstädte,switzerland,Luzern
2024-12,Wegzug,2024,12,Ausländer,M,64,Schweiz,Schweiz,BS,Hirzbrunnen,Schweiz,Schweiz,VD,NA,basel,Hirzbrunnen,switzerland,Vaud
2024-12,Wegzug,2024,12,Ausländer,W,64,Schweiz,Schweiz,BS,St. Alban,Schweiz,Schweiz,VS,NA,basel,St. Alban,switzerland,Valais
2024-12,Wegzug,2024,12,Schweizer,W,64,Schweiz,Schweiz,BS,Breite,Schweiz,Schweiz,BE,NA,basel,Breite,switzerland,Bern
2024-12,Wegzug,2024,12,Ausländer,M,64,Schweiz,Schweiz,BS,St. Johann,Europa (ohne Schweiz),Deutschland,Ausland,NA,basel,St. Johann,europe,Germany
2024-12,Wegzug,2024,12,Ausländer,W,64,Schweiz,Schweiz,BS,Vorstädte,Europa (ohne Schweiz),Niederlande,Ausland,NA,basel,Vorstädte,europe,Netherlands
2024-12,Wegzug,2024,12,Ausländer,W,64,Schweiz,Schweiz,BS,Hirzbrunnen,Schweiz,Schweiz,BL,NA,basel,Hirzbrunnen,switzerland,Basel-Landschaft
2024-12,Wegzug,2024,12,Schweizer,M,64,Schweiz,Schweiz,BS,Iselin,Schweiz,Schweiz,BL,NA,basel,Iselin,switzerland,Basel-Landschaft
2024-12,Wegzug,2024,12,Ausländer,W,64,Schweiz,Schweiz,BS,Riehen,Europa (ohne Schweiz),Deutschland,Ausland,NA,basel,Riehen,europe,Germany
2024-12,Wegzug,2024,12,Schweizer,M,64,Schweiz,Schweiz,BS,Hirzbrunnen,Schweiz,Schweiz,JU,NA,basel,Hirzbrunnen,switzerland,Jura
2024-12,Wegzug,2024,12,Schweizer,W,64,Schweiz,Schweiz,BS,Iselin,Asien,Thailand,Ausland,NA,basel,Iselin,world,Thailand
2024-12,Wegzug,2024,12,Ausländer,W,64,Schweiz,Schweiz,BS,St. Johann,Europa (ohne Schweiz),Slowakische Republik,Ausland,NA,basel,St. Johann,europe,Slovakia
2024-12,Wegzug,2024,12,Ausländer,W,64,Schweiz,Schweiz,BS,Gundeldingen,Europa (ohne Schweiz),Türkei,Ausland,NA,basel,Gundeldingen,world,Turkey
2024-12,Wegzug,2024,12,Schweizer,M,65,Schweiz,Schweiz,BS,Matthäus,Schweiz,Schweiz,JU,NA,basel,Matthäus,switzerland,Jura
2024-12,Wegzug,2024,12,Ausländer,M,65,Schweiz,Schweiz,BS,St. Johann,Europa (ohne Schweiz),Spanien,Ausland,NA,basel,St. Johann,europe,Spain
2024-12,Wegzug,2024,12,Schweizer,M,65,Schweiz,Schweiz,BS,Altstadt Kleinbasel,Europa (ohne Schweiz),Türkei,Ausland,NA,basel,Altstadt Kleinbasel,world,Turkey
2024-12,Wegzug,2024,12,Ausländer,M,65,Schweiz,Schweiz,BS,Riehen,Nordamerika,Vereinigte Staaten von Amerika,Ausland,NA,basel,Riehen,world,United States of America
2024-12,Wegzug,2024,12,Schweizer,M,65,Schweiz,Schweiz,BS,Gundeldingen,Schweiz,Schweiz,ZH,NA,basel,Gundeldingen,switzerland,Zürich
2024-12,Zuzug,2024,12,Schweizer,M,66,Europa (ohne Schweiz),Frankreich,NA,NA,Schweiz,Schweiz,BS,Gundeldingen,europe,France,basel,Gundeldingen
2024-12,Wegzug,2024,12,Schweizer,M,66,Schweiz,Schweiz,BS,St. Johann,Europa (ohne Schweiz),Frankreich,Ausland,NA,basel,St. Johann,europe,France
2024-12,Wegzug,2024,12,Schweizer,M,66,Schweiz,Schweiz,BS,St. Johann,Europa (ohne Schweiz),Italien,Ausland,NA,basel,St. Johann,europe,Italy
2024-12,Wegzug,2024,12,Schweizer,M,66,Schweiz,Schweiz,BS,Riehen,Schweiz,Schweiz,BL,NA,basel,Riehen,switzerland,Basel-Landschaft
2024-12,Wegzug,2024,12,Schweizer,W,66,Schweiz,Schweiz,BS,Matthäus,Europa (ohne Schweiz),Deutschland,Ausland,NA,basel,Matthäus,europe,Germany
2024-12,Wegzug,2024,12,Schweizer,M,66,Schweiz,Schweiz,BS,Klybeck,Lateinamerika und Karibik,Brasilien,Ausland,NA,basel,Klybeck,world,Brazil
2024-12,Zuzug,2024,12,Schweizer,M,66,Schweiz,Schweiz,BL,NA,Schweiz,Schweiz,BS,Matthäus,switzerland,Basel-Landschaft,basel,Matthäus
2024-12,Zuzug,2024,12,Schweizer,W,66,Schweiz,Schweiz,ZH,NA,Schweiz,Schweiz,BS,Riehen,switzerland,Zürich,basel,Riehen
2024-12,Zuzug,2024,12,Ausländer,M,66,Europa (ohne Schweiz),Finnland,NA,NA,Schweiz,Schweiz,BS,Altstadt Kleinbasel,europe,Finland,basel,Altstadt Kleinbasel
2024-12,Zuzug,2024,12,Ausländer,W,67,Europa (ohne Schweiz),Deutschland,NA,NA,Schweiz,Schweiz,BS,St. Alban,europe,Germany,basel,St. Alban
2024-12,Wegzug,2024,12,Schweizer,M,67,Schweiz,Schweiz,BS,Breite,Schweiz,Schweiz,BL,NA,basel,Breite,switzerland,Basel-Landschaft
2024-12,Wegzug,2024,12,Ausländer,M,67,Schweiz,Schweiz,BS,Gotthelf,Europa (ohne Schweiz),Slowakische Republik,Ausland,NA,basel,Gotthelf,europe,Slovakia
2024-12,Wegzug,2024,12,Schweizer,M,67,Schweiz,Schweiz,BS,Riehen,Europa (ohne Schweiz),Deutschland,Ausland,NA,basel,Riehen,europe,Germany
2024-12,Wegzug,2024,12,Schweizer,W,67,Schweiz,Schweiz,BS,Bruderholz,Schweiz,Schweiz,BL,NA,basel,Bruderholz,switzerland,Basel-Landschaft
2024-12,Wegzug,2024,12,Schweizer,M,67,Schweiz,Schweiz,BS,Gotthelf,Schweiz,Schweiz,BL,NA,basel,Gotthelf,switzerland,Basel-Landschaft
2024-12,Zuzug,2024,12,Schweizer,W,67,Schweiz,Schweiz,BL,NA,Schweiz,Schweiz,BS,Riehen,switzerland,Basel-Landschaft,basel,Riehen
2024-12,Wegzug,2024,12,Schweizer,W,67,Schweiz,Schweiz,BS,Wettstein,Schweiz,Schweiz,BE,NA,basel,Wettstein,switzerland,Bern
2024-12,Wegzug,2024,12,Schweizer,W,67,Schweiz,Schweiz,BS,St. Alban,Schweiz,Schweiz,SZ,NA,basel,St. Alban,switzerland,Schwyz
2024-12,Wegzug,2024,12,Ausländer,W,67,Schweiz,Schweiz,BS,St. Alban,Europa (ohne Schweiz),Ukraine,Ausland,NA,basel,St. Alban,europe,Ukraine
2024-12,Zuzug,2024,12,Schweizer,M,68,Schweiz,Schweiz,BL,NA,Schweiz,Schweiz,BS,Bachletten,switzerland,Basel-Landschaft,basel,Bachletten
2024-12,Wegzug,2024,12,Schweizer,M,68,Schweiz,Schweiz,BS,Bruderholz,Schweiz,Schweiz,BL,NA,basel,Bruderholz,switzerland,Basel-Landschaft
2024-12,Wegzug,2024,12,Schweizer,M,68,Schweiz,Schweiz,BS,Hirzbrunnen,Europa (ohne Schweiz),Deutschland,Ausland,NA,basel,Hirzbrunnen,europe,Germany
2024-12,Wegzug,2024,12,Schweizer,M,68,Schweiz,Schweiz,BS,Bruderholz,Europa (ohne Schweiz),Italien,Ausland,NA,basel,Bruderholz,europe,Italy
2024-12,Wegzug,2024,12,Ausländer,M,68,Schweiz,Schweiz,BS,Clara,Asien,Thailand,Ausland,NA,basel,Clara,world,Thailand
2024-12,Wegzug,2024,12,Schweizer,M,68,Schweiz,Schweiz,BS,Gundeldingen,Schweiz,Schweiz,BL,NA,basel,Gundeldingen,switzerland,Basel-Landschaft
2024-12,Wegzug,2024,12,Schweizer,M,69,Schweiz,Schweiz,BS,Breite,Schweiz,Schweiz,SO,NA,basel,Breite,switzerland,Solothurn
2024-12,Wegzug,2024,12,Schweizer,W,69,Schweiz,Schweiz,BS,St. Alban,Europa (ohne Schweiz),Deutschland,Ausland,NA,basel,St. Alban,europe,Germany
2024-12,Wegzug,2024,12,Schweizer,W,69,Schweiz,Schweiz,BS,Breite,Schweiz,Schweiz,BL,NA,basel,Breite,switzerland,Basel-Landschaft
2024-12,Wegzug,2024,12,Schweizer,W,69,Schweiz,Schweiz,BS,Wettstein,Europa (ohne Schweiz),Tschechische Republik,Ausland,NA,basel,Wettstein,europe,Czechia
2024-12,Wegzug,2024,12,Ausländer,M,69,Schweiz,Schweiz,BS,Iselin,Europa (ohne Schweiz),Italien,Ausland,NA,basel,Iselin,europe,Italy
2024-12,Wegzug,2024,12,Schweizer,M,69,Schweiz,Schweiz,BS,Iselin,Europa (ohne Schweiz),Serbien,Ausland,NA,basel,Iselin,europe,Serbia
2024-12,Wegzug,2024,12,Ausländer,W,70,Schweiz,Schweiz,BS,St. Johann,Europa (ohne Schweiz),Türkei,Ausland,NA,basel,St. Johann,world,Turkey
2024-12,Wegzug,2024,12,Schweizer,M,70,Schweiz,Schweiz,BS,Am Ring,Schweiz,Schweiz,BL,NA,basel,Am Ring,switzerland,Basel-Landschaft
2024-12,Wegzug,2024,12,Ausländer,W,70,Schweiz,Schweiz,BS,Gundeldingen,Europa (ohne Schweiz),Spanien,Ausland,NA,basel,Gundeldingen,europe,Spain
2024-12,Zuzug,2024,12,Schweizer,M,70,Schweiz,Schweiz,SO,NA,Schweiz,Schweiz,BS,Breite,switzerland,Solothurn,basel,Breite
2024-12,Zuzug,2024,12,Schweizer,W,71,Schweiz,Schweiz,BL,NA,Schweiz,Schweiz,BS,Bachletten,switzerland,Basel-Landschaft,basel,Bachletten
2024-12,Zuzug,2024,12,Schweizer,W,71,Ozeanien,Australien,NA,NA,Schweiz,Schweiz,BS,Altstadt Grossbasel,world,Australia,basel,Altstadt Grossbasel
2024-12,Wegzug,2024,12,Schweizer,M,71,Schweiz,Schweiz,BS,Matthäus,Schweiz,Schweiz,NW,NA,basel,Matthäus,switzerland,Nidwalden
2024-12,Wegzug,2024,12,Ausländer,M,71,Schweiz,Schweiz,BS,Gundeldingen,NA,NA,NA,NA,basel,Gundeldingen,NA,NA
2024-12,Wegzug,2024,12,Schweizer,M,72,Schweiz,Schweiz,BS,Bruderholz,Europa (ohne Schweiz),Griechenland,Ausland,NA,basel,Bruderholz,europe,Greece
2024-12,Wegzug,2024,12,Ausländer,M,72,Schweiz,Schweiz,BS,Matthäus,Europa (ohne Schweiz),Serbien,Ausland,NA,basel,Matthäus,europe,Serbia
2024-12,Wegzug,2024,12,Ausländer,M,72,Schweiz,Schweiz,BS,Gundeldingen,Europa (ohne Schweiz),Spanien,Ausland,NA,basel,Gundeldingen,europe,Spain
2024-12,Wegzug,2024,12,Schweizer,W,73,Schweiz,Schweiz,BS,Gotthelf,Europa (ohne Schweiz),Kroatien,Ausland,NA,basel,Gotthelf,europe,Croatia
2024-12,Wegzug,2024,12,Ausländer,M,73,Schweiz,Schweiz,BS,Bachletten,Europa (ohne Schweiz),Grossbritannien,Ausland,NA,basel,Bachletten,europe,United Kingdom
2024-12,Zuzug,2024,12,Schweizer,W,74,Schweiz,Schweiz,BE,NA,Schweiz,Schweiz,BS,Iselin,switzerland,Bern,basel,Iselin
2024-12,Wegzug,2024,12,Schweizer,W,74,Schweiz,Schweiz,BS,Iselin,Schweiz,Schweiz,AG,NA,basel,Iselin,switzerland,Aargau
2024-12,Zuzug,2024,12,Schweizer,W,74,Schweiz,Schweiz,LU,NA,Schweiz,Schweiz,BS,Gotthelf,switzerland,Luzern,basel,Gotthelf
2024-12,Wegzug,2024,12,Schweizer,W,74,Schweiz,Schweiz,BS,Bachletten,Europa (ohne Schweiz),Frankreich,Ausland,NA,basel,Bachletten,europe,France
2024-12,Wegzug,2024,12,Schweizer,W,75,Schweiz,Schweiz,BS,Gundeldingen,Europa (ohne Schweiz),Deutschland,Ausland,NA,basel,Gundeldingen,europe,Germany
2024-12,Zuzug,2024,12,Ausländer,W,77,Europa (ohne Schweiz),Türkei,NA,NA,Schweiz,Schweiz,BS,Clara,world,Turkey,basel,Clara
2024-12,Zuzug,2024,12,Ausländer,M,78,Europa (ohne Schweiz),Türkei,NA,NA,Schweiz,Schweiz,BS,Clara,world,Turkey,basel,Clara
2024-12,Zuzug,2024,12,Ausländer,M,78,Europa (ohne Schweiz),Deutschland,NA,NA,Schweiz,Schweiz,BS,Am Ring,europe,Germany,basel,Am Ring
2024-12,Zuzug,2024,12,Schweizer,W,78,Schweiz,Schweiz,BL,NA,Schweiz,Schweiz,BS,Bruderholz,switzerland,Basel-Landschaft,basel,Bruderholz
2024-12,Zuzug,2024,12,Schweizer,W,78,Schweiz,Schweiz,BL,NA,Schweiz,Schweiz,BS,Bruderholz,switzerland,Basel-Landschaft,basel,Bruderholz
2024-12,Wegzug,2024,12,Schweizer,W,79,Schweiz,Schweiz,BS,Riehen,Schweiz,Schweiz,VS,NA,basel,Riehen,switzerland,Valais
2024-12,Wegzug,2024,12,Schweizer,M,79,Schweiz,Schweiz,BS,Iselin,Schweiz,Schweiz,AG,NA,basel,Iselin,switzerland,Aargau
2024-12,Wegzug,2024,12,Schweizer,W,80,Schweiz,Schweiz,BS,Vorstädte,Schweiz,Schweiz,JU,NA,basel,Vorstädte,switzerland,Jura
2024-12,Wegzug,2024,12,Schweizer,M,80,Schweiz,Schweiz,BS,Gundeldingen,Europa (ohne Schweiz),Deutschland,Ausland,NA,basel,Gundeldingen,europe,Germany
2024-12,Wegzug,2024,12,Schweizer,W,81,Schweiz,Schweiz,BS,Bachletten,Schweiz,Schweiz,ZH,NA,basel,Bachletten,switzerland,Zürich
2024-12,Zuzug,2024,12,Schweizer,W,81,Schweiz,Schweiz,ZH,NA,Schweiz,Schweiz,BS,Am Ring,switzerland,Zürich,basel,Am Ring
2024-12,Wegzug,2024,12,Schweizer,W,82,Schweiz,Schweiz,BS,St. Alban,Schweiz,Schweiz,UR,NA,basel,St. Alban,switzerland,Uri
2024-12,Wegzug,2024,12,Schweizer,W,82,Schweiz,Schweiz,BS,Bachletten,Schweiz,Schweiz,BL,NA,basel,Bachletten,switzerland,Basel-Landschaft
2024-12,Wegzug,2024,12,Schweizer,W,83,Schweiz,Schweiz,BS,Altstadt Kleinbasel,Europa (ohne Schweiz),Frankreich,Ausland,NA,basel,Altstadt Kleinbasel,europe,France
2024-12,Wegzug,2024,12,Schweizer,W,83,Schweiz,Schweiz,BS,Am Ring,Schweiz,Schweiz,ZH,NA,basel,Am Ring,switzerland,Zürich
2024-12,Wegzug,2024,12,Schweizer,W,84,Schweiz,Schweiz,BS,Gotthelf,Europa (ohne Schweiz),Frankreich,Ausland,NA,basel,Gotthelf,europe,France
2024-12,Wegzug,2024,12,Schweizer,W,84,Schweiz,Schweiz,BS,St. Johann,Schweiz,Schweiz,ZH,NA,basel,St. Johann,switzerland,Zürich
2024-12,Wegzug,2024,12,Schweizer,W,84,Schweiz,Schweiz,BS,Altstadt Kleinbasel,Europa (ohne Schweiz),Frankreich,Ausland,NA,basel,Altstadt Kleinbasel,europe,France
2024-12,Wegzug,2024,12,Ausländer,W,84,Schweiz,Schweiz,BS,St. Alban,Asien,Japan,Ausland,NA,basel,St. Alban,world,Japan
2024-12,Wegzug,2024,12,Schweizer,M,85,Schweiz,Schweiz,BS,Iselin,Schweiz,Schweiz,GL,NA,basel,Iselin,switzerland,Glarus
2024-12,Wegzug,2024,12,Ausländer,W,85,Schweiz,Schweiz,BS,Altstadt Kleinbasel,Europa (ohne Schweiz),Frankreich,Ausland,NA,basel,Altstadt Kleinbasel,europe,France
2024-12,Wegzug,2024,12,Schweizer,W,85,Schweiz,Schweiz,BS,Riehen,Schweiz,Schweiz,SO,NA,basel,Riehen,switzerland,Solothurn
2024-12,Zuzug,2024,12,Schweizer,W,85,Europa (ohne Schweiz),Serbien,NA,NA,Schweiz,Schweiz,BS,Gundeldingen,europe,Serbia,basel,Gundeldingen
2024-12,Zuzug,2024,12,Schweizer,W,85,Europa (ohne Schweiz),Serbien,NA,NA,Schweiz,Schweiz,BS,Gundeldingen,europe,Serbia,basel,Gundeldingen
2024-12,Zuzug,2024,12,Schweizer,W,86,Schweiz,Schweiz,BL,NA,Schweiz,Schweiz,BS,Bruderholz,switzerland,Basel-Landschaft,basel,Bruderholz
2024-12,Wegzug,2024,12,Schweizer,M,86,Schweiz,Schweiz,BS,St. Alban,Schweiz,Schweiz,BE,NA,basel,St. Alban,switzerland,Bern
2024-12,Wegzug,2024,12,Schweizer,M,87,Schweiz,Schweiz,BS,Matthäus,Schweiz,Schweiz,BL,NA,basel,Matthäus,switzerland,Basel-Landschaft
2024-12,Zuzug,2024,12,Schweizer,W,90,Schweiz,Schweiz,BL,NA,Schweiz,Schweiz,BS,Gundeldingen,switzerland,Basel-Landschaft,basel,Gundeldingen
2024-12,Zuzug,2024,12,Schweizer,W,91,Schweiz,Schweiz,BL,NA,Schweiz,Schweiz,BS,Vorstädte,switzerland,Basel-Landschaft,basel,Vorstädte
2024-12,Zuzug,2024,12,Schweizer,M,93,Schweiz,Schweiz,BL,NA,Schweiz,Schweiz,BS,Breite,switzerland,Basel-Landschaft,basel,Breite
2024-12,Wegzug,2024,12,Schweizer,W,93,Schweiz,Schweiz,BS,St. Alban,Europa (ohne Schweiz),Frankreich,Ausland,NA,basel,St. Alban,europe,France
2024-12,Wegzug,2024,12,Schweizer,W,96,Schweiz,Schweiz,BS,Bachletten,Europa (ohne Schweiz),Frankreich,Ausland,NA,basel,Bachletten,europe,France
2024-12,Wegzug,2024,12,Schweizer,W,97,Schweiz,Schweiz,BS,Bachletten,Schweiz,Schweiz,BL,NA,basel,Bachletten,switzerland,Basel-Landschaft
