JahrMonat,Wanderungstyp,Jahr,Monat,Staatsangehoerigkeit,Geschlecht,Alter,VonKontinent,VonLand,VonKanton,VonWohnviertel,NachKontinent,NachLand,NachKanton,NachWohnviertel,StartKarte,StartRegion,EndKarte,EndRegion
2024-11,Zuzug,2024,11,Ausländer,W,0,Schweiz,Schweiz,BL,NA,Schweiz,Schweiz,BS,St. Alban,switzerland,Basel-Landschaft,basel,St. Alban
2024-11,Zuzug,2024,11,Schweizer,W,0,Schweiz,Schweiz,ZH,NA,Schweiz,Schweiz,BS,St. Alban,switzerland,Zürich,basel,St. Alban
2024-11,Zuzug,2024,11,Ausländer,W,0,Nordamerika,Kanada,NA,NA,Schweiz,Schweiz,BS,St. Johann,world,Canada,basel,St. Johann
2024-11,Zuzug,2024,11,Ausländer,M,0,Europa (ohne Schweiz),Griechenland,NA,NA,Schweiz,Schweiz,BS,Matthäus,europe,Greece,basel,Matthäus
2024-11,Wegzug,2024,11,Ausländer,M,0,Schweiz,Schweiz,BS,St. Alban,Schweiz,Schweiz,BL,NA,basel,St. Alban,switzerland,Basel-Landschaft
2024-11,Wegzug,2024,11,Ausländer,M,0,Schweiz,Schweiz,BS,Vorstädte,Europa (ohne Schweiz),Ungarn,Ausland,NA,basel,Vorstädte,europe,Hungary
2024-11,Wegzug,2024,11,Ausländer,W,0,Schweiz,Schweiz,BS,St. Alban,Schweiz,Schweiz,ZH,NA,basel,St. Alban,switzerland,Zürich
2024-11,Wegzug,2024,11,Ausländer,M,0,Schweiz,Schweiz,BS,Rosental,Schweiz,Schweiz,BL,NA,basel,Rosental,switzerland,Basel-Landschaft
2024-11,Zuzug,2024,11,Ausländer,M,0,Europa (ohne Schweiz),Griechenland,NA,NA,Schweiz,Schweiz,BS,Am Ring,europe,Greece,basel,Am Ring
2024-11,Zuzug,2024,11,Ausländer,M,0,Asien,Indien,NA,NA,Schweiz,Schweiz,BS,Clara,world,India,basel,Clara
2024-11,Wegzug,2024,11,Schweizer,W,0,Schweiz,Schweiz,BS,Gundeldingen,Schweiz,Schweiz,AG,NA,basel,Gundeldingen,switzerland,Aargau
2024-11,Wegzug,2024,11,Schweizer,M,0,Schweiz,Schweiz,BS,Gundeldingen,Schweiz,Schweiz,BL,NA,basel,Gundeldingen,switzerland,Basel-Landschaft
2024-11,Wegzug,2024,11,Schweizer,M,0,Schweiz,Schweiz,BS,Gundeldingen,Schweiz,Schweiz,BL,NA,basel,Gundeldingen,switzerland,Basel-Landschaft
2024-11,Wegzug,2024,11,Schweizer,M,0,Schweiz,Schweiz,BS,St. Johann,Schweiz,Schweiz,BL,NA,basel,St. Johann,switzerland,Basel-Landschaft
2024-11,Wegzug,2024,11,Schweizer,M,0,Schweiz,Schweiz,BS,St. Alban,Schweiz,Schweiz,BL,NA,basel,St. Alban,switzerland,Basel-Landschaft
2024-11,Wegzug,2024,11,Schweizer,W,0,Schweiz,Schweiz,BS,Gundeldingen,Schweiz,Schweiz,BL,NA,basel,Gundeldingen,switzerland,Basel-Landschaft
2024-11,Wegzug,2024,11,Ausländer,W,0,Schweiz,Schweiz,BS,Bachletten,Europa (ohne Schweiz),Spanien,Ausland,NA,basel,Bachletten,europe,Spain
2024-11,Wegzug,2024,11,Schweizer,M,0,Schweiz,Schweiz,BS,Gundeldingen,Schweiz,Schweiz,BL,NA,basel,Gundeldingen,switzerland,Basel-Landschaft
2024-11,Wegzug,2024,11,Schweizer,M,0,Schweiz,Schweiz,BS,Rosental,Schweiz,Schweiz,AG,NA,basel,Rosental,switzerland,Aargau
2024-11,Zuzug,2024,11,Ausländer,M,0,Europa (ohne Schweiz),Grossbritannien,NA,NA,Schweiz,Schweiz,BS,Gundeldingen,europe,United Kingdom,basel,Gundeldingen
2024-11,Zuzug,2024,11,Ausländer,W,0,Schweiz,Schweiz,BL,NA,Schweiz,Schweiz,BS,St. Alban,switzerland,Basel-Landschaft,basel,St. Alban
2024-11,Zuzug,2024,11,Schweizer,W,0,Schweiz,Schweiz,BL,NA,Schweiz,Schweiz,BS,Gundeldingen,switzerland,Basel-Landschaft,basel,Gundeldingen
2024-11,Zuzug,2024,11,Schweizer,W,0,Europa (ohne Schweiz),Deutschland,NA,NA,Schweiz,Schweiz,BS,Matthäus,europe,Germany,basel,Matthäus
2024-11,Zuzug,2024,11,Ausländer,W,0,Europa (ohne Schweiz),Serbien,NA,NA,Schweiz,Schweiz,BS,Gundeldingen,europe,Serbia,basel,Gundeldingen
2024-11,Zuzug,2024,11,Ausländer,W,0,Schweiz,Schweiz,BL,NA,Schweiz,Schweiz,BS,Bruderholz,switzerland,Basel-Landschaft,basel,Bruderholz
2024-11,Wegzug,2024,11,Schweizer,W,0,Schweiz,Schweiz,BS,Gundeldingen,Schweiz,Schweiz,AG,NA,basel,Gundeldingen,switzerland,Aargau
2024-11,Zuzug,2024,11,Ausländer,M,1,Asien,China,NA,NA,Schweiz,Schweiz,BS,St. Alban,world,China,basel,St. Alban
2024-11,Zuzug,2024,11,Ausländer,W,1,Schweiz,Schweiz,ZH,NA,Schweiz,Schweiz,BS,Bachletten,switzerland,Zürich,basel,Bachletten
2024-11,Zuzug,2024,11,Ausländer,W,1,Europa (ohne Schweiz),Niederlande,NA,NA,Schweiz,Schweiz,BS,Gundeldingen,europe,Netherlands,basel,Gundeldingen
2024-11,Zuzug,2024,11,Ausländer,W,1,Schweiz,Schweiz,AG,NA,Schweiz,Schweiz,BS,Iselin,switzerland,Aargau,basel,Iselin
2024-11,Zuzug,2024,11,Ausländer,M,1,Schweiz,Schweiz,ZH,NA,Schweiz,Schweiz,BS,Hirzbrunnen,switzerland,Zürich,basel,Hirzbrunnen
2024-11,Zuzug,2024,11,Ausländer,W,1,Europa (ohne Schweiz),Ungarn,NA,NA,Schweiz,Schweiz,BS,Vorstädte,europe,Hungary,basel,Vorstädte
2024-11,Wegzug,2024,11,Schweizer,W,1,Schweiz,Schweiz,BS,Bruderholz,Schweiz,Schweiz,BL,NA,basel,Bruderholz,switzerland,Basel-Landschaft
2024-11,Wegzug,2024,11,Ausländer,M,1,Schweiz,Schweiz,BS,Gotthelf,Schweiz,Schweiz,BL,NA,basel,Gotthelf,switzerland,Basel-Landschaft
2024-11,Wegzug,2024,11,Ausländer,W,1,Schweiz,Schweiz,BS,Riehen,Europa (ohne Schweiz),Deutschland,Ausland,NA,basel,Riehen,europe,Germany
2024-11,Wegzug,2024,11,Schweizer,W,1,Schweiz,Schweiz,BS,Gotthelf,Europa (ohne Schweiz),Frankreich,Ausland,NA,basel,Gotthelf,europe,France
2024-11,Wegzug,2024,11,Ausländer,W,1,Schweiz,Schweiz,BS,Gundeldingen,Asien,Indien,Ausland,NA,basel,Gundeldingen,world,India
2024-11,Wegzug,2024,11,Ausländer,W,1,Schweiz,Schweiz,BS,St. Alban,Schweiz,Schweiz,BL,NA,basel,St. Alban,switzerland,Basel-Landschaft
2024-11,Zuzug,2024,11,Ausländer,M,1,Europa (ohne Schweiz),Deutschland,NA,NA,Schweiz,Schweiz,BS,Wettstein,europe,Germany,basel,Wettstein
2024-11,Wegzug,2024,11,Ausländer,W,1,Schweiz,Schweiz,BS,St. Alban,Europa (ohne Schweiz),Italien,Ausland,NA,basel,St. Alban,europe,Italy
2024-11,Wegzug,2024,11,Schweizer,M,1,Schweiz,Schweiz,BS,Gundeldingen,Schweiz,Schweiz,BL,NA,basel,Gundeldingen,switzerland,Basel-Landschaft
2024-11,Wegzug,2024,11,Ausländer,M,1,Schweiz,Schweiz,BS,Riehen,Europa (ohne Schweiz),Frankreich,Ausland,NA,basel,Riehen,europe,France
2024-11,Wegzug,2024,11,Schweizer,M,1,Schweiz,Schweiz,BS,Riehen,Europa (ohne Schweiz),Deutschland,Ausland,NA,basel,Riehen,europe,Germany
2024-11,Wegzug,2024,11,Ausländer,M,1,Schweiz,Schweiz,BS,Matthäus,Asien,Indien,Ausland,NA,basel,Matthäus,world,India
2024-11,Wegzug,2024,11,Schweizer,W,1,Schweiz,Schweiz,BS,Gundeldingen,Schweiz,Schweiz,BL,NA,basel,Gundeldingen,switzerland,Basel-Landschaft
2024-11,Wegzug,2024,11,Schweizer,W,1,Schweiz,Schweiz,BS,Gundeldingen,Schweiz,Schweiz,SO,NA,basel,Gundeldingen,switzerland,Solothurn
2024-11,Zuzug,2024,11,Ausländer,M,1,Europa (ohne Schweiz),Deutschland,NA,NA,Schweiz,Schweiz,BS,Vorstädte,europe,Germany,basel,Vorstädte
2024-11,Zuzug,2024,11,Schweizer,W,1,Schweiz,Schweiz,BL,NA,Schweiz,Schweiz,BS,St. Johann,switzerland,Basel-Landschaft,basel,St. Johann
2024-11,Zuzug,2024,11,Schweizer,M,1,Schweiz,Schweiz,BL,NA,Schweiz,Schweiz,BS,Iselin,switzerland,Basel-Landschaft,basel,Iselin
2024-11,Zuzug,2024,11,Schweizer,M,1,Schweiz,Schweiz,BL,NA,Schweiz,Schweiz,BS,Gotthelf,switzerland,Basel-Landschaft,basel,Gotthelf
2024-11,Wegzug,2024,11,Schweizer,M,2,Schweiz,Schweiz,BS,Vorstädte,Schweiz,Schweiz,BL,NA,basel,Vorstädte,switzerland,Basel-Landschaft
2024-11,Wegzug,2024,11,Ausländer,M,2,Schweiz,Schweiz,BS,St. Alban,Schweiz,Schweiz,ZH,NA,basel,St. Alban,switzerland,Zürich
2024-11,Wegzug,2024,11,Schweizer,W,2,Schweiz,Schweiz,BS,Am Ring,Schweiz,Schweiz,SO,NA,basel,Am Ring,switzerland,Solothurn
2024-11,Wegzug,2024,11,Schweizer,M,2,Schweiz,Schweiz,BS,Gundeldingen,Schweiz,Schweiz,AG,NA,basel,Gundeldingen,switzerland,Aargau
2024-11,Wegzug,2024,11,Schweizer,W,2,Schweiz,Schweiz,BS,Rosental,Schweiz,Schweiz,BL,NA,basel,Rosental,switzerland,Basel-Landschaft
2024-11,Zuzug,2024,11,Ausländer,W,2,Asien,Singapur,NA,NA,Schweiz,Schweiz,BS,Iselin,world,Malaysia,basel,Iselin
2024-11,Wegzug,2024,11,Schweizer,W,2,Schweiz,Schweiz,BS,Klybeck,Schweiz,Schweiz,BL,NA,basel,Klybeck,switzerland,Basel-Landschaft
2024-11,Wegzug,2024,11,Schweizer,W,2,Schweiz,Schweiz,BS,Gotthelf,Europa (ohne Schweiz),Frankreich,Ausland,NA,basel,Gotthelf,europe,France
2024-11,Wegzug,2024,11,Ausländer,W,2,Schweiz,Schweiz,BS,Vorstädte,Europa (ohne Schweiz),Ungarn,Ausland,NA,basel,Vorstädte,europe,Hungary
2024-11,Wegzug,2024,11,Schweizer,M,2,Schweiz,Schweiz,BS,Gundeldingen,Schweiz,Schweiz,BL,NA,basel,Gundeldingen,switzerland,Basel-Landschaft
2024-11,Wegzug,2024,11,Schweizer,W,2,Schweiz,Schweiz,BS,Breite,Schweiz,Schweiz,BL,NA,basel,Breite,switzerland,Basel-Landschaft
2024-11,Wegzug,2024,11,Schweizer,W,2,Schweiz,Schweiz,BS,Gundeldingen,Schweiz,Schweiz,BL,NA,basel,Gundeldingen,switzerland,Basel-Landschaft
2024-11,Wegzug,2024,11,Ausländer,W,2,Schweiz,Schweiz,BS,Am Ring,Schweiz,Schweiz,BL,NA,basel,Am Ring,switzerland,Basel-Landschaft
2024-11,Wegzug,2024,11,Schweizer,M,2,Schweiz,Schweiz,BS,Am Ring,Schweiz,Schweiz,BL,NA,basel,Am Ring,switzerland,Basel-Landschaft
2024-11,Wegzug,2024,11,Schweizer,M,2,Schweiz,Schweiz,BS,Bachletten,Schweiz,Schweiz,BL,NA,basel,Bachletten,switzerland,Basel-Landschaft
2024-11,Wegzug,2024,11,Schweizer,M,2,Schweiz,Schweiz,BS,Gotthelf,Schweiz,Schweiz,BL,NA,basel,Gotthelf,switzerland,Basel-Landschaft
2024-11,Zuzug,2024,11,Ausländer,W,2,Schweiz,Schweiz,BL,NA,Schweiz,Schweiz,BS,Wettstein,switzerland,Basel-Landschaft,basel,Wettstein
2024-11,Zuzug,2024,11,Ausländer,M,2,Europa (ohne Schweiz),Italien,NA,NA,Schweiz,Schweiz,BS,Matthäus,europe,Italy,basel,Matthäus
2024-11,Zuzug,2024,11,Ausländer,M,3,Lateinamerika und Karibik,Ecuador,NA,NA,Schweiz,Schweiz,BS,St. Johann,world,Ecuador,basel,St. Johann
2024-11,Zuzug,2024,11,Ausländer,W,3,Schweiz,Schweiz,AG,NA,Schweiz,Schweiz,BS,Gundeldingen,switzerland,Aargau,basel,Gundeldingen
2024-11,Wegzug,2024,11,Schweizer,W,3,Schweiz,Schweiz,BS,Am Ring,NA,NA,NA,NA,basel,Am Ring,NA,NA
2024-11,Zuzug,2024,11,Ausländer,W,3,Schweiz,Schweiz,ZH,NA,Schweiz,Schweiz,BS,Bachletten,switzerland,Zürich,basel,Bachletten
2024-11,Zuzug,2024,11,Ausländer,W,3,Schweiz,Schweiz,BL,NA,Schweiz,Schweiz,BS,St. Alban,switzerland,Basel-Landschaft,basel,St. Alban
2024-11,Zuzug,2024,11,Ausländer,W,3,Schweiz,Schweiz,BL,NA,Schweiz,Schweiz,BS,St. Alban,switzerland,Basel-Landschaft,basel,St. Alban
2024-11,Zuzug,2024,11,Ausländer,M,3,Europa (ohne Schweiz),Ukraine,NA,NA,Schweiz,Schweiz,BS,Vorstädte,europe,Ukraine,basel,Vorstädte
2024-11,Zuzug,2024,11,Ausländer,M,3,Europa (ohne Schweiz),Schweden,NA,NA,Schweiz,Schweiz,BS,Gundeldingen,europe,Sweden,basel,Gundeldingen
2024-11,Zuzug,2024,11,Ausländer,M,3,Europa (ohne Schweiz),Deutschland,NA,NA,Schweiz,Schweiz,BS,Gotthelf,europe,Germany,basel,Gotthelf
2024-11,Zuzug,2024,11,Ausländer,M,3,Europa (ohne Schweiz),Spanien,NA,NA,Schweiz,Schweiz,BS,Am Ring,europe,Spain,basel,Am Ring
2024-11,Zuzug,2024,11,Ausländer,M,3,Schweiz,Schweiz,BL,NA,Schweiz,Schweiz,BS,Bruderholz,switzerland,Basel-Landschaft,basel,Bruderholz
2024-11,Wegzug,2024,11,Ausländer,W,3,Schweiz,Schweiz,BS,Bruderholz,Schweiz,Schweiz,BL,NA,basel,Bruderholz,switzerland,Basel-Landschaft
2024-11,Wegzug,2024,11,Schweizer,M,3,Schweiz,Schweiz,BS,Riehen,Europa (ohne Schweiz),Deutschland,Ausland,NA,basel,Riehen,europe,Germany
2024-11,Wegzug,2024,11,Ausländer,W,3,Schweiz,Schweiz,BS,Bachletten,Europa (ohne Schweiz),Spanien,Ausland,NA,basel,Bachletten,europe,Spain
2024-11,Wegzug,2024,11,Schweizer,W,3,Schweiz,Schweiz,BS,St. Alban,Schweiz,Schweiz,BL,NA,basel,St. Alban,switzerland,Basel-Landschaft
2024-11,Zuzug,2024,11,Ausländer,M,3,Europa (ohne Schweiz),Türkei,NA,NA,Schweiz,Schweiz,BS,Rosental,world,Turkey,basel,Rosental
2024-11,Zuzug,2024,11,Ausländer,M,4,Asien,Indien,NA,NA,Schweiz,Schweiz,BS,Vorstädte,world,India,basel,Vorstädte
2024-11,Zuzug,2024,11,Ausländer,W,4,Europa (ohne Schweiz),Griechenland,NA,NA,Schweiz,Schweiz,BS,Matthäus,europe,Greece,basel,Matthäus
2024-11,Wegzug,2024,11,Schweizer,M,4,Schweiz,Schweiz,BS,Bachletten,Schweiz,Schweiz,BL,NA,basel,Bachletten,switzerland,Basel-Landschaft
2024-11,Wegzug,2024,11,Schweizer,W,4,Schweiz,Schweiz,BS,Vorstädte,Schweiz,Schweiz,BL,NA,basel,Vorstädte,switzerland,Basel-Landschaft
2024-11,Zuzug,2024,11,Ausländer,W,4,Schweiz,Schweiz,BL,NA,Schweiz,Schweiz,BS,Breite,switzerland,Basel-Landschaft,basel,Breite
2024-11,Wegzug,2024,11,Ausländer,W,4,Schweiz,Schweiz,BS,Iselin,Schweiz,Schweiz,BL,NA,basel,Iselin,switzerland,Basel-Landschaft
2024-11,Wegzug,2024,11,Ausländer,M,4,Schweiz,Schweiz,BS,Rosental,Europa (ohne Schweiz),Deutschland,Ausland,NA,basel,Rosental,europe,Germany
2024-11,Wegzug,2024,11,Ausländer,W,4,Schweiz,Schweiz,BS,St. Alban,Europa (ohne Schweiz),Italien,Ausland,NA,basel,St. Alban,europe,Italy
2024-11,Wegzug,2024,11,Schweizer,W,4,Schweiz,Schweiz,BS,Am Ring,Schweiz,Schweiz,BL,NA,basel,Am Ring,switzerland,Basel-Landschaft
2024-11,Wegzug,2024,11,Ausländer,M,4,Schweiz,Schweiz,BS,Gundeldingen,Schweiz,Schweiz,BL,NA,basel,Gundeldingen,switzerland,Basel-Landschaft
2024-11,Wegzug,2024,11,Schweizer,W,4,Schweiz,Schweiz,BS,Gundeldingen,Schweiz,Schweiz,BL,NA,basel,Gundeldingen,switzerland,Basel-Landschaft
2024-11,Zuzug,2024,11,Ausländer,W,4,Europa (ohne Schweiz),Ungarn,NA,NA,Schweiz,Schweiz,BS,Matthäus,europe,Hungary,basel,Matthäus
2024-11,Zuzug,2024,11,Ausländer,W,4,Nordamerika,Vereinigte Staaten von Amerika,NA,NA,Schweiz,Schweiz,BS,Rosental,world,United States of America,basel,Rosental
2024-11,Zuzug,2024,11,Schweizer,M,4,Schweiz,Schweiz,AG,NA,Schweiz,Schweiz,BS,Hirzbrunnen,switzerland,Aargau,basel,Hirzbrunnen
2024-11,Zuzug,2024,11,Ausländer,M,4,Asien,Indien,NA,NA,Schweiz,Schweiz,BS,St. Johann,world,India,basel,St. Johann
2024-11,Zuzug,2024,11,Schweizer,W,5,Schweiz,Schweiz,SO,NA,Schweiz,Schweiz,BS,St. Johann,switzerland,Solothurn,basel,St. Johann
2024-11,Wegzug,2024,11,Ausländer,W,5,Schweiz,Schweiz,BS,Gundeldingen,Schweiz,Schweiz,BL,NA,basel,Gundeldingen,switzerland,Basel-Landschaft
2024-11,Zuzug,2024,11,Schweizer,W,5,Europa (ohne Schweiz),Spanien,NA,NA,Schweiz,Schweiz,BS,Rosental,europe,Spain,basel,Rosental
2024-11,Wegzug,2024,11,Ausländer,M,5,Schweiz,Schweiz,BS,Breite,Europa (ohne Schweiz),Serbien,Ausland,NA,basel,Breite,europe,Serbia
2024-11,Wegzug,2024,11,Ausländer,W,5,Schweiz,Schweiz,BS,Am Ring,Schweiz,Schweiz,BL,NA,basel,Am Ring,switzerland,Basel-Landschaft
2024-11,Zuzug,2024,11,Ausländer,M,6,Europa (ohne Schweiz),Deutschland,NA,NA,Schweiz,Schweiz,BS,Riehen,europe,Germany,basel,Riehen
2024-11,Wegzug,2024,11,Ausländer,W,6,Schweiz,Schweiz,BS,Gotthelf,Schweiz,Schweiz,BL,NA,basel,Gotthelf,switzerland,Basel-Landschaft
2024-11,Wegzug,2024,11,Schweizer,W,6,Schweiz,Schweiz,BS,Rosental,Schweiz,Schweiz,AG,NA,basel,Rosental,switzerland,Aargau
2024-11,Wegzug,2024,11,Schweizer,M,6,Schweiz,Schweiz,BS,Am Ring,Schweiz,Schweiz,BL,NA,basel,Am Ring,switzerland,Basel-Landschaft
2024-11,Zuzug,2024,11,Ausländer,M,7,Nordamerika,Kanada,NA,NA,Schweiz,Schweiz,BS,St. Johann,world,Canada,basel,St. Johann
2024-11,Wegzug,2024,11,Ausländer,W,7,Schweiz,Schweiz,BS,Matthäus,Asien,Indien,Ausland,NA,basel,Matthäus,world,India
2024-11,Zuzug,2024,11,Schweizer,M,7,Schweiz,Schweiz,SO,NA,Schweiz,Schweiz,BS,Bachletten,switzerland,Solothurn,basel,Bachletten
2024-11,Wegzug,2024,11,Schweizer,M,7,Schweiz,Schweiz,BS,Riehen,Schweiz,Schweiz,BL,NA,basel,Riehen,switzerland,Basel-Landschaft
2024-11,Wegzug,2024,11,Ausländer,W,7,Schweiz,Schweiz,BS,Klybeck,Schweiz,Schweiz,BL,NA,basel,Klybeck,switzerland,Basel-Landschaft
2024-11,Wegzug,2024,11,Ausländer,W,7,Schweiz,Schweiz,BS,Klybeck,Schweiz,Schweiz,BL,NA,basel,Klybeck,switzerland,Basel-Landschaft
2024-11,Zuzug,2024,11,Ausländer,M,8,Europa (ohne Schweiz),Rumänien,NA,NA,Schweiz,Schweiz,BS,Riehen,europe,Romania,basel,Riehen
2024-11,Zuzug,2024,11,Ausländer,W,8,Schweiz,Schweiz,BL,NA,Schweiz,Schweiz,BS,St. Alban,switzerland,Basel-Landschaft,basel,St. Alban
2024-11,Wegzug,2024,11,Ausländer,M,8,Schweiz,Schweiz,BS,Riehen,Lateinamerika und Karibik,Paraguay,Ausland,NA,basel,Riehen,world,Paraguay
2024-11,Wegzug,2024,11,Ausländer,W,8,Schweiz,Schweiz,BS,Breite,Schweiz,Schweiz,BL,NA,basel,Breite,switzerland,Basel-Landschaft
2024-11,Zuzug,2024,11,Ausländer,M,8,Europa (ohne Schweiz),Deutschland,NA,NA,Schweiz,Schweiz,BS,Riehen,europe,Germany,basel,Riehen
2024-11,Zuzug,2024,11,Ausländer,W,8,Nordamerika,Vereinigte Staaten von Amerika,NA,NA,Schweiz,Schweiz,BS,Rosental,world,United States of America,basel,Rosental
2024-11,Wegzug,2024,11,Ausländer,M,8,Schweiz,Schweiz,BS,Riehen,Lateinamerika und Karibik,Paraguay,Ausland,NA,basel,Riehen,world,Paraguay
2024-11,Zuzug,2024,11,Ausländer,W,9,Europa (ohne Schweiz),Ukraine,NA,NA,Schweiz,Schweiz,BS,Vorstädte,europe,Ukraine,basel,Vorstädte
2024-11,Wegzug,2024,11,Schweizer,W,9,Schweiz,Schweiz,BS,St. Alban,Schweiz,Schweiz,BL,NA,basel,St. Alban,switzerland,Basel-Landschaft
2024-11,Zuzug,2024,11,Ausländer,W,9,Europa (ohne Schweiz),Deutschland,NA,NA,Schweiz,Schweiz,BS,Riehen,europe,Germany,basel,Riehen
2024-11,Zuzug,2024,11,Ausländer,M,9,Europa (ohne Schweiz),Deutschland,NA,NA,Schweiz,Schweiz,BS,Riehen,europe,Germany,basel,Riehen
2024-11,Zuzug,2024,11,Ausländer,W,9,Schweiz,Schweiz,BL,NA,Schweiz,Schweiz,BS,St. Alban,switzerland,Basel-Landschaft,basel,St. Alban
2024-11,Zuzug,2024,11,Schweizer,W,9,Schweiz,Schweiz,AG,NA,Schweiz,Schweiz,BS,Iselin,switzerland,Aargau,basel,Iselin
2024-11,Wegzug,2024,11,Ausländer,M,9,Schweiz,Schweiz,BS,Gundeldingen,Schweiz,Schweiz,BL,NA,basel,Gundeldingen,switzerland,Basel-Landschaft
2024-11,Zuzug,2024,11,Ausländer,M,9,Asien,Bangladesch,NA,NA,Schweiz,Schweiz,BS,Breite,world,Bangladesh,basel,Breite
2024-11,Wegzug,2024,11,Schweizer,M,10,Schweiz,Schweiz,BS,St. Johann,Schweiz,Schweiz,BL,NA,basel,St. Johann,switzerland,Basel-Landschaft
2024-11,Wegzug,2024,11,Ausländer,W,10,Schweiz,Schweiz,BS,Gundeldingen,Schweiz,Schweiz,BL,NA,basel,Gundeldingen,switzerland,Basel-Landschaft
2024-11,Wegzug,2024,11,Schweizer,W,10,Schweiz,Schweiz,BS,Riehen,Schweiz,Schweiz,BL,NA,basel,Riehen,switzerland,Basel-Landschaft
2024-11,Wegzug,2024,11,Schweizer,W,11,Schweiz,Schweiz,BS,Am Ring,Schweiz,Schweiz,VD,NA,basel,Am Ring,switzerland,Vaud
2024-11,Wegzug,2024,11,Schweizer,M,11,Schweiz,Schweiz,BS,Matthäus,Schweiz,Schweiz,SO,NA,basel,Matthäus,switzerland,Solothurn
2024-11,Wegzug,2024,11,Schweizer,W,11,Schweiz,Schweiz,BS,Iselin,Schweiz,Schweiz,SO,NA,basel,Iselin,switzerland,Solothurn
2024-11,Zuzug,2024,11,Ausländer,W,11,Europa (ohne Schweiz),Deutschland,NA,NA,Schweiz,Schweiz,BS,Gundeldingen,europe,Germany,basel,Gundeldingen
2024-11,Zuzug,2024,11,Schweizer,M,11,Schweiz,Schweiz,SO,NA,Schweiz,Schweiz,BS,Bachletten,switzerland,Solothurn,basel,Bachletten
2024-11,Wegzug,2024,11,Ausländer,W,12,Schweiz,Schweiz,BS,Rosental,Schweiz,Schweiz,BL,NA,basel,Rosental,switzerland,Basel-Landschaft
2024-11,Wegzug,2024,11,Schweizer,M,12,Schweiz,Schweiz,BS,Riehen,Schweiz,Schweiz,BL,NA,basel,Riehen,switzerland,Basel-Landschaft
2024-11,Zuzug,2024,11,Ausländer,W,12,Afrika,Kamerun,NA,NA,Schweiz,Schweiz,BS,Riehen,world,Cameroon,basel,Riehen
2024-11,Wegzug,2024,11,Schweizer,W,12,Schweiz,Schweiz,BS,Matthäus,Schweiz,Schweiz,SO,NA,basel,Matthäus,switzerland,Solothurn
2024-11,Wegzug,2024,11,Schweizer,M,12,Schweiz,Schweiz,BS,Iselin,Schweiz,Schweiz,BL,NA,basel,Iselin,switzerland,Basel-Landschaft
2024-11,Zuzug,2024,11,Ausländer,M,12,Europa (ohne Schweiz),Italien,NA,NA,Schweiz,Schweiz,BS,Bruderholz,europe,Italy,basel,Bruderholz
2024-11,Wegzug,2024,11,Schweizer,W,13,Schweiz,Schweiz,BS,Gundeldingen,Schweiz,Schweiz,BL,NA,basel,Gundeldingen,switzerland,Basel-Landschaft
2024-11,Zuzug,2024,11,Ausländer,M,13,Europa (ohne Schweiz),Ungarn,NA,NA,Schweiz,Schweiz,BS,Matthäus,europe,Hungary,basel,Matthäus
2024-11,Zuzug,2024,11,Schweizer,W,14,Schweiz,Schweiz,AG,NA,Schweiz,Schweiz,BS,St. Johann,switzerland,Aargau,basel,St. Johann
2024-11,Wegzug,2024,11,Ausländer,M,14,Schweiz,Schweiz,BS,Breite,Europa (ohne Schweiz),Italien,Ausland,NA,basel,Breite,europe,Italy
2024-11,Wegzug,2024,11,Ausländer,M,14,Schweiz,Schweiz,BS,Gundeldingen,Schweiz,Schweiz,BL,NA,basel,Gundeldingen,switzerland,Basel-Landschaft
2024-11,Wegzug,2024,11,Schweizer,M,14,Schweiz,Schweiz,BS,Iselin,Schweiz,Schweiz,SO,NA,basel,Iselin,switzerland,Solothurn
2024-11,Zuzug,2024,11,Schweizer,W,14,Schweiz,Schweiz,BL,NA,Schweiz,Schweiz,BS,Iselin,switzerland,Basel-Landschaft,basel,Iselin
2024-11,Zuzug,2024,11,Schweizer,W,15,Schweiz,Schweiz,BL,NA,Schweiz,Schweiz,BS,St. Alban,switzerland,Basel-Landschaft,basel,St. Alban
2024-11,Zuzug,2024,11,Ausländer,M,15,Europa (ohne Schweiz),Italien,NA,NA,Schweiz,Schweiz,BS,Klybeck,europe,Italy,basel,Klybeck
2024-11,Zuzug,2024,11,Ausländer,M,16,Europa (ohne Schweiz),Polen,NA,NA,Schweiz,Schweiz,BS,St. Johann,europe,Poland,basel,St. Johann
2024-11,Zuzug,2024,11,Ausländer,M,16,Asien,Afghanistan,NA,NA,Schweiz,Schweiz,BS,Rosental,world,Afghanistan,basel,Rosental
2024-11,Wegzug,2024,11,Ausländer,M,16,Schweiz,Schweiz,BS,Gundeldingen,Schweiz,Schweiz,BL,NA,basel,Gundeldingen,switzerland,Basel-Landschaft
2024-11,Zuzug,2024,11,Schweizer,M,16,Schweiz,Schweiz,BL,NA,Schweiz,Schweiz,BS,Bachletten,switzerland,Basel-Landschaft,basel,Bachletten
2024-11,Wegzug,2024,11,Schweizer,M,16,Schweiz,Schweiz,BS,Wettstein,Schweiz,Schweiz,SO,NA,basel,Wettstein,switzerland,Solothurn
2024-11,Wegzug,2024,11,Schweizer,W,16,Schweiz,Schweiz,BS,Am Ring,Schweiz,Schweiz,BL,NA,basel,Am Ring,switzerland,Basel-Landschaft
2024-11,Wegzug,2024,11,Schweizer,M,16,Schweiz,Schweiz,BS,Am Ring,Schweiz,Schweiz,VD,NA,basel,Am Ring,switzerland,Vaud
2024-11,Wegzug,2024,11,Schweizer,W,16,Schweiz,Schweiz,BS,Matthäus,Schweiz,Schweiz,BL,NA,basel,Matthäus,switzerland,Basel-Landschaft
2024-11,Wegzug,2024,11,Ausländer,M,16,Schweiz,Schweiz,BS,Clara,Europa (ohne Schweiz),Deutschland,Ausland,NA,basel,Clara,europe,Germany
2024-11,Wegzug,2024,11,Schweizer,W,16,Schweiz,Schweiz,BS,Riehen,Schweiz,Schweiz,BL,NA,basel,Riehen,switzerland,Basel-Landschaft
2024-11,Zuzug,2024,11,Ausländer,M,16,Afrika,Kamerun,NA,NA,Schweiz,Schweiz,BS,Rosental,world,Cameroon,basel,Rosental
2024-11,Zuzug,2024,11,Schweizer,M,16,Europa (ohne Schweiz),Deutschland,NA,NA,Schweiz,Schweiz,BS,Matthäus,europe,Germany,basel,Matthäus
2024-11,Wegzug,2024,11,Schweizer,W,17,Schweiz,Schweiz,BS,Riehen,Schweiz,Schweiz,BL,NA,basel,Riehen,switzerland,Basel-Landschaft
2024-11,Zuzug,2024,11,Ausländer,W,17,Schweiz,Schweiz,BL,NA,Schweiz,Schweiz,BS,St. Alban,switzerland,Basel-Landschaft,basel,St. Alban
2024-11,Wegzug,2024,11,Schweizer,M,17,Schweiz,Schweiz,BS,Iselin,Schweiz,Schweiz,BL,NA,basel,Iselin,switzerland,Basel-Landschaft
2024-11,Wegzug,2024,11,Ausländer,M,17,Schweiz,Schweiz,BS,Breite,Schweiz,Schweiz,BL,NA,basel,Breite,switzerland,Basel-Landschaft
2024-11,Zuzug,2024,11,Ausländer,M,17,Afrika,Elfenbeinküste,NA,NA,Schweiz,Schweiz,BS,Rosental,world,Côte d'Ivoire,basel,Rosental
2024-11,Zuzug,2024,11,Schweizer,M,17,Europa (ohne Schweiz),Deutschland,NA,NA,Schweiz,Schweiz,BS,Gundeldingen,europe,Germany,basel,Gundeldingen
2024-11,Zuzug,2024,11,Ausländer,M,17,Afrika,Somalia,NA,NA,Schweiz,Schweiz,BS,Rosental,world,Somalia,basel,Rosental
2024-11,Zuzug,2024,11,Ausländer,M,17,Afrika,Kenia,NA,NA,Schweiz,Schweiz,BS,Iselin,world,Kenya,basel,Iselin
2024-11,Zuzug,2024,11,Ausländer,M,18,Europa (ohne Schweiz),Deutschland,NA,NA,Schweiz,Schweiz,BS,Am Ring,europe,Germany,basel,Am Ring
2024-11,Zuzug,2024,11,Ausländer,W,18,Europa (ohne Schweiz),Russland,NA,NA,Schweiz,Schweiz,BS,Clara,world,Russia,basel,Clara
2024-11,Zuzug,2024,11,Ausländer,W,18,Asien,Syrien,NA,NA,Schweiz,Schweiz,BS,St. Johann,world,Syria,basel,St. Johann
2024-11,Wegzug,2024,11,Ausländer,W,18,Schweiz,Schweiz,BS,St. Johann,Schweiz,Schweiz,BL,NA,basel,St. Johann,switzerland,Basel-Landschaft
2024-11,Wegzug,2024,11,Schweizer,M,18,Schweiz,Schweiz,BS,Am Ring,Asien,Israel,Ausland,NA,basel,Am Ring,world,Israel
2024-11,Wegzug,2024,11,Ausländer,M,18,Schweiz,Schweiz,BS,Am Ring,Schweiz,Schweiz,BL,NA,basel,Am Ring,switzerland,Basel-Landschaft
2024-11,Wegzug,2024,11,Ausländer,W,18,Schweiz,Schweiz,BS,Am Ring,Schweiz,Schweiz,ZH,NA,basel,Am Ring,switzerland,Zürich
2024-11,Zuzug,2024,11,Ausländer,W,18,Europa (ohne Schweiz),Deutschland,NA,NA,Schweiz,Schweiz,BS,Altstadt Grossbasel,europe,Germany,basel,Altstadt Grossbasel
2024-11,Zuzug,2024,11,Ausländer,W,18,Europa (ohne Schweiz),Slowakische Republik,NA,NA,Schweiz,Schweiz,BS,Altstadt Kleinbasel,europe,Slovakia,basel,Altstadt Kleinbasel
2024-11,Zuzug,2024,11,Ausländer,W,18,Europa (ohne Schweiz),Ukraine,NA,NA,Schweiz,Schweiz,BS,Vorstädte,europe,Ukraine,basel,Vorstädte
2024-11,Zuzug,2024,11,Schweizer,M,18,Schweiz,Schweiz,BL,NA,Schweiz,Schweiz,BS,St. Alban,switzerland,Basel-Landschaft,basel,St. Alban
2024-11,Zuzug,2024,11,Schweizer,W,18,Schweiz,Schweiz,LU,NA,Schweiz,Schweiz,BS,Gundeldingen,switzerland,Luzern,basel,Gundeldingen
2024-11,Wegzug,2024,11,Ausländer,W,18,Schweiz,Schweiz,BS,Wettstein,Europa (ohne Schweiz),Ukraine,Ausland,NA,basel,Wettstein,europe,Ukraine
2024-11,Wegzug,2024,11,Schweizer,M,18,Schweiz,Schweiz,BS,Iselin,NA,NA,NA,NA,basel,Iselin,NA,NA
2024-11,Wegzug,2024,11,Ausländer,W,18,Schweiz,Schweiz,BS,Iselin,Schweiz,Schweiz,BL,NA,basel,Iselin,switzerland,Basel-Landschaft
2024-11,Zuzug,2024,11,Schweizer,W,18,Schweiz,Schweiz,UR,NA,Schweiz,Schweiz,BS,Am Ring,switzerland,Uri,basel,Am Ring
2024-11,Zuzug,2024,11,Ausländer,M,18,Schweiz,Schweiz,BL,NA,Schweiz,Schweiz,BS,Am Ring,switzerland,Basel-Landschaft,basel,Am Ring
2024-11,Zuzug,2024,11,Ausländer,M,18,NA,NA,NA,NA,Schweiz,Schweiz,BS,Wettstein,NA,NA,basel,Wettstein
2024-11,Zuzug,2024,11,Ausländer,W,19,Europa (ohne Schweiz),Deutschland,NA,NA,Schweiz,Schweiz,BS,Gotthelf,europe,Germany,basel,Gotthelf
2024-11,Zuzug,2024,11,Ausländer,W,19,Europa (ohne Schweiz),Serbien,NA,NA,Schweiz,Schweiz,BS,Gotthelf,europe,Serbia,basel,Gotthelf
2024-11,Zuzug,2024,11,Schweizer,W,19,Schweiz,Schweiz,OW,NA,Schweiz,Schweiz,BS,Am Ring,switzerland,Obwalden,basel,Am Ring
2024-11,Zuzug,2024,11,Schweizer,W,19,Schweiz,Schweiz,SO,NA,Schweiz,Schweiz,BS,Gundeldingen,switzerland,Solothurn,basel,Gundeldingen
2024-11,Zuzug,2024,11,Ausländer,M,19,Europa (ohne Schweiz),Spanien,NA,NA,Schweiz,Schweiz,BS,Breite,europe,Spain,basel,Breite
2024-11,Zuzug,2024,11,Ausländer,M,19,Europa (ohne Schweiz),Ukraine,NA,NA,Schweiz,Schweiz,BS,Vorstädte,europe,Ukraine,basel,Vorstädte
2024-11,Zuzug,2024,11,Ausländer,W,19,Europa (ohne Schweiz),Ungarn,NA,NA,Schweiz,Schweiz,BS,Iselin,europe,Hungary,basel,Iselin
2024-11,Zuzug,2024,11,Schweizer,W,19,Schweiz,Schweiz,BE,NA,Schweiz,Schweiz,BS,Rosental,switzerland,Bern,basel,Rosental
2024-11,Wegzug,2024,11,Ausländer,W,19,Schweiz,Schweiz,BS,Iselin,Schweiz,Schweiz,SO,NA,basel,Iselin,switzerland,Solothurn
2024-11,Wegzug,2024,11,Schweizer,W,19,Schweiz,Schweiz,BS,Matthäus,Schweiz,Schweiz,SG,NA,basel,Matthäus,switzerland,St. Gallen
2024-11,Zuzug,2024,11,Schweizer,W,19,Schweiz,Schweiz,OW,NA,Schweiz,Schweiz,BS,Am Ring,switzerland,Obwalden,basel,Am Ring
2024-11,Zuzug,2024,11,Schweizer,M,19,Afrika,Algerien,NA,NA,Schweiz,Schweiz,BS,St. Johann,world,Algeria,basel,St. Johann
2024-11,Zuzug,2024,11,Ausländer,M,19,Europa (ohne Schweiz),Italien,NA,NA,Schweiz,Schweiz,BS,Altstadt Grossbasel,europe,Italy,basel,Altstadt Grossbasel
2024-11,Zuzug,2024,11,Schweizer,M,19,Schweiz,Schweiz,BL,NA,Schweiz,Schweiz,BS,Vorstädte,switzerland,Basel-Landschaft,basel,Vorstädte
2024-11,Zuzug,2024,11,Ausländer,M,19,Europa (ohne Schweiz),Spanien,NA,NA,Schweiz,Schweiz,BS,Matthäus,europe,Spain,basel,Matthäus
2024-11,Zuzug,2024,11,Ausländer,W,19,Schweiz,Schweiz,SO,NA,Schweiz,Schweiz,BS,Iselin,switzerland,Solothurn,basel,Iselin
2024-11,Wegzug,2024,11,Ausländer,W,19,Schweiz,Schweiz,BS,Bachletten,Schweiz,Schweiz,BE,NA,basel,Bachletten,switzerland,Bern
2024-11,Wegzug,2024,11,Schweizer,M,19,Schweiz,Schweiz,BS,Clara,Schweiz,Schweiz,BL,NA,basel,Clara,switzerland,Basel-Landschaft
2024-11,Zuzug,2024,11,Ausländer,M,19,Europa (ohne Schweiz),Polen,NA,NA,Schweiz,Schweiz,BS,Gundeldingen,europe,Poland,basel,Gundeldingen
2024-11,Zuzug,2024,11,Schweizer,W,19,Schweiz,Schweiz,SG,NA,Schweiz,Schweiz,BS,Bachletten,switzerland,St. Gallen,basel,Bachletten
2024-11,Zuzug,2024,11,Schweizer,M,19,Schweiz,Schweiz,SO,NA,Schweiz,Schweiz,BS,Clara,switzerland,Solothurn,basel,Clara
2024-11,Zuzug,2024,11,Schweizer,M,19,Europa (ohne Schweiz),Frankreich,NA,NA,Schweiz,Schweiz,BS,Matthäus,europe,France,basel,Matthäus
2024-11,Zuzug,2024,11,Ausländer,W,19,Europa (ohne Schweiz),Deutschland,NA,NA,Schweiz,Schweiz,BS,Gotthelf,europe,Germany,basel,Gotthelf
2024-11,Zuzug,2024,11,Ausländer,W,20,Schweiz,Schweiz,BL,NA,Schweiz,Schweiz,BS,Riehen,switzerland,Basel-Landschaft,basel,Riehen
2024-11,Zuzug,2024,11,Schweizer,W,20,Schweiz,Schweiz,TG,NA,Schweiz,Schweiz,BS,Matthäus,switzerland,Thurgau,basel,Matthäus
2024-11,Zuzug,2024,11,Ausländer,W,20,Schweiz,Schweiz,BL,NA,Schweiz,Schweiz,BS,Clara,switzerland,Basel-Landschaft,basel,Clara
2024-11,Zuzug,2024,11,Ausländer,M,20,Schweiz,Schweiz,SO,NA,Schweiz,Schweiz,BS,Gundeldingen,switzerland,Solothurn,basel,Gundeldingen
2024-11,Zuzug,2024,11,Ausländer,W,20,Schweiz,Schweiz,BL,NA,Schweiz,Schweiz,BS,Iselin,switzerland,Basel-Landschaft,basel,Iselin
2024-11,Zuzug,2024,11,Schweizer,M,20,Schweiz,Schweiz,BL,NA,Schweiz,Schweiz,BS,Iselin,switzerland,Basel-Landschaft,basel,Iselin
2024-11,Wegzug,2024,11,Ausländer,M,20,Schweiz,Schweiz,BS,Riehen,Schweiz,Schweiz,BL,NA,basel,Riehen,switzerland,Basel-Landschaft
2024-11,Wegzug,2024,11,Ausländer,M,20,Schweiz,Schweiz,BS,Iselin,Schweiz,Schweiz,BL,NA,basel,Iselin,switzerland,Basel-Landschaft
2024-11,Wegzug,2024,11,Schweizer,W,20,Schweiz,Schweiz,BS,Gundeldingen,Schweiz,Schweiz,BL,NA,basel,Gundeldingen,switzerland,Basel-Landschaft
2024-11,Wegzug,2024,11,Ausländer,M,20,Schweiz,Schweiz,BS,St. Johann,NA,NA,NA,NA,basel,St. Johann,NA,NA
2024-11,Zuzug,2024,11,Schweizer,W,20,Schweiz,Schweiz,BE,NA,Schweiz,Schweiz,BS,Wettstein,switzerland,Bern,basel,Wettstein
2024-11,Zuzug,2024,11,Schweizer,W,20,Schweiz,Schweiz,TG,NA,Schweiz,Schweiz,BS,Matthäus,switzerland,Thurgau,basel,Matthäus
2024-11,Zuzug,2024,11,Schweizer,W,20,Schweiz,Schweiz,BL,NA,Schweiz,Schweiz,BS,Iselin,switzerland,Basel-Landschaft,basel,Iselin
2024-11,Zuzug,2024,11,Schweizer,W,20,Schweiz,Schweiz,SH,NA,Schweiz,Schweiz,BS,Vorstädte,switzerland,Schaffhausen,basel,Vorstädte
2024-11,Zuzug,2024,11,Schweizer,W,20,Schweiz,Schweiz,BL,NA,Schweiz,Schweiz,BS,Wettstein,switzerland,Basel-Landschaft,basel,Wettstein
2024-11,Zuzug,2024,11,Ausländer,M,20,Europa (ohne Schweiz),Deutschland,NA,NA,Schweiz,Schweiz,BS,Clara,europe,Germany,basel,Clara
2024-11,Wegzug,2024,11,Schweizer,M,20,Schweiz,Schweiz,BS,Am Ring,Asien,Israel,Ausland,NA,basel,Am Ring,world,Israel
2024-11,Wegzug,2024,11,Schweizer,M,20,Schweiz,Schweiz,BS,Altstadt Grossbasel,Schweiz,Schweiz,BL,NA,basel,Altstadt Grossbasel,switzerland,Basel-Landschaft
2024-11,Wegzug,2024,11,Ausländer,W,20,Schweiz,Schweiz,BS,Klybeck,Schweiz,Schweiz,BL,NA,basel,Klybeck,switzerland,Basel-Landschaft
2024-11,Wegzug,2024,11,Schweizer,W,20,Schweiz,Schweiz,BS,St. Alban,Lateinamerika und Karibik,Brasilien,Ausland,NA,basel,St. Alban,world,Brazil
2024-11,Wegzug,2024,11,Ausländer,W,20,Schweiz,Schweiz,BS,Gundeldingen,Europa (ohne Schweiz),Russland,Ausland,NA,basel,Gundeldingen,world,Russia
2024-11,Zuzug,2024,11,Ausländer,W,20,Asien,Korea (Süd-),NA,NA,Schweiz,Schweiz,BS,Rosental,world,South Korea,basel,Rosental
2024-11,Zuzug,2024,11,Ausländer,W,20,Europa (ohne Schweiz),Italien,NA,NA,Schweiz,Schweiz,BS,Bruderholz,europe,Italy,basel,Bruderholz
2024-11,Zuzug,2024,11,Schweizer,M,20,Schweiz,Schweiz,BL,NA,Schweiz,Schweiz,BS,Iselin,switzerland,Basel-Landschaft,basel,Iselin
2024-11,Zuzug,2024,11,Ausländer,W,20,Europa (ohne Schweiz),Ukraine,NA,NA,Schweiz,Schweiz,BS,Gundeldingen,europe,Ukraine,basel,Gundeldingen
2024-11,Zuzug,2024,11,Ausländer,M,20,Europa (ohne Schweiz),Deutschland,NA,NA,Schweiz,Schweiz,BS,Matthäus,europe,Germany,basel,Matthäus
2024-11,Zuzug,2024,11,Ausländer,W,20,Europa (ohne Schweiz),Spanien,NA,NA,Schweiz,Schweiz,BS,Matthäus,europe,Spain,basel,Matthäus
2024-11,Zuzug,2024,11,Ausländer,W,21,Europa (ohne Schweiz),Deutschland,NA,NA,Schweiz,Schweiz,BS,St. Alban,europe,Germany,basel,St. Alban
2024-11,Zuzug,2024,11,Schweizer,W,21,Schweiz,Schweiz,AG,NA,Schweiz,Schweiz,BS,Altstadt Grossbasel,switzerland,Aargau,basel,Altstadt Grossbasel
2024-11,Zuzug,2024,11,Schweizer,W,21,Schweiz,Schweiz,ZH,NA,Schweiz,Schweiz,BS,Gundeldingen,switzerland,Zürich,basel,Gundeldingen
2024-11,Zuzug,2024,11,Ausländer,M,21,Europa (ohne Schweiz),Ukraine,NA,NA,Schweiz,Schweiz,BS,Vorstädte,europe,Ukraine,basel,Vorstädte
2024-11,Zuzug,2024,11,Schweizer,W,21,Schweiz,Schweiz,TG,NA,Schweiz,Schweiz,BS,St. Johann,switzerland,Thurgau,basel,St. Johann
2024-11,Wegzug,2024,11,Ausländer,W,21,Schweiz,Schweiz,BS,Altstadt Grossbasel,NA,NA,NA,NA,basel,Altstadt Grossbasel,NA,NA
2024-11,Wegzug,2024,11,Schweizer,W,21,Schweiz,Schweiz,BS,Bruderholz,Schweiz,Schweiz,BE,NA,basel,Bruderholz,switzerland,Bern
2024-11,Wegzug,2024,11,Schweizer,M,21,Schweiz,Schweiz,BS,Altstadt Kleinbasel,Schweiz,Schweiz,SO,NA,basel,Altstadt Kleinbasel,switzerland,Solothurn
2024-11,Wegzug,2024,11,Schweizer,W,21,Schweiz,Schweiz,BS,Hirzbrunnen,Schweiz,Schweiz,BL,NA,basel,Hirzbrunnen,switzerland,Basel-Landschaft
2024-11,Zuzug,2024,11,Ausländer,M,21,Asien,Jordanien,NA,NA,Schweiz,Schweiz,BS,Clara,world,Jordan,basel,Clara
2024-11,Zuzug,2024,11,Schweizer,M,21,Schweiz,Schweiz,BE,NA,Schweiz,Schweiz,BS,Hirzbrunnen,switzerland,Bern,basel,Hirzbrunnen
2024-11,Zuzug,2024,11,Schweizer,W,21,Schweiz,Schweiz,AG,NA,Schweiz,Schweiz,BS,Matthäus,switzerland,Aargau,basel,Matthäus
2024-11,Zuzug,2024,11,Schweizer,W,21,Schweiz,Schweiz,BE,NA,Schweiz,Schweiz,BS,St. Johann,switzerland,Bern,basel,St. Johann
2024-11,Wegzug,2024,11,Schweizer,M,21,Schweiz,Schweiz,BS,Bettingen,Schweiz,Schweiz,BE,NA,basel,Bettingen,switzerland,Bern
2024-11,Wegzug,2024,11,Ausländer,W,21,Schweiz,Schweiz,BS,Am Ring,Schweiz,Schweiz,BL,NA,basel,Am Ring,switzerland,Basel-Landschaft
2024-11,Wegzug,2024,11,Schweizer,M,21,Schweiz,Schweiz,BS,Gotthelf,NA,NA,NA,NA,basel,Gotthelf,NA,NA
2024-11,Wegzug,2024,11,Schweizer,W,21,Schweiz,Schweiz,BS,St. Johann,Europa (ohne Schweiz),Belgien,Ausland,NA,basel,St. Johann,europe,Belgium
2024-11,Wegzug,2024,11,Schweizer,W,21,Schweiz,Schweiz,BS,St. Johann,Schweiz,Schweiz,TG,NA,basel,St. Johann,switzerland,Thurgau
2024-11,Wegzug,2024,11,Schweizer,W,21,Schweiz,Schweiz,BS,Altstadt Grossbasel,Schweiz,Schweiz,BL,NA,basel,Altstadt Grossbasel,switzerland,Basel-Landschaft
2024-11,Wegzug,2024,11,Schweizer,M,21,Schweiz,Schweiz,BS,Clara,Schweiz,Schweiz,BL,NA,basel,Clara,switzerland,Basel-Landschaft
2024-11,Wegzug,2024,11,Schweizer,M,21,Schweiz,Schweiz,BS,Rosental,NA,NA,NA,NA,basel,Rosental,NA,NA
2024-11,Zuzug,2024,11,Ausländer,M,21,Europa (ohne Schweiz),Dänemark,NA,NA,Schweiz,Schweiz,BS,Rosental,europe,Denmark,basel,Rosental
2024-11,Zuzug,2024,11,Ausländer,W,21,Europa (ohne Schweiz),Russland,NA,NA,Schweiz,Schweiz,BS,Clara,world,Russia,basel,Clara
2024-11,Zuzug,2024,11,Ausländer,M,21,Europa (ohne Schweiz),Bulgarien,NA,NA,Schweiz,Schweiz,BS,Breite,europe,Bulgaria,basel,Breite
2024-11,Zuzug,2024,11,Ausländer,M,21,Schweiz,Schweiz,SO,NA,Schweiz,Schweiz,BS,Iselin,switzerland,Solothurn,basel,Iselin
2024-11,Zuzug,2024,11,Schweizer,M,21,Schweiz,Schweiz,BL,NA,Schweiz,Schweiz,BS,Iselin,switzerland,Basel-Landschaft,basel,Iselin
2024-11,Zuzug,2024,11,Ausländer,W,21,Europa (ohne Schweiz),Ungarn,NA,NA,Schweiz,Schweiz,BS,Iselin,europe,Hungary,basel,Iselin
2024-11,Zuzug,2024,11,Schweizer,M,21,Europa (ohne Schweiz),Türkei,NA,NA,Schweiz,Schweiz,BS,St. Johann,world,Turkey,basel,St. Johann
2024-11,Zuzug,2024,11,Schweizer,W,21,Schweiz,Schweiz,BL,NA,Schweiz,Schweiz,BS,St. Alban,switzerland,Basel-Landschaft,basel,St. Alban
2024-11,Zuzug,2024,11,Schweizer,W,21,Schweiz,Schweiz,TI,NA,Schweiz,Schweiz,BS,Hirzbrunnen,switzerland,Ticino,basel,Hirzbrunnen
2024-11,Zuzug,2024,11,Ausländer,M,22,Europa (ohne Schweiz),Deutschland,NA,NA,Schweiz,Schweiz,BS,Bachletten,europe,Germany,basel,Bachletten
2024-11,Zuzug,2024,11,Ausländer,M,22,Schweiz,Schweiz,AG,NA,Schweiz,Schweiz,BS,Klybeck,switzerland,Aargau,basel,Klybeck
2024-11,Zuzug,2024,11,Ausländer,W,22,Schweiz,Schweiz,SO,NA,Schweiz,Schweiz,BS,Klybeck,switzerland,Solothurn,basel,Klybeck
2024-11,Zuzug,2024,11,Ausländer,W,22,Schweiz,Schweiz,ZH,NA,Schweiz,Schweiz,BS,Matthäus,switzerland,Zürich,basel,Matthäus
2024-11,Zuzug,2024,11,Schweizer,M,22,Schweiz,Schweiz,AG,NA,Schweiz,Schweiz,BS,Matthäus,switzerland,Aargau,basel,Matthäus
2024-11,Zuzug,2024,11,Schweizer,M,22,Schweiz,Schweiz,BL,NA,Schweiz,Schweiz,BS,Iselin,switzerland,Basel-Landschaft,basel,Iselin
2024-11,Zuzug,2024,11,Schweizer,M,22,Schweiz,Schweiz,BL,NA,Schweiz,Schweiz,BS,Bruderholz,switzerland,Basel-Landschaft,basel,Bruderholz
2024-11,Zuzug,2024,11,Ausländer,W,22,NA,NA,NA,NA,Schweiz,Schweiz,BS,Vorstädte,NA,NA,basel,Vorstädte
2024-11,Zuzug,2024,11,Ausländer,M,22,Schweiz,Schweiz,AG,NA,Schweiz,Schweiz,BS,Matthäus,switzerland,Aargau,basel,Matthäus
2024-11,Zuzug,2024,11,Ausländer,W,22,Europa (ohne Schweiz),Deutschland,NA,NA,Schweiz,Schweiz,BS,Am Ring,europe,Germany,basel,Am Ring
2024-11,Zuzug,2024,11,Ausländer,W,22,Europa (ohne Schweiz),Deutschland,NA,NA,Schweiz,Schweiz,BS,Iselin,europe,Germany,basel,Iselin
2024-11,Zuzug,2024,11,Ausländer,W,22,Schweiz,Schweiz,BL,NA,Schweiz,Schweiz,BS,Gundeldingen,switzerland,Basel-Landschaft,basel,Gundeldingen
2024-11,Zuzug,2024,11,Ausländer,W,22,Europa (ohne Schweiz),Deutschland,NA,NA,Schweiz,Schweiz,BS,Bachletten,europe,Germany,basel,Bachletten
2024-11,Zuzug,2024,11,Schweizer,M,22,Schweiz,Schweiz,BL,NA,Schweiz,Schweiz,BS,Bachletten,switzerland,Basel-Landschaft,basel,Bachletten
2024-11,Wegzug,2024,11,Ausländer,M,22,Schweiz,Schweiz,BS,St. Alban,NA,NA,NA,NA,basel,St. Alban,NA,NA
2024-11,Wegzug,2024,11,Ausländer,M,22,Schweiz,Schweiz,BS,St. Johann,Schweiz,Schweiz,BL,NA,basel,St. Johann,switzerland,Basel-Landschaft
2024-11,Wegzug,2024,11,Schweizer,W,22,Schweiz,Schweiz,BS,St. Johann,Schweiz,Schweiz,BL,NA,basel,St. Johann,switzerland,Basel-Landschaft
2024-11,Wegzug,2024,11,Ausländer,W,22,Schweiz,Schweiz,BS,St. Johann,Schweiz,Schweiz,BE,NA,basel,St. Johann,switzerland,Bern
2024-11,Wegzug,2024,11,Schweizer,W,22,Schweiz,Schweiz,BS,Bachletten,Schweiz,Schweiz,AG,NA,basel,Bachletten,switzerland,Aargau
2024-11,Wegzug,2024,11,Schweizer,W,22,Schweiz,Schweiz,BS,St. Johann,Schweiz,Schweiz,BL,NA,basel,St. Johann,switzerland,Basel-Landschaft
2024-11,Zuzug,2024,11,Ausländer,M,22,Europa (ohne Schweiz),Deutschland,NA,NA,Schweiz,Schweiz,BS,Am Ring,europe,Germany,basel,Am Ring
2024-11,Zuzug,2024,11,Ausländer,M,22,Europa (ohne Schweiz),Griechenland,NA,NA,Schweiz,Schweiz,BS,Matthäus,europe,Greece,basel,Matthäus
2024-11,Zuzug,2024,11,Schweizer,W,22,Schweiz,Schweiz,BL,NA,Schweiz,Schweiz,BS,Am Ring,switzerland,Basel-Landschaft,basel,Am Ring
2024-11,Zuzug,2024,11,Schweizer,W,22,Schweiz,Schweiz,BL,NA,Schweiz,Schweiz,BS,Hirzbrunnen,switzerland,Basel-Landschaft,basel,Hirzbrunnen
2024-11,Zuzug,2024,11,Schweizer,M,22,Schweiz,Schweiz,BL,NA,Schweiz,Schweiz,BS,St. Johann,switzerland,Basel-Landschaft,basel,St. Johann
2024-11,Zuzug,2024,11,Schweizer,W,22,Schweiz,Schweiz,BE,NA,Schweiz,Schweiz,BS,Altstadt Kleinbasel,switzerland,Bern,basel,Altstadt Kleinbasel
2024-11,Zuzug,2024,11,Ausländer,W,22,Afrika,Tunesien,NA,NA,Schweiz,Schweiz,BS,Bachletten,world,Tunisia,basel,Bachletten
2024-11,Zuzug,2024,11,Schweizer,M,22,Schweiz,Schweiz,TI,NA,Schweiz,Schweiz,BS,St. Alban,switzerland,Ticino,basel,St. Alban
2024-11,Wegzug,2024,11,Schweizer,M,22,Schweiz,Schweiz,BS,Am Ring,Schweiz,Schweiz,NW,NA,basel,Am Ring,switzerland,Nidwalden
2024-11,Wegzug,2024,11,Ausländer,M,22,Schweiz,Schweiz,BS,Clara,Schweiz,Schweiz,BL,NA,basel,Clara,switzerland,Basel-Landschaft
2024-11,Wegzug,2024,11,Ausländer,M,22,Schweiz,Schweiz,BS,Matthäus,Asien,Korea (Süd-),Ausland,NA,basel,Matthäus,world,South Korea
2024-11,Wegzug,2024,11,Schweizer,W,22,Schweiz,Schweiz,BS,St. Johann,Schweiz,Schweiz,BL,NA,basel,St. Johann,switzerland,Basel-Landschaft
2024-11,Wegzug,2024,11,Schweizer,M,22,Schweiz,Schweiz,BS,Bachletten,Asien,Israel,Ausland,NA,basel,Bachletten,world,Israel
2024-11,Wegzug,2024,11,Schweizer,W,22,Schweiz,Schweiz,BS,Rosental,NA,NA,NA,NA,basel,Rosental,NA,NA
2024-11,Zuzug,2024,11,Ausländer,M,22,Europa (ohne Schweiz),Italien,NA,NA,Schweiz,Schweiz,BS,Klybeck,europe,Italy,basel,Klybeck
2024-11,Zuzug,2024,11,Ausländer,W,22,Schweiz,Schweiz,BL,NA,Schweiz,Schweiz,BS,Riehen,switzerland,Basel-Landschaft,basel,Riehen
2024-11,Zuzug,2024,11,Schweizer,M,22,Schweiz,Schweiz,BE,NA,Schweiz,Schweiz,BS,Wettstein,switzerland,Bern,basel,Wettstein
2024-11,Zuzug,2024,11,Ausländer,M,22,Europa (ohne Schweiz),Deutschland,NA,NA,Schweiz,Schweiz,BS,St. Johann,europe,Germany,basel,St. Johann
2024-11,Zuzug,2024,11,Schweizer,M,22,Schweiz,Schweiz,VD,NA,Schweiz,Schweiz,BS,St. Johann,switzerland,Vaud,basel,St. Johann
2024-11,Zuzug,2024,11,Schweizer,W,22,Schweiz,Schweiz,BL,NA,Schweiz,Schweiz,BS,St. Alban,switzerland,Basel-Landschaft,basel,St. Alban
2024-11,Zuzug,2024,11,Schweizer,M,22,Schweiz,Schweiz,BL,NA,Schweiz,Schweiz,BS,St. Johann,switzerland,Basel-Landschaft,basel,St. Johann
2024-11,Zuzug,2024,11,Ausländer,M,23,Europa (ohne Schweiz),Deutschland,NA,NA,Schweiz,Schweiz,BS,Iselin,europe,Germany,basel,Iselin
2024-11,Zuzug,2024,11,Ausländer,M,23,Schweiz,Schweiz,BL,NA,Schweiz,Schweiz,BS,St. Johann,switzerland,Basel-Landschaft,basel,St. Johann
2024-11,Zuzug,2024,11,Ausländer,W,23,Europa (ohne Schweiz),Griechenland,NA,NA,Schweiz,Schweiz,BS,St. Johann,europe,Greece,basel,St. Johann
2024-11,Zuzug,2024,11,Schweizer,W,23,Schweiz,Schweiz,ZH,NA,Schweiz,Schweiz,BS,Altstadt Kleinbasel,switzerland,Zürich,basel,Altstadt Kleinbasel
2024-11,Zuzug,2024,11,Schweizer,M,23,Schweiz,Schweiz,BE,NA,Schweiz,Schweiz,BS,Bruderholz,switzerland,Bern,basel,Bruderholz
2024-11,Zuzug,2024,11,Ausländer,W,23,Europa (ohne Schweiz),Deutschland,NA,NA,Schweiz,Schweiz,BS,Matthäus,europe,Germany,basel,Matthäus
2024-11,Zuzug,2024,11,Schweizer,W,23,Schweiz,Schweiz,BL,NA,Schweiz,Schweiz,BS,Gundeldingen,switzerland,Basel-Landschaft,basel,Gundeldingen
2024-11,Zuzug,2024,11,Ausländer,M,23,Europa (ohne Schweiz),Deutschland,NA,NA,Schweiz,Schweiz,BS,Klybeck,europe,Germany,basel,Klybeck
2024-11,Zuzug,2024,11,Ausländer,W,23,Europa (ohne Schweiz),Italien,NA,NA,Schweiz,Schweiz,BS,Riehen,europe,Italy,basel,Riehen
2024-11,Wegzug,2024,11,Schweizer,M,23,Schweiz,Schweiz,BS,Hirzbrunnen,Schweiz,Schweiz,BL,NA,basel,Hirzbrunnen,switzerland,Basel-Landschaft
2024-11,Wegzug,2024,11,Schweizer,W,23,Schweiz,Schweiz,BS,Vorstädte,Schweiz,Schweiz,LU,NA,basel,Vorstädte,switzerland,Luzern
2024-11,Zuzug,2024,11,Ausländer,M,23,Europa (ohne Schweiz),Deutschland,NA,NA,Schweiz,Schweiz,BS,Matthäus,europe,Germany,basel,Matthäus
2024-11,Zuzug,2024,11,Ausländer,M,23,Europa (ohne Schweiz),Finnland,NA,NA,Schweiz,Schweiz,BS,Kleinhüningen,europe,Finland,basel,Kleinhüningen
2024-11,Zuzug,2024,11,Ausländer,W,23,Europa (ohne Schweiz),Deutschland,NA,NA,Schweiz,Schweiz,BS,Rosental,europe,Germany,basel,Rosental
2024-11,Zuzug,2024,11,Ausländer,M,23,Europa (ohne Schweiz),Deutschland,NA,NA,Schweiz,Schweiz,BS,Riehen,europe,Germany,basel,Riehen
2024-11,Zuzug,2024,11,Ausländer,W,23,Europa (ohne Schweiz),Deutschland,NA,NA,Schweiz,Schweiz,BS,Gundeldingen,europe,Germany,basel,Gundeldingen
2024-11,Zuzug,2024,11,Schweizer,M,23,Schweiz,Schweiz,BL,NA,Schweiz,Schweiz,BS,Bruderholz,switzerland,Basel-Landschaft,basel,Bruderholz
2024-11,Zuzug,2024,11,Schweizer,W,23,Schweiz,Schweiz,BL,NA,Schweiz,Schweiz,BS,Iselin,switzerland,Basel-Landschaft,basel,Iselin
2024-11,Zuzug,2024,11,Schweizer,M,23,Schweiz,Schweiz,BL,NA,Schweiz,Schweiz,BS,Iselin,switzerland,Basel-Landschaft,basel,Iselin
2024-11,Zuzug,2024,11,Schweizer,M,23,Schweiz,Schweiz,BL,NA,Schweiz,Schweiz,BS,Gotthelf,switzerland,Basel-Landschaft,basel,Gotthelf
2024-11,Zuzug,2024,11,Schweizer,W,23,Schweiz,Schweiz,SG,NA,Schweiz,Schweiz,BS,Klybeck,switzerland,St. Gallen,basel,Klybeck
2024-11,Zuzug,2024,11,Ausländer,M,23,Europa (ohne Schweiz),Deutschland,NA,NA,Schweiz,Schweiz,BS,Altstadt Grossbasel,europe,Germany,basel,Altstadt Grossbasel
2024-11,Zuzug,2024,11,Schweizer,W,23,Schweiz,Schweiz,AG,NA,Schweiz,Schweiz,BS,Gotthelf,switzerland,Aargau,basel,Gotthelf
2024-11,Zuzug,2024,11,Ausländer,W,23,Europa (ohne Schweiz),Nordmazedonien,NA,NA,Schweiz,Schweiz,BS,Breite,europe,North Macedonia,basel,Breite
2024-11,Wegzug,2024,11,Ausländer,W,23,Schweiz,Schweiz,BS,St. Johann,Schweiz,Schweiz,BL,NA,basel,St. Johann,switzerland,Basel-Landschaft
2024-11,Wegzug,2024,11,Ausländer,M,23,Schweiz,Schweiz,BS,Matthäus,NA,NA,NA,NA,basel,Matthäus,NA,NA
2024-11,Wegzug,2024,11,Schweizer,M,23,Schweiz,Schweiz,BS,Iselin,Schweiz,Schweiz,BL,NA,basel,Iselin,switzerland,Basel-Landschaft
2024-11,Wegzug,2024,11,Ausländer,W,23,Schweiz,Schweiz,BS,Gundeldingen,Asien,Indien,Ausland,NA,basel,Gundeldingen,world,India
2024-11,Wegzug,2024,11,Schweizer,W,23,Schweiz,Schweiz,BS,Matthäus,Schweiz,Schweiz,BL,NA,basel,Matthäus,switzerland,Basel-Landschaft
2024-11,Wegzug,2024,11,Schweizer,M,23,Schweiz,Schweiz,BS,Riehen,Schweiz,Schweiz,AG,NA,basel,Riehen,switzerland,Aargau
2024-11,Wegzug,2024,11,Schweizer,W,23,Schweiz,Schweiz,BS,Clara,Schweiz,Schweiz,ZH,NA,basel,Clara,switzerland,Zürich
2024-11,Wegzug,2024,11,Schweizer,W,23,Schweiz,Schweiz,BS,St. Johann,Schweiz,Schweiz,SG,NA,basel,St. Johann,switzerland,St. Gallen
2024-11,Wegzug,2024,11,Schweizer,W,23,Schweiz,Schweiz,BS,St. Johann,NA,NA,NA,NA,basel,St. Johann,NA,NA
2024-11,Wegzug,2024,11,Schweizer,M,23,Schweiz,Schweiz,BS,Bruderholz,Schweiz,Schweiz,SO,NA,basel,Bruderholz,switzerland,Solothurn
2024-11,Zuzug,2024,11,Ausländer,M,23,Europa (ohne Schweiz),Spanien,NA,NA,Schweiz,Schweiz,BS,Iselin,europe,Spain,basel,Iselin
2024-11,Zuzug,2024,11,Ausländer,W,23,Europa (ohne Schweiz),Deutschland,NA,NA,Schweiz,Schweiz,BS,Hirzbrunnen,europe,Germany,basel,Hirzbrunnen
2024-11,Zuzug,2024,11,Ausländer,W,23,Europa (ohne Schweiz),Deutschland,NA,NA,Schweiz,Schweiz,BS,Wettstein,europe,Germany,basel,Wettstein
2024-11,Zuzug,2024,11,Schweizer,W,23,Schweiz,Schweiz,AG,NA,Schweiz,Schweiz,BS,Vorstädte,switzerland,Aargau,basel,Vorstädte
2024-11,Zuzug,2024,11,Ausländer,W,23,Europa (ohne Schweiz),Deutschland,NA,NA,Schweiz,Schweiz,BS,Klybeck,europe,Germany,basel,Klybeck
2024-11,Zuzug,2024,11,Ausländer,M,23,Europa (ohne Schweiz),Deutschland,NA,NA,Schweiz,Schweiz,BS,Gundeldingen,europe,Germany,basel,Gundeldingen
2024-11,Zuzug,2024,11,Schweizer,M,23,Schweiz,Schweiz,BE,NA,Schweiz,Schweiz,BS,Breite,switzerland,Bern,basel,Breite
2024-11,Zuzug,2024,11,Ausländer,W,23,Schweiz,Schweiz,LU,NA,Schweiz,Schweiz,BS,St. Johann,switzerland,Luzern,basel,St. Johann
2024-11,Zuzug,2024,11,Schweizer,M,23,Schweiz,Schweiz,BL,NA,Schweiz,Schweiz,BS,Bruderholz,switzerland,Basel-Landschaft,basel,Bruderholz
2024-11,Zuzug,2024,11,Ausländer,M,24,Europa (ohne Schweiz),Spanien,NA,NA,Schweiz,Schweiz,BS,Iselin,europe,Spain,basel,Iselin
2024-11,Zuzug,2024,11,Ausländer,W,24,Europa (ohne Schweiz),Deutschland,NA,NA,Schweiz,Schweiz,BS,Breite,europe,Germany,basel,Breite
2024-11,Zuzug,2024,11,Ausländer,M,24,Europa (ohne Schweiz),Deutschland,NA,NA,Schweiz,Schweiz,BS,Am Ring,europe,Germany,basel,Am Ring
2024-11,Zuzug,2024,11,Schweizer,M,24,Schweiz,Schweiz,BL,NA,Schweiz,Schweiz,BS,Gundeldingen,switzerland,Basel-Landschaft,basel,Gundeldingen
2024-11,Zuzug,2024,11,Schweizer,W,24,Schweiz,Schweiz,BE,NA,Schweiz,Schweiz,BS,Bachletten,switzerland,Bern,basel,Bachletten
2024-11,Zuzug,2024,11,Schweizer,W,24,Schweiz,Schweiz,ZH,NA,Schweiz,Schweiz,BS,Iselin,switzerland,Zürich,basel,Iselin
2024-11,Zuzug,2024,11,Schweizer,W,24,Schweiz,Schweiz,SO,NA,Schweiz,Schweiz,BS,Am Ring,switzerland,Solothurn,basel,Am Ring
2024-11,Zuzug,2024,11,Ausländer,M,24,Asien,Philippinen,NA,NA,Schweiz,Schweiz,BS,Altstadt Kleinbasel,world,Philippines,basel,Altstadt Kleinbasel
2024-11,Zuzug,2024,11,Ausländer,W,24,Lateinamerika und Karibik,Kolumbien,NA,NA,Schweiz,Schweiz,BS,Matthäus,world,Colombia,basel,Matthäus
2024-11,Zuzug,2024,11,Ausländer,W,24,Lateinamerika und Karibik,Bolivien,NA,NA,Schweiz,Schweiz,BS,Am Ring,world,Bolivia,basel,Am Ring
2024-11,Zuzug,2024,11,Ausländer,M,24,Europa (ohne Schweiz),Frankreich,NA,NA,Schweiz,Schweiz,BS,St. Johann,europe,France,basel,St. Johann
2024-11,Zuzug,2024,11,Ausländer,M,24,NA,NA,NA,NA,Schweiz,Schweiz,BS,Rosental,NA,NA,basel,Rosental
2024-11,Zuzug,2024,11,Ausländer,W,24,Europa (ohne Schweiz),Ungarn,NA,NA,Schweiz,Schweiz,BS,Rosental,europe,Hungary,basel,Rosental
2024-11,Zuzug,2024,11,Schweizer,W,24,Schweiz,Schweiz,GR,NA,Schweiz,Schweiz,BS,Iselin,switzerland,Graubünden,basel,Iselin
2024-11,Zuzug,2024,11,Ausländer,M,24,Europa (ohne Schweiz),Ungarn,NA,NA,Schweiz,Schweiz,BS,Am Ring,europe,Hungary,basel,Am Ring
2024-11,Zuzug,2024,11,Schweizer,M,24,Europa (ohne Schweiz),Frankreich,NA,NA,Schweiz,Schweiz,BS,Bachletten,europe,France,basel,Bachletten
2024-11,Wegzug,2024,11,Ausländer,M,24,Schweiz,Schweiz,BS,Klybeck,NA,NA,NA,NA,basel,Klybeck,NA,NA
2024-11,Wegzug,2024,11,Schweizer,M,24,Schweiz,Schweiz,BS,Bruderholz,Schweiz,Schweiz,LU,NA,basel,Bruderholz,switzerland,Luzern
2024-11,Wegzug,2024,11,Schweizer,W,24,Schweiz,Schweiz,BS,St. Johann,Schweiz,Schweiz,BL,NA,basel,St. Johann,switzerland,Basel-Landschaft
2024-11,Wegzug,2024,11,Schweizer,M,24,Schweiz,Schweiz,BS,St. Johann,Schweiz,Schweiz,BL,NA,basel,St. Johann,switzerland,Basel-Landschaft
2024-11,Wegzug,2024,11,Schweizer,M,24,Schweiz,Schweiz,BS,Iselin,NA,NA,NA,NA,basel,Iselin,NA,NA
2024-11,Wegzug,2024,11,Ausländer,M,24,Schweiz,Schweiz,BS,Klybeck,Europa (ohne Schweiz),Frankreich,Ausland,NA,basel,Klybeck,europe,France
2024-11,Wegzug,2024,11,Ausländer,M,24,Schweiz,Schweiz,BS,Bruderholz,Europa (ohne Schweiz),Grossbritannien,Ausland,NA,basel,Bruderholz,europe,United Kingdom
2024-11,Wegzug,2024,11,Schweizer,W,24,Schweiz,Schweiz,BS,Clara,Schweiz,Schweiz,BL,NA,basel,Clara,switzerland,Basel-Landschaft
2024-11,Wegzug,2024,11,Schweizer,W,24,Schweiz,Schweiz,BS,St. Alban,Schweiz,Schweiz,BE,NA,basel,St. Alban,switzerland,Bern
2024-11,Zuzug,2024,11,Ausländer,M,24,Schweiz,Schweiz,GE,NA,Schweiz,Schweiz,BS,Vorstädte,switzerland,Genève,basel,Vorstädte
2024-11,Zuzug,2024,11,Ausländer,W,24,Europa (ohne Schweiz),Oesterreich,NA,NA,Schweiz,Schweiz,BS,Gundeldingen,europe,Austria,basel,Gundeldingen
2024-11,Zuzug,2024,11,Schweizer,M,24,Schweiz,Schweiz,BL,NA,Schweiz,Schweiz,BS,Breite,switzerland,Basel-Landschaft,basel,Breite
2024-11,Zuzug,2024,11,Schweizer,W,24,Europa (ohne Schweiz),Deutschland,NA,NA,Schweiz,Schweiz,BS,Rosental,europe,Germany,basel,Rosental
2024-11,Zuzug,2024,11,Schweizer,W,24,Schweiz,Schweiz,AG,NA,Schweiz,Schweiz,BS,St. Alban,switzerland,Aargau,basel,St. Alban
2024-11,Zuzug,2024,11,Schweizer,W,24,Schweiz,Schweiz,TG,NA,Schweiz,Schweiz,BS,St. Johann,switzerland,Thurgau,basel,St. Johann
2024-11,Zuzug,2024,11,Schweizer,W,24,Schweiz,Schweiz,TI,NA,Schweiz,Schweiz,BS,Matthäus,switzerland,Ticino,basel,Matthäus
2024-11,Zuzug,2024,11,Ausländer,W,24,Europa (ohne Schweiz),Deutschland,NA,NA,Schweiz,Schweiz,BS,Matthäus,europe,Germany,basel,Matthäus
2024-11,Zuzug,2024,11,Ausländer,W,24,Europa (ohne Schweiz),Italien,NA,NA,Schweiz,Schweiz,BS,Klybeck,europe,Italy,basel,Klybeck
2024-11,Zuzug,2024,11,Ausländer,M,24,NA,NA,NA,NA,Schweiz,Schweiz,BS,Vorstädte,NA,NA,basel,Vorstädte
2024-11,Zuzug,2024,11,Ausländer,W,24,Schweiz,Schweiz,BL,NA,Schweiz,Schweiz,BS,Matthäus,switzerland,Basel-Landschaft,basel,Matthäus
2024-11,Zuzug,2024,11,Ausländer,W,24,Asien,China,NA,NA,Schweiz,Schweiz,BS,St. Johann,world,China,basel,St. Johann
2024-11,Zuzug,2024,11,Ausländer,M,24,Asien,Afghanistan,NA,NA,Schweiz,Schweiz,BS,Rosental,world,Afghanistan,basel,Rosental
2024-11,Zuzug,2024,11,Ausländer,M,24,Europa (ohne Schweiz),Italien,NA,NA,Schweiz,Schweiz,BS,St. Johann,europe,Italy,basel,St. Johann
2024-11,Zuzug,2024,11,Schweizer,W,24,Schweiz,Schweiz,LU,NA,Schweiz,Schweiz,BS,Iselin,switzerland,Luzern,basel,Iselin
2024-11,Zuzug,2024,11,Schweizer,M,24,Schweiz,Schweiz,AG,NA,Schweiz,Schweiz,BS,Gotthelf,switzerland,Aargau,basel,Gotthelf
2024-11,Zuzug,2024,11,Ausländer,W,24,Europa (ohne Schweiz),Grossbritannien,NA,NA,Schweiz,Schweiz,BS,Klybeck,europe,United Kingdom,basel,Klybeck
2024-11,Wegzug,2024,11,Ausländer,M,24,Schweiz,Schweiz,BS,Rosental,Schweiz,Schweiz,BL,NA,basel,Rosental,switzerland,Basel-Landschaft
2024-11,Wegzug,2024,11,Schweizer,W,24,Schweiz,Schweiz,BS,Am Ring,Schweiz,Schweiz,BL,NA,basel,Am Ring,switzerland,Basel-Landschaft
2024-11,Wegzug,2024,11,Schweizer,W,24,Schweiz,Schweiz,BS,Riehen,Schweiz,Schweiz,AG,NA,basel,Riehen,switzerland,Aargau
2024-11,Wegzug,2024,11,Schweizer,W,24,Schweiz,Schweiz,BS,Breite,NA,NA,NA,NA,basel,Breite,NA,NA
2024-11,Wegzug,2024,11,Ausländer,W,24,Schweiz,Schweiz,BS,St. Johann,Schweiz,Schweiz,BL,NA,basel,St. Johann,switzerland,Basel-Landschaft
2024-11,Wegzug,2024,11,Schweizer,W,24,Schweiz,Schweiz,BS,Clara,Europa (ohne Schweiz),Frankreich,Ausland,NA,basel,Clara,europe,France
2024-11,Wegzug,2024,11,Ausländer,W,24,Schweiz,Schweiz,BS,Rosental,Europa (ohne Schweiz),Deutschland,Ausland,NA,basel,Rosental,europe,Germany
2024-11,Wegzug,2024,11,Ausländer,W,24,Schweiz,Schweiz,BS,Bachletten,Schweiz,Schweiz,BL,NA,basel,Bachletten,switzerland,Basel-Landschaft
2024-11,Wegzug,2024,11,Ausländer,W,24,Schweiz,Schweiz,BS,St. Johann,Europa (ohne Schweiz),Italien,Ausland,NA,basel,St. Johann,europe,Italy
2024-11,Wegzug,2024,11,Ausländer,W,24,Schweiz,Schweiz,BS,Riehen,Schweiz,Schweiz,AG,NA,basel,Riehen,switzerland,Aargau
2024-11,Wegzug,2024,11,Schweizer,W,24,Schweiz,Schweiz,BS,Klybeck,Schweiz,Schweiz,SG,NA,basel,Klybeck,switzerland,St. Gallen
2024-11,Wegzug,2024,11,Schweizer,W,24,Schweiz,Schweiz,BS,St. Alban,Schweiz,Schweiz,ZH,NA,basel,St. Alban,switzerland,Zürich
2024-11,Wegzug,2024,11,Schweizer,W,24,Schweiz,Schweiz,BS,Hirzbrunnen,NA,NA,NA,NA,basel,Hirzbrunnen,NA,NA
2024-11,Wegzug,2024,11,Ausländer,M,24,Schweiz,Schweiz,BS,Klybeck,Schweiz,Schweiz,ZH,NA,basel,Klybeck,switzerland,Zürich
2024-11,Zuzug,2024,11,Ausländer,W,24,Europa (ohne Schweiz),Deutschland,NA,NA,Schweiz,Schweiz,BS,Am Ring,europe,Germany,basel,Am Ring
2024-11,Zuzug,2024,11,Ausländer,M,24,Europa (ohne Schweiz),Slowenien,NA,NA,Schweiz,Schweiz,BS,Iselin,europe,Slovenia,basel,Iselin
2024-11,Zuzug,2024,11,Ausländer,W,24,Europa (ohne Schweiz),Spanien,NA,NA,Schweiz,Schweiz,BS,Gotthelf,europe,Spain,basel,Gotthelf
2024-11,Zuzug,2024,11,Schweizer,M,24,Schweiz,Schweiz,FR,NA,Schweiz,Schweiz,BS,Iselin,switzerland,Fribourg,basel,Iselin
2024-11,Zuzug,2024,11,Schweizer,W,24,Schweiz,Schweiz,ZG,NA,Schweiz,Schweiz,BS,Matthäus,switzerland,Zug,basel,Matthäus
2024-11,Zuzug,2024,11,Ausländer,M,24,Schweiz,Schweiz,BL,NA,Schweiz,Schweiz,BS,Rosental,switzerland,Basel-Landschaft,basel,Rosental
2024-11,Zuzug,2024,11,Schweizer,W,24,Schweiz,Schweiz,BE,NA,Schweiz,Schweiz,BS,St. Johann,switzerland,Bern,basel,St. Johann
2024-11,Zuzug,2024,11,Ausländer,M,25,Europa (ohne Schweiz),Deutschland,NA,NA,Schweiz,Schweiz,BS,Matthäus,europe,Germany,basel,Matthäus
2024-11,Zuzug,2024,11,Ausländer,M,25,Europa (ohne Schweiz),Italien,NA,NA,Schweiz,Schweiz,BS,Vorstädte,europe,Italy,basel,Vorstädte
2024-11,Zuzug,2024,11,Ausländer,W,25,Europa (ohne Schweiz),Frankreich,NA,NA,Schweiz,Schweiz,BS,Am Ring,europe,France,basel,Am Ring
2024-11,Zuzug,2024,11,Ausländer,M,25,Europa (ohne Schweiz),Oesterreich,NA,NA,Schweiz,Schweiz,BS,Gundeldingen,europe,Austria,basel,Gundeldingen
2024-11,Zuzug,2024,11,Ausländer,M,25,Schweiz,Schweiz,SO,NA,Schweiz,Schweiz,BS,Gundeldingen,switzerland,Solothurn,basel,Gundeldingen
2024-11,Zuzug,2024,11,Ausländer,W,25,Europa (ohne Schweiz),Deutschland,NA,NA,Schweiz,Schweiz,BS,Matthäus,europe,Germany,basel,Matthäus
2024-11,Zuzug,2024,11,Ausländer,W,25,Europa (ohne Schweiz),Niederlande,NA,NA,Schweiz,Schweiz,BS,Am Ring,europe,Netherlands,basel,Am Ring
2024-11,Zuzug,2024,11,Ausländer,W,25,Europa (ohne Schweiz),Rumänien,NA,NA,Schweiz,Schweiz,BS,Matthäus,europe,Romania,basel,Matthäus
2024-11,Zuzug,2024,11,Schweizer,M,25,Schweiz,Schweiz,SZ,NA,Schweiz,Schweiz,BS,Matthäus,switzerland,Schwyz,basel,Matthäus
2024-11,Zuzug,2024,11,Schweizer,W,25,Schweiz,Schweiz,BL,NA,Schweiz,Schweiz,BS,Matthäus,switzerland,Basel-Landschaft,basel,Matthäus
2024-11,Zuzug,2024,11,Schweizer,W,25,Schweiz,Schweiz,BL,NA,Schweiz,Schweiz,BS,Am Ring,switzerland,Basel-Landschaft,basel,Am Ring
2024-11,Zuzug,2024,11,Schweizer,W,25,Schweiz,Schweiz,BL,NA,Schweiz,Schweiz,BS,Iselin,switzerland,Basel-Landschaft,basel,Iselin
2024-11,Zuzug,2024,11,Ausländer,W,25,Europa (ohne Schweiz),Frankreich,NA,NA,Schweiz,Schweiz,BS,Breite,europe,France,basel,Breite
2024-11,Zuzug,2024,11,Ausländer,W,25,Europa (ohne Schweiz),Portugal,NA,NA,Schweiz,Schweiz,BS,St. Johann,europe,Portugal,basel,St. Johann
2024-11,Zuzug,2024,11,Schweizer,M,25,Schweiz,Schweiz,SG,NA,Schweiz,Schweiz,BS,Gundeldingen,switzerland,St. Gallen,basel,Gundeldingen
2024-11,Zuzug,2024,11,Ausländer,M,25,Schweiz,Schweiz,AG,NA,Schweiz,Schweiz,BS,Matthäus,switzerland,Aargau,basel,Matthäus
2024-11,Zuzug,2024,11,Ausländer,M,25,Schweiz,Schweiz,BL,NA,Schweiz,Schweiz,BS,Gundeldingen,switzerland,Basel-Landschaft,basel,Gundeldingen
2024-11,Zuzug,2024,11,Ausländer,M,25,Europa (ohne Schweiz),Deutschland,NA,NA,Schweiz,Schweiz,BS,Riehen,europe,Germany,basel,Riehen
2024-11,Wegzug,2024,11,Schweizer,W,25,Schweiz,Schweiz,BS,Rosental,Schweiz,Schweiz,BE,NA,basel,Rosental,switzerland,Bern
2024-11,Wegzug,2024,11,Ausländer,M,25,Schweiz,Schweiz,BS,Iselin,Europa (ohne Schweiz),Deutschland,Ausland,NA,basel,Iselin,europe,Germany
2024-11,Wegzug,2024,11,Schweizer,W,25,Schweiz,Schweiz,BS,Klybeck,Schweiz,Schweiz,ZH,NA,basel,Klybeck,switzerland,Zürich
2024-11,Wegzug,2024,11,Ausländer,M,25,Schweiz,Schweiz,BS,Gundeldingen,Schweiz,Schweiz,BL,NA,basel,Gundeldingen,switzerland,Basel-Landschaft
2024-11,Wegzug,2024,11,Schweizer,W,25,Schweiz,Schweiz,BS,Gundeldingen,Schweiz,Schweiz,BL,NA,basel,Gundeldingen,switzerland,Basel-Landschaft
2024-11,Wegzug,2024,11,Ausländer,W,25,Schweiz,Schweiz,BS,Klybeck,Europa (ohne Schweiz),Moldawien,Ausland,NA,basel,Klybeck,europe,Moldova
2024-11,Wegzug,2024,11,Ausländer,M,25,Schweiz,Schweiz,BS,St. Alban,NA,NA,NA,NA,basel,St. Alban,NA,NA
2024-11,Wegzug,2024,11,Ausländer,W,25,Schweiz,Schweiz,BS,Altstadt Kleinbasel,Europa (ohne Schweiz),Niederlande,Ausland,NA,basel,Altstadt Kleinbasel,europe,Netherlands
2024-11,Wegzug,2024,11,Schweizer,M,25,Schweiz,Schweiz,BS,Iselin,Schweiz,Schweiz,SO,NA,basel,Iselin,switzerland,Solothurn
2024-11,Wegzug,2024,11,Ausländer,M,25,Schweiz,Schweiz,BS,Matthäus,NA,NA,NA,NA,basel,Matthäus,NA,NA
2024-11,Wegzug,2024,11,Schweizer,W,25,Schweiz,Schweiz,BS,Am Ring,Schweiz,Schweiz,BL,NA,basel,Am Ring,switzerland,Basel-Landschaft
2024-11,Wegzug,2024,11,Schweizer,W,25,Schweiz,Schweiz,BS,Vorstädte,Schweiz,Schweiz,BL,NA,basel,Vorstädte,switzerland,Basel-Landschaft
2024-11,Zuzug,2024,11,Ausländer,M,25,Schweiz,Schweiz,BL,NA,Schweiz,Schweiz,BS,Altstadt Kleinbasel,switzerland,Basel-Landschaft,basel,Altstadt Kleinbasel
2024-11,Zuzug,2024,11,Ausländer,W,25,Schweiz,Schweiz,BL,NA,Schweiz,Schweiz,BS,Gundeldingen,switzerland,Basel-Landschaft,basel,Gundeldingen
2024-11,Zuzug,2024,11,Ausländer,M,25,Europa (ohne Schweiz),Deutschland,NA,NA,Schweiz,Schweiz,BS,Gundeldingen,europe,Germany,basel,Gundeldingen
2024-11,Zuzug,2024,11,Ausländer,M,25,Europa (ohne Schweiz),Frankreich,NA,NA,Schweiz,Schweiz,BS,Kleinhüningen,europe,France,basel,Kleinhüningen
2024-11,Zuzug,2024,11,Ausländer,W,25,Asien,Pakistan,NA,NA,Schweiz,Schweiz,BS,Bachletten,world,Pakistan,basel,Bachletten
2024-11,Zuzug,2024,11,Ausländer,W,25,Europa (ohne Schweiz),Griechenland,NA,NA,Schweiz,Schweiz,BS,Am Ring,europe,Greece,basel,Am Ring
2024-11,Zuzug,2024,11,Ausländer,W,25,Europa (ohne Schweiz),Spanien,NA,NA,Schweiz,Schweiz,BS,Matthäus,europe,Spain,basel,Matthäus
2024-11,Zuzug,2024,11,Schweizer,M,25,Schweiz,Schweiz,SG,NA,Schweiz,Schweiz,BS,Gundeldingen,switzerland,St. Gallen,basel,Gundeldingen
2024-11,Zuzug,2024,11,Schweizer,W,25,Schweiz,Schweiz,BE,NA,Schweiz,Schweiz,BS,Iselin,switzerland,Bern,basel,Iselin
2024-11,Wegzug,2024,11,Schweizer,W,25,Schweiz,Schweiz,BS,Klybeck,Schweiz,Schweiz,BE,NA,basel,Klybeck,switzerland,Bern
2024-11,Wegzug,2024,11,Ausländer,M,25,Schweiz,Schweiz,BS,Kleinhüningen,Schweiz,Schweiz,ZH,NA,basel,Kleinhüningen,switzerland,Zürich
2024-11,Wegzug,2024,11,Ausländer,W,25,Schweiz,Schweiz,BS,Iselin,Schweiz,Schweiz,AG,NA,basel,Iselin,switzerland,Aargau
2024-11,Wegzug,2024,11,Ausländer,W,25,Schweiz,Schweiz,BS,Klybeck,Europa (ohne Schweiz),Deutschland,Ausland,NA,basel,Klybeck,europe,Germany
2024-11,Wegzug,2024,11,Ausländer,W,25,Schweiz,Schweiz,BS,Klybeck,Europa (ohne Schweiz),Italien,Ausland,NA,basel,Klybeck,europe,Italy
2024-11,Wegzug,2024,11,Ausländer,W,25,Schweiz,Schweiz,BS,Matthäus,Europa (ohne Schweiz),Portugal,Ausland,NA,basel,Matthäus,europe,Portugal
2024-11,Wegzug,2024,11,Ausländer,W,25,Schweiz,Schweiz,BS,St. Johann,Schweiz,Schweiz,BL,NA,basel,St. Johann,switzerland,Basel-Landschaft
2024-11,Wegzug,2024,11,Schweizer,W,25,Schweiz,Schweiz,BS,Kleinhüningen,Schweiz,Schweiz,AG,NA,basel,Kleinhüningen,switzerland,Aargau
2024-11,Wegzug,2024,11,Ausländer,M,25,Schweiz,Schweiz,BS,Breite,Lateinamerika und Karibik,Argentinien,Ausland,NA,basel,Breite,world,Argentina
2024-11,Wegzug,2024,11,Ausländer,W,25,Schweiz,Schweiz,BS,Bachletten,Europa (ohne Schweiz),Ungarn,Ausland,NA,basel,Bachletten,europe,Hungary
2024-11,Wegzug,2024,11,Schweizer,W,25,Schweiz,Schweiz,BS,St. Johann,Schweiz,Schweiz,BL,NA,basel,St. Johann,switzerland,Basel-Landschaft
2024-11,Wegzug,2024,11,Schweizer,M,25,Schweiz,Schweiz,BS,Gundeldingen,NA,NA,NA,NA,basel,Gundeldingen,NA,NA
2024-11,Wegzug,2024,11,Ausländer,W,25,Schweiz,Schweiz,BS,Wettstein,Europa (ohne Schweiz),Niederlande,Ausland,NA,basel,Wettstein,europe,Netherlands
2024-11,Wegzug,2024,11,Ausländer,W,25,Schweiz,Schweiz,BS,Breite,Schweiz,Schweiz,BL,NA,basel,Breite,switzerland,Basel-Landschaft
2024-11,Wegzug,2024,11,Schweizer,W,25,Schweiz,Schweiz,BS,Gundeldingen,Schweiz,Schweiz,SO,NA,basel,Gundeldingen,switzerland,Solothurn
2024-11,Wegzug,2024,11,Schweizer,M,25,Schweiz,Schweiz,BS,Rosental,Schweiz,Schweiz,AG,NA,basel,Rosental,switzerland,Aargau
2024-11,Wegzug,2024,11,Ausländer,M,25,Schweiz,Schweiz,BS,Kleinhüningen,Schweiz,Schweiz,VD,NA,basel,Kleinhüningen,switzerland,Vaud
2024-11,Wegzug,2024,11,Ausländer,M,25,Schweiz,Schweiz,BS,Bachletten,Schweiz,Schweiz,BL,NA,basel,Bachletten,switzerland,Basel-Landschaft
2024-11,Wegzug,2024,11,Ausländer,W,25,Schweiz,Schweiz,BS,Vorstädte,Europa (ohne Schweiz),Spanien,Ausland,NA,basel,Vorstädte,europe,Spain
2024-11,Wegzug,2024,11,Ausländer,M,25,Schweiz,Schweiz,BS,Iselin,Europa (ohne Schweiz),Niederlande,Ausland,NA,basel,Iselin,europe,Netherlands
2024-11,Wegzug,2024,11,Ausländer,M,25,Schweiz,Schweiz,BS,Matthäus,Europa (ohne Schweiz),Deutschland,Ausland,NA,basel,Matthäus,europe,Germany
2024-11,Wegzug,2024,11,Ausländer,W,25,Schweiz,Schweiz,BS,Am Ring,Schweiz,Schweiz,BE,NA,basel,Am Ring,switzerland,Bern
2024-11,Wegzug,2024,11,Ausländer,W,25,Schweiz,Schweiz,BS,Wettstein,Europa (ohne Schweiz),Frankreich,Ausland,NA,basel,Wettstein,europe,France
2024-11,Wegzug,2024,11,Schweizer,W,25,Schweiz,Schweiz,BS,Gotthelf,Schweiz,Schweiz,LU,NA,basel,Gotthelf,switzerland,Luzern
2024-11,Wegzug,2024,11,Schweizer,W,25,Schweiz,Schweiz,BS,Iselin,Schweiz,Schweiz,BL,NA,basel,Iselin,switzerland,Basel-Landschaft
2024-11,Wegzug,2024,11,Schweizer,W,25,Schweiz,Schweiz,BS,Matthäus,Schweiz,Schweiz,TI,NA,basel,Matthäus,switzerland,Ticino
2024-11,Wegzug,2024,11,Ausländer,W,25,Schweiz,Schweiz,BS,Vorstädte,Europa (ohne Schweiz),Deutschland,Ausland,NA,basel,Vorstädte,europe,Germany
2024-11,Zuzug,2024,11,Ausländer,M,25,Europa (ohne Schweiz),Deutschland,NA,NA,Schweiz,Schweiz,BS,Bachletten,europe,Germany,basel,Bachletten
2024-11,Zuzug,2024,11,Ausländer,M,25,Europa (ohne Schweiz),Spanien,NA,NA,Schweiz,Schweiz,BS,Matthäus,europe,Spain,basel,Matthäus
2024-11,Zuzug,2024,11,Ausländer,M,25,Schweiz,Schweiz,GR,NA,Schweiz,Schweiz,BS,Gundeldingen,switzerland,Graubünden,basel,Gundeldingen
2024-11,Zuzug,2024,11,Schweizer,W,25,Schweiz,Schweiz,AG,NA,Schweiz,Schweiz,BS,Matthäus,switzerland,Aargau,basel,Matthäus
2024-11,Zuzug,2024,11,Ausländer,M,25,Europa (ohne Schweiz),Grossbritannien,NA,NA,Schweiz,Schweiz,BS,Clara,europe,United Kingdom,basel,Clara
2024-11,Zuzug,2024,11,Schweizer,M,25,Schweiz,Schweiz,ZH,NA,Schweiz,Schweiz,BS,Rosental,switzerland,Zürich,basel,Rosental
2024-11,Zuzug,2024,11,Ausländer,M,25,Europa (ohne Schweiz),Tschechische Republik,NA,NA,Schweiz,Schweiz,BS,Gundeldingen,europe,Czechia,basel,Gundeldingen
2024-11,Zuzug,2024,11,Ausländer,M,25,Europa (ohne Schweiz),Deutschland,NA,NA,Schweiz,Schweiz,BS,St. Alban,europe,Germany,basel,St. Alban
2024-11,Zuzug,2024,11,Schweizer,M,25,Schweiz,Schweiz,BE,NA,Schweiz,Schweiz,BS,Iselin,switzerland,Bern,basel,Iselin
2024-11,Zuzug,2024,11,Ausländer,W,25,Europa (ohne Schweiz),Frankreich,NA,NA,Schweiz,Schweiz,BS,Gundeldingen,europe,France,basel,Gundeldingen
2024-11,Zuzug,2024,11,Ausländer,M,25,Europa (ohne Schweiz),Frankreich,NA,NA,Schweiz,Schweiz,BS,Matthäus,europe,France,basel,Matthäus
2024-11,Wegzug,2024,11,Ausländer,W,25,Schweiz,Schweiz,BS,Klybeck,Europa (ohne Schweiz),Italien,Ausland,NA,basel,Klybeck,europe,Italy
2024-11,Zuzug,2024,11,Ausländer,M,26,Europa (ohne Schweiz),Deutschland,NA,NA,Schweiz,Schweiz,BS,Gundeldingen,europe,Germany,basel,Gundeldingen
2024-11,Zuzug,2024,11,Ausländer,M,26,Europa (ohne Schweiz),Oesterreich,NA,NA,Schweiz,Schweiz,BS,Gundeldingen,europe,Austria,basel,Gundeldingen
2024-11,Zuzug,2024,11,Ausländer,W,26,Asien,Iran,NA,NA,Schweiz,Schweiz,BS,Klybeck,world,Iran,basel,Klybeck
2024-11,Zuzug,2024,11,Ausländer,W,26,Schweiz,Schweiz,FR,NA,Schweiz,Schweiz,BS,Clara,switzerland,Fribourg,basel,Clara
2024-11,Zuzug,2024,11,Ausländer,M,26,Europa (ohne Schweiz),Deutschland,NA,NA,Schweiz,Schweiz,BS,Rosental,europe,Germany,basel,Rosental
2024-11,Zuzug,2024,11,Schweizer,W,26,Schweiz,Schweiz,BL,NA,Schweiz,Schweiz,BS,Gotthelf,switzerland,Basel-Landschaft,basel,Gotthelf
2024-11,Zuzug,2024,11,Schweizer,M,26,Schweiz,Schweiz,BL,NA,Schweiz,Schweiz,BS,St. Johann,switzerland,Basel-Landschaft,basel,St. Johann
2024-11,Zuzug,2024,11,Schweizer,W,26,Schweiz,Schweiz,AG,NA,Schweiz,Schweiz,BS,Bruderholz,switzerland,Aargau,basel,Bruderholz
2024-11,Zuzug,2024,11,Schweizer,W,26,Schweiz,Schweiz,BE,NA,Schweiz,Schweiz,BS,St. Johann,switzerland,Bern,basel,St. Johann
2024-11,Zuzug,2024,11,Ausländer,W,26,Asien,Vietnam,NA,NA,Schweiz,Schweiz,BS,Rosental,world,Vietnam,basel,Rosental
2024-11,Zuzug,2024,11,Ausländer,M,26,Europa (ohne Schweiz),Italien,NA,NA,Schweiz,Schweiz,BS,Gundeldingen,europe,Italy,basel,Gundeldingen
2024-11,Zuzug,2024,11,Ausländer,M,26,Europa (ohne Schweiz),Portugal,NA,NA,Schweiz,Schweiz,BS,Bachletten,europe,Portugal,basel,Bachletten
2024-11,Zuzug,2024,11,Ausländer,W,26,Europa (ohne Schweiz),Italien,NA,NA,Schweiz,Schweiz,BS,Am Ring,europe,Italy,basel,Am Ring
2024-11,Zuzug,2024,11,Ausländer,W,26,Europa (ohne Schweiz),Deutschland,NA,NA,Schweiz,Schweiz,BS,Bruderholz,europe,Germany,basel,Bruderholz
2024-11,Zuzug,2024,11,Ausländer,M,26,Europa (ohne Schweiz),Ukraine,NA,NA,Schweiz,Schweiz,BS,Vorstädte,europe,Ukraine,basel,Vorstädte
2024-11,Zuzug,2024,11,Ausländer,M,26,Europa (ohne Schweiz),Deutschland,NA,NA,Schweiz,Schweiz,BS,Am Ring,europe,Germany,basel,Am Ring
2024-11,Zuzug,2024,11,Ausländer,W,26,Asien,Indien,NA,NA,Schweiz,Schweiz,BS,Am Ring,world,India,basel,Am Ring
2024-11,Zuzug,2024,11,Ausländer,M,26,Schweiz,Schweiz,SH,NA,Schweiz,Schweiz,BS,Gundeldingen,switzerland,Schaffhausen,basel,Gundeldingen
2024-11,Zuzug,2024,11,Ausländer,W,26,Europa (ohne Schweiz),Slowakische Republik,NA,NA,Schweiz,Schweiz,BS,Klybeck,europe,Slovakia,basel,Klybeck
2024-11,Wegzug,2024,11,Ausländer,M,26,Schweiz,Schweiz,BS,Altstadt Kleinbasel,Asien,Israel,Ausland,NA,basel,Altstadt Kleinbasel,world,Israel
2024-11,Wegzug,2024,11,Schweizer,W,26,Schweiz,Schweiz,BS,Bruderholz,Schweiz,Schweiz,ZH,NA,basel,Bruderholz,switzerland,Zürich
2024-11,Wegzug,2024,11,Ausländer,M,26,Schweiz,Schweiz,BS,Am Ring,Europa (ohne Schweiz),Deutschland,Ausland,NA,basel,Am Ring,europe,Germany
2024-11,Wegzug,2024,11,Ausländer,M,26,Schweiz,Schweiz,BS,St. Johann,Schweiz,Schweiz,BL,NA,basel,St. Johann,switzerland,Basel-Landschaft
2024-11,Wegzug,2024,11,Ausländer,M,26,Schweiz,Schweiz,BS,Iselin,Schweiz,Schweiz,BL,NA,basel,Iselin,switzerland,Basel-Landschaft
2024-11,Wegzug,2024,11,Schweizer,W,26,Schweiz,Schweiz,BS,Iselin,Schweiz,Schweiz,BL,NA,basel,Iselin,switzerland,Basel-Landschaft
2024-11,Wegzug,2024,11,Schweizer,W,26,Schweiz,Schweiz,BS,Iselin,Schweiz,Schweiz,BL,NA,basel,Iselin,switzerland,Basel-Landschaft
2024-11,Wegzug,2024,11,Ausländer,W,26,Schweiz,Schweiz,BS,Vorstädte,Schweiz,Schweiz,AG,NA,basel,Vorstädte,switzerland,Aargau
2024-11,Wegzug,2024,11,Ausländer,W,26,Schweiz,Schweiz,BS,Vorstädte,NA,NA,NA,NA,basel,Vorstädte,NA,NA
2024-11,Wegzug,2024,11,Ausländer,W,26,Schweiz,Schweiz,BS,St. Johann,Schweiz,Schweiz,TI,NA,basel,St. Johann,switzerland,Ticino
2024-11,Wegzug,2024,11,Ausländer,M,26,Schweiz,Schweiz,BS,Klybeck,Europa (ohne Schweiz),Spanien,Ausland,NA,basel,Klybeck,europe,Spain
2024-11,Wegzug,2024,11,Ausländer,W,26,Schweiz,Schweiz,BS,Am Ring,Schweiz,Schweiz,BL,NA,basel,Am Ring,switzerland,Basel-Landschaft
2024-11,Wegzug,2024,11,Ausländer,W,26,Schweiz,Schweiz,BS,Riehen,Schweiz,Schweiz,AG,NA,basel,Riehen,switzerland,Aargau
2024-11,Wegzug,2024,11,Schweizer,W,26,Schweiz,Schweiz,BS,Iselin,Schweiz,Schweiz,BE,NA,basel,Iselin,switzerland,Bern
2024-11,Zuzug,2024,11,Ausländer,M,26,Europa (ohne Schweiz),Spanien,NA,NA,Schweiz,Schweiz,BS,St. Alban,europe,Spain,basel,St. Alban
2024-11,Zuzug,2024,11,Ausländer,W,26,Europa (ohne Schweiz),Deutschland,NA,NA,Schweiz,Schweiz,BS,St. Johann,europe,Germany,basel,St. Johann
2024-11,Zuzug,2024,11,Ausländer,M,26,Europa (ohne Schweiz),Deutschland,NA,NA,Schweiz,Schweiz,BS,Iselin,europe,Germany,basel,Iselin
2024-11,Zuzug,2024,11,Ausländer,W,26,Europa (ohne Schweiz),Deutschland,NA,NA,Schweiz,Schweiz,BS,Gotthelf,europe,Germany,basel,Gotthelf
2024-11,Zuzug,2024,11,Schweizer,W,26,Schweiz,Schweiz,ZH,NA,Schweiz,Schweiz,BS,Matthäus,switzerland,Zürich,basel,Matthäus
2024-11,Zuzug,2024,11,Ausländer,M,26,Europa (ohne Schweiz),Portugal,NA,NA,Schweiz,Schweiz,BS,Matthäus,europe,Portugal,basel,Matthäus
2024-11,Zuzug,2024,11,Ausländer,W,26,Asien,Indien,NA,NA,Schweiz,Schweiz,BS,Gotthelf,world,India,basel,Gotthelf
2024-11,Zuzug,2024,11,Ausländer,W,26,Schweiz,Schweiz,BL,NA,Schweiz,Schweiz,BS,Gundeldingen,switzerland,Basel-Landschaft,basel,Gundeldingen
2024-11,Zuzug,2024,11,Schweizer,M,26,Schweiz,Schweiz,AG,NA,Schweiz,Schweiz,BS,Am Ring,switzerland,Aargau,basel,Am Ring
2024-11,Wegzug,2024,11,Ausländer,M,26,Schweiz,Schweiz,BS,Clara,Schweiz,Schweiz,ZH,NA,basel,Clara,switzerland,Zürich
2024-11,Wegzug,2024,11,Ausländer,W,26,Schweiz,Schweiz,BS,St. Johann,NA,NA,NA,NA,basel,St. Johann,NA,NA
2024-11,Wegzug,2024,11,Ausländer,M,26,Schweiz,Schweiz,BS,Klybeck,Europa (ohne Schweiz),Deutschland,Ausland,NA,basel,Klybeck,europe,Germany
2024-11,Wegzug,2024,11,Ausländer,M,26,Schweiz,Schweiz,BS,Matthäus,Schweiz,Schweiz,ZH,NA,basel,Matthäus,switzerland,Zürich
2024-11,Wegzug,2024,11,Ausländer,W,26,Schweiz,Schweiz,BS,Iselin,Europa (ohne Schweiz),Deutschland,Ausland,NA,basel,Iselin,europe,Germany
2024-11,Wegzug,2024,11,Ausländer,W,26,Schweiz,Schweiz,BS,St. Alban,Schweiz,Schweiz,BL,NA,basel,St. Alban,switzerland,Basel-Landschaft
2024-11,Wegzug,2024,11,Schweizer,M,26,Schweiz,Schweiz,BS,Iselin,NA,NA,NA,NA,basel,Iselin,NA,NA
2024-11,Wegzug,2024,11,Ausländer,M,26,Schweiz,Schweiz,BS,Matthäus,Schweiz,Schweiz,SG,NA,basel,Matthäus,switzerland,St. Gallen
2024-11,Wegzug,2024,11,Schweizer,M,26,Schweiz,Schweiz,BS,Am Ring,Schweiz,Schweiz,ZH,NA,basel,Am Ring,switzerland,Zürich
2024-11,Wegzug,2024,11,Schweizer,M,26,Schweiz,Schweiz,BS,Altstadt Grossbasel,Europa (ohne Schweiz),Deutschland,Ausland,NA,basel,Altstadt Grossbasel,europe,Germany
2024-11,Wegzug,2024,11,Schweizer,M,26,Schweiz,Schweiz,BS,Clara,NA,NA,NA,NA,basel,Clara,NA,NA
2024-11,Wegzug,2024,11,Ausländer,M,26,Schweiz,Schweiz,BS,Am Ring,Europa (ohne Schweiz),Deutschland,Ausland,NA,basel,Am Ring,europe,Germany
2024-11,Wegzug,2024,11,Schweizer,W,26,Schweiz,Schweiz,BS,Matthäus,Schweiz,Schweiz,ZH,NA,basel,Matthäus,switzerland,Zürich
2024-11,Wegzug,2024,11,Ausländer,W,26,Schweiz,Schweiz,BS,St. Alban,Schweiz,Schweiz,AG,NA,basel,St. Alban,switzerland,Aargau
2024-11,Wegzug,2024,11,Schweizer,W,26,Schweiz,Schweiz,BS,Gotthelf,Nordamerika,Vereinigte Staaten von Amerika,Ausland,NA,basel,Gotthelf,world,United States of America
2024-11,Wegzug,2024,11,Ausländer,W,26,Schweiz,Schweiz,BS,Am Ring,Europa (ohne Schweiz),Spanien,Ausland,NA,basel,Am Ring,europe,Spain
2024-11,Wegzug,2024,11,Schweizer,W,26,Schweiz,Schweiz,BS,Wettstein,Schweiz,Schweiz,BL,NA,basel,Wettstein,switzerland,Basel-Landschaft
2024-11,Wegzug,2024,11,Schweizer,M,26,Schweiz,Schweiz,BS,Iselin,Europa (ohne Schweiz),Grossbritannien,Ausland,NA,basel,Iselin,europe,United Kingdom
2024-11,Wegzug,2024,11,Ausländer,M,26,Schweiz,Schweiz,BS,St. Johann,Schweiz,Schweiz,ZH,NA,basel,St. Johann,switzerland,Zürich
2024-11,Wegzug,2024,11,Schweizer,W,26,Schweiz,Schweiz,BS,Iselin,Schweiz,Schweiz,BL,NA,basel,Iselin,switzerland,Basel-Landschaft
2024-11,Wegzug,2024,11,Schweizer,W,26,Schweiz,Schweiz,BS,Bruderholz,Schweiz,Schweiz,ZH,NA,basel,Bruderholz,switzerland,Zürich
2024-11,Zuzug,2024,11,Ausländer,M,26,Asien,China,NA,NA,Schweiz,Schweiz,BS,Am Ring,world,China,basel,Am Ring
2024-11,Zuzug,2024,11,Ausländer,M,26,Europa (ohne Schweiz),Deutschland,NA,NA,Schweiz,Schweiz,BS,Hirzbrunnen,europe,Germany,basel,Hirzbrunnen
2024-11,Zuzug,2024,11,Ausländer,M,26,Europa (ohne Schweiz),Oesterreich,NA,NA,Schweiz,Schweiz,BS,Klybeck,europe,Austria,basel,Klybeck
2024-11,Zuzug,2024,11,Ausländer,W,26,Europa (ohne Schweiz),Deutschland,NA,NA,Schweiz,Schweiz,BS,Am Ring,europe,Germany,basel,Am Ring
2024-11,Zuzug,2024,11,Ausländer,W,26,Europa (ohne Schweiz),Deutschland,NA,NA,Schweiz,Schweiz,BS,Matthäus,europe,Germany,basel,Matthäus
2024-11,Zuzug,2024,11,Ausländer,W,26,Schweiz,Schweiz,BL,NA,Schweiz,Schweiz,BS,Gundeldingen,switzerland,Basel-Landschaft,basel,Gundeldingen
2024-11,Zuzug,2024,11,Ausländer,M,26,Europa (ohne Schweiz),Deutschland,NA,NA,Schweiz,Schweiz,BS,Riehen,europe,Germany,basel,Riehen
2024-11,Zuzug,2024,11,Schweizer,M,26,Schweiz,Schweiz,BL,NA,Schweiz,Schweiz,BS,Gundeldingen,switzerland,Basel-Landschaft,basel,Gundeldingen
2024-11,Zuzug,2024,11,Schweizer,M,26,Schweiz,Schweiz,SG,NA,Schweiz,Schweiz,BS,Am Ring,switzerland,St. Gallen,basel,Am Ring
2024-11,Zuzug,2024,11,Schweizer,W,26,Schweiz,Schweiz,GE,NA,Schweiz,Schweiz,BS,Vorstädte,switzerland,Genève,basel,Vorstädte
2024-11,Zuzug,2024,11,Schweizer,M,26,Schweiz,Schweiz,BL,NA,Schweiz,Schweiz,BS,Gundeldingen,switzerland,Basel-Landschaft,basel,Gundeldingen
2024-11,Zuzug,2024,11,Ausländer,W,26,Europa (ohne Schweiz),Ungarn,NA,NA,Schweiz,Schweiz,BS,Iselin,europe,Hungary,basel,Iselin
2024-11,Zuzug,2024,11,Schweizer,W,26,Europa (ohne Schweiz),Italien,NA,NA,Schweiz,Schweiz,BS,Matthäus,europe,Italy,basel,Matthäus
2024-11,Zuzug,2024,11,Ausländer,M,26,Schweiz,Schweiz,BL,NA,Schweiz,Schweiz,BS,Matthäus,switzerland,Basel-Landschaft,basel,Matthäus
2024-11,Zuzug,2024,11,Ausländer,M,26,Europa (ohne Schweiz),Oesterreich,NA,NA,Schweiz,Schweiz,BS,Matthäus,europe,Austria,basel,Matthäus
2024-11,Zuzug,2024,11,Schweizer,M,26,Schweiz,Schweiz,BL,NA,Schweiz,Schweiz,BS,St. Alban,switzerland,Basel-Landschaft,basel,St. Alban
2024-11,Zuzug,2024,11,Ausländer,M,26,Europa (ohne Schweiz),Deutschland,NA,NA,Schweiz,Schweiz,BS,Gundeldingen,europe,Germany,basel,Gundeldingen
2024-11,Zuzug,2024,11,Ausländer,M,26,Europa (ohne Schweiz),Deutschland,NA,NA,Schweiz,Schweiz,BS,Gundeldingen,europe,Germany,basel,Gundeldingen
2024-11,Zuzug,2024,11,Ausländer,M,26,Europa (ohne Schweiz),Deutschland,NA,NA,Schweiz,Schweiz,BS,Gundeldingen,europe,Germany,basel,Gundeldingen
2024-11,Zuzug,2024,11,Ausländer,M,26,Europa (ohne Schweiz),Deutschland,NA,NA,Schweiz,Schweiz,BS,Iselin,europe,Germany,basel,Iselin
2024-11,Zuzug,2024,11,Ausländer,M,26,Europa (ohne Schweiz),Deutschland,NA,NA,Schweiz,Schweiz,BS,Iselin,europe,Germany,basel,Iselin
2024-11,Zuzug,2024,11,Ausländer,W,27,Europa (ohne Schweiz),Deutschland,NA,NA,Schweiz,Schweiz,BS,St. Johann,europe,Germany,basel,St. Johann
2024-11,Zuzug,2024,11,Ausländer,M,27,Europa (ohne Schweiz),Deutschland,NA,NA,Schweiz,Schweiz,BS,Gundeldingen,europe,Germany,basel,Gundeldingen
2024-11,Zuzug,2024,11,Ausländer,M,27,Europa (ohne Schweiz),Deutschland,NA,NA,Schweiz,Schweiz,BS,Klybeck,europe,Germany,basel,Klybeck
2024-11,Zuzug,2024,11,Ausländer,M,27,Europa (ohne Schweiz),Deutschland,NA,NA,Schweiz,Schweiz,BS,St. Johann,europe,Germany,basel,St. Johann
2024-11,Zuzug,2024,11,Ausländer,W,27,Europa (ohne Schweiz),Deutschland,NA,NA,Schweiz,Schweiz,BS,Matthäus,europe,Germany,basel,Matthäus
2024-11,Zuzug,2024,11,Ausländer,W,27,Europa (ohne Schweiz),Deutschland,NA,NA,Schweiz,Schweiz,BS,Rosental,europe,Germany,basel,Rosental
2024-11,Zuzug,2024,11,Ausländer,W,27,Schweiz,Schweiz,AG,NA,Schweiz,Schweiz,BS,Riehen,switzerland,Aargau,basel,Riehen
2024-11,Zuzug,2024,11,Ausländer,W,27,Schweiz,Schweiz,VD,NA,Schweiz,Schweiz,BS,Vorstädte,switzerland,Vaud,basel,Vorstädte
2024-11,Zuzug,2024,11,Schweizer,W,27,Schweiz,Schweiz,TI,NA,Schweiz,Schweiz,BS,Am Ring,switzerland,Ticino,basel,Am Ring
2024-11,Zuzug,2024,11,Schweizer,M,27,Schweiz,Schweiz,BL,NA,Schweiz,Schweiz,BS,Gundeldingen,switzerland,Basel-Landschaft,basel,Gundeldingen
2024-11,Zuzug,2024,11,Schweizer,W,27,Schweiz,Schweiz,BL,NA,Schweiz,Schweiz,BS,Altstadt Grossbasel,switzerland,Basel-Landschaft,basel,Altstadt Grossbasel
2024-11,Zuzug,2024,11,Schweizer,W,27,Schweiz,Schweiz,SG,NA,Schweiz,Schweiz,BS,Gundeldingen,switzerland,St. Gallen,basel,Gundeldingen
2024-11,Zuzug,2024,11,Schweizer,M,27,Schweiz,Schweiz,AG,NA,Schweiz,Schweiz,BS,Rosental,switzerland,Aargau,basel,Rosental
2024-11,Zuzug,2024,11,Ausländer,M,27,Europa (ohne Schweiz),Deutschland,NA,NA,Schweiz,Schweiz,BS,Matthäus,europe,Germany,basel,Matthäus
2024-11,Zuzug,2024,11,Schweizer,M,27,Schweiz,Schweiz,BL,NA,Schweiz,Schweiz,BS,St. Johann,switzerland,Basel-Landschaft,basel,St. Johann
2024-11,Zuzug,2024,11,Ausländer,W,27,Europa (ohne Schweiz),Irland,NA,NA,Schweiz,Schweiz,BS,Wettstein,europe,Ireland,basel,Wettstein
2024-11,Zuzug,2024,11,Ausländer,W,27,Schweiz,Schweiz,AG,NA,Schweiz,Schweiz,BS,Iselin,switzerland,Aargau,basel,Iselin
2024-11,Zuzug,2024,11,Schweizer,M,27,Schweiz,Schweiz,BL,NA,Schweiz,Schweiz,BS,Iselin,switzerland,Basel-Landschaft,basel,Iselin
2024-11,Wegzug,2024,11,Ausländer,W,27,Schweiz,Schweiz,BS,Iselin,Schweiz,Schweiz,BL,NA,basel,Iselin,switzerland,Basel-Landschaft
2024-11,Wegzug,2024,11,Ausländer,M,27,Schweiz,Schweiz,BS,Altstadt Kleinbasel,Schweiz,Schweiz,ZH,NA,basel,Altstadt Kleinbasel,switzerland,Zürich
2024-11,Wegzug,2024,11,Schweizer,W,27,Schweiz,Schweiz,BS,Breite,Schweiz,Schweiz,AG,NA,basel,Breite,switzerland,Aargau
2024-11,Wegzug,2024,11,Ausländer,M,27,Schweiz,Schweiz,BS,Clara,Europa (ohne Schweiz),Deutschland,Ausland,NA,basel,Clara,europe,Germany
2024-11,Wegzug,2024,11,Schweizer,M,27,Schweiz,Schweiz,BS,St. Johann,NA,NA,NA,NA,basel,St. Johann,NA,NA
2024-11,Wegzug,2024,11,Ausländer,M,27,Schweiz,Schweiz,BS,Bettingen,Europa (ohne Schweiz),Deutschland,Ausland,NA,basel,Bettingen,europe,Germany
2024-11,Wegzug,2024,11,Ausländer,M,27,Schweiz,Schweiz,BS,Gundeldingen,Schweiz,Schweiz,ZH,NA,basel,Gundeldingen,switzerland,Zürich
2024-11,Wegzug,2024,11,Ausländer,W,27,Schweiz,Schweiz,BS,Iselin,Schweiz,Schweiz,BL,NA,basel,Iselin,switzerland,Basel-Landschaft
2024-11,Wegzug,2024,11,Ausländer,M,27,Schweiz,Schweiz,BS,Gotthelf,Schweiz,Schweiz,ZG,NA,basel,Gotthelf,switzerland,Zug
2024-11,Wegzug,2024,11,Schweizer,M,27,Schweiz,Schweiz,BS,Breite,Schweiz,Schweiz,AG,NA,basel,Breite,switzerland,Aargau
2024-11,Zuzug,2024,11,Ausländer,W,27,Europa (ohne Schweiz),Spanien,NA,NA,Schweiz,Schweiz,BS,St. Johann,europe,Spain,basel,St. Johann
2024-11,Zuzug,2024,11,Ausländer,M,27,Europa (ohne Schweiz),Deutschland,NA,NA,Schweiz,Schweiz,BS,Clara,europe,Germany,basel,Clara
2024-11,Zuzug,2024,11,Ausländer,W,27,Europa (ohne Schweiz),Grossbritannien,NA,NA,Schweiz,Schweiz,BS,Vorstädte,europe,United Kingdom,basel,Vorstädte
2024-11,Zuzug,2024,11,Ausländer,W,27,Schweiz,Schweiz,SO,NA,Schweiz,Schweiz,BS,Bachletten,switzerland,Solothurn,basel,Bachletten
2024-11,Zuzug,2024,11,Schweizer,W,27,Schweiz,Schweiz,AG,NA,Schweiz,Schweiz,BS,Wettstein,switzerland,Aargau,basel,Wettstein
2024-11,Zuzug,2024,11,Ausländer,M,27,Europa (ohne Schweiz),Grossbritannien,NA,NA,Schweiz,Schweiz,BS,Wettstein,europe,United Kingdom,basel,Wettstein
2024-11,Zuzug,2024,11,Ausländer,W,27,Europa (ohne Schweiz),Deutschland,NA,NA,Schweiz,Schweiz,BS,Breite,europe,Germany,basel,Breite
2024-11,Zuzug,2024,11,Schweizer,W,27,Schweiz,Schweiz,BE,NA,Schweiz,Schweiz,BS,Breite,switzerland,Bern,basel,Breite
2024-11,Zuzug,2024,11,Ausländer,M,27,Europa (ohne Schweiz),Rumänien,NA,NA,Schweiz,Schweiz,BS,Vorstädte,europe,Romania,basel,Vorstädte
2024-11,Wegzug,2024,11,Ausländer,W,27,Schweiz,Schweiz,BS,Bruderholz,Schweiz,Schweiz,BL,NA,basel,Bruderholz,switzerland,Basel-Landschaft
2024-11,Wegzug,2024,11,Ausländer,W,27,Schweiz,Schweiz,BS,St. Johann,Europa (ohne Schweiz),Frankreich,Ausland,NA,basel,St. Johann,europe,France
2024-11,Wegzug,2024,11,Schweizer,M,27,Schweiz,Schweiz,BS,Am Ring,Schweiz,Schweiz,BL,NA,basel,Am Ring,switzerland,Basel-Landschaft
2024-11,Wegzug,2024,11,Ausländer,M,27,Schweiz,Schweiz,BS,Am Ring,Europa (ohne Schweiz),Deutschland,Ausland,NA,basel,Am Ring,europe,Germany
2024-11,Wegzug,2024,11,Ausländer,M,27,Schweiz,Schweiz,BS,Klybeck,Schweiz,Schweiz,BE,NA,basel,Klybeck,switzerland,Bern
2024-11,Wegzug,2024,11,Schweizer,W,27,Schweiz,Schweiz,BS,Gundeldingen,Schweiz,Schweiz,BL,NA,basel,Gundeldingen,switzerland,Basel-Landschaft
2024-11,Wegzug,2024,11,Schweizer,M,27,Schweiz,Schweiz,BS,Bachletten,Schweiz,Schweiz,BL,NA,basel,Bachletten,switzerland,Basel-Landschaft
2024-11,Wegzug,2024,11,Ausländer,M,27,Schweiz,Schweiz,BS,Rosental,Schweiz,Schweiz,BL,NA,basel,Rosental,switzerland,Basel-Landschaft
2024-11,Wegzug,2024,11,Ausländer,M,27,Schweiz,Schweiz,BS,Matthäus,Europa (ohne Schweiz),Portugal,Ausland,NA,basel,Matthäus,europe,Portugal
2024-11,Wegzug,2024,11,Schweizer,M,27,Schweiz,Schweiz,BS,Matthäus,Schweiz,Schweiz,BL,NA,basel,Matthäus,switzerland,Basel-Landschaft
2024-11,Wegzug,2024,11,Schweizer,M,27,Schweiz,Schweiz,BS,Am Ring,Schweiz,Schweiz,SZ,NA,basel,Am Ring,switzerland,Schwyz
2024-11,Wegzug,2024,11,Schweizer,M,27,Schweiz,Schweiz,BS,Bruderholz,Schweiz,Schweiz,BL,NA,basel,Bruderholz,switzerland,Basel-Landschaft
2024-11,Wegzug,2024,11,Ausländer,M,27,Schweiz,Schweiz,BS,Iselin,Schweiz,Schweiz,BL,NA,basel,Iselin,switzerland,Basel-Landschaft
2024-11,Wegzug,2024,11,Schweizer,M,27,Schweiz,Schweiz,BS,Matthäus,Schweiz,Schweiz,ZH,NA,basel,Matthäus,switzerland,Zürich
2024-11,Wegzug,2024,11,Schweizer,M,27,Schweiz,Schweiz,BS,Matthäus,Schweiz,Schweiz,BL,NA,basel,Matthäus,switzerland,Basel-Landschaft
2024-11,Wegzug,2024,11,Ausländer,M,27,Schweiz,Schweiz,BS,St. Johann,Europa (ohne Schweiz),Spanien,Ausland,NA,basel,St. Johann,europe,Spain
2024-11,Wegzug,2024,11,Ausländer,W,27,Schweiz,Schweiz,BS,Am Ring,Europa (ohne Schweiz),Irland,Ausland,NA,basel,Am Ring,europe,Ireland
2024-11,Wegzug,2024,11,Schweizer,W,27,Schweiz,Schweiz,BS,Matthäus,Schweiz,Schweiz,AG,NA,basel,Matthäus,switzerland,Aargau
2024-11,Wegzug,2024,11,Schweizer,W,27,Schweiz,Schweiz,BS,Rosental,Schweiz,Schweiz,NW,NA,basel,Rosental,switzerland,Nidwalden
2024-11,Wegzug,2024,11,Ausländer,M,27,Schweiz,Schweiz,BS,Rosental,Schweiz,Schweiz,AG,NA,basel,Rosental,switzerland,Aargau
2024-11,Wegzug,2024,11,Schweizer,W,27,Schweiz,Schweiz,BS,Gundeldingen,Schweiz,Schweiz,NE,NA,basel,Gundeldingen,switzerland,Neuchâtel
2024-11,Wegzug,2024,11,Ausländer,M,27,Schweiz,Schweiz,BS,St. Johann,Europa (ohne Schweiz),Frankreich,Ausland,NA,basel,St. Johann,europe,France
2024-11,Wegzug,2024,11,Ausländer,M,27,Schweiz,Schweiz,BS,Kleinhüningen,Schweiz,Schweiz,GE,NA,basel,Kleinhüningen,switzerland,Genève
2024-11,Zuzug,2024,11,Ausländer,M,27,Europa (ohne Schweiz),Oesterreich,NA,NA,Schweiz,Schweiz,BS,Wettstein,europe,Austria,basel,Wettstein
2024-11,Zuzug,2024,11,Ausländer,W,27,Asien,Philippinen,NA,NA,Schweiz,Schweiz,BS,St. Johann,world,Philippines,basel,St. Johann
2024-11,Zuzug,2024,11,Ausländer,M,27,Europa (ohne Schweiz),Deutschland,NA,NA,Schweiz,Schweiz,BS,Altstadt Kleinbasel,europe,Germany,basel,Altstadt Kleinbasel
2024-11,Zuzug,2024,11,Ausländer,M,27,Europa (ohne Schweiz),Deutschland,NA,NA,Schweiz,Schweiz,BS,Bachletten,europe,Germany,basel,Bachletten
2024-11,Zuzug,2024,11,Ausländer,M,27,Europa (ohne Schweiz),Italien,NA,NA,Schweiz,Schweiz,BS,Vorstädte,europe,Italy,basel,Vorstädte
2024-11,Zuzug,2024,11,Ausländer,W,27,Schweiz,Schweiz,BL,NA,Schweiz,Schweiz,BS,Gotthelf,switzerland,Basel-Landschaft,basel,Gotthelf
2024-11,Zuzug,2024,11,Schweizer,W,27,Europa (ohne Schweiz),Deutschland,NA,NA,Schweiz,Schweiz,BS,Am Ring,europe,Germany,basel,Am Ring
2024-11,Zuzug,2024,11,Ausländer,W,27,Schweiz,Schweiz,BL,NA,Schweiz,Schweiz,BS,Kleinhüningen,switzerland,Basel-Landschaft,basel,Kleinhüningen
2024-11,Zuzug,2024,11,Ausländer,M,27,Europa (ohne Schweiz),Italien,NA,NA,Schweiz,Schweiz,BS,Matthäus,europe,Italy,basel,Matthäus
2024-11,Zuzug,2024,11,Ausländer,W,27,Europa (ohne Schweiz),Spanien,NA,NA,Schweiz,Schweiz,BS,Gundeldingen,europe,Spain,basel,Gundeldingen
2024-11,Zuzug,2024,11,Ausländer,W,27,Europa (ohne Schweiz),Italien,NA,NA,Schweiz,Schweiz,BS,Matthäus,europe,Italy,basel,Matthäus
2024-11,Zuzug,2024,11,Ausländer,W,27,Asien,Indien,NA,NA,Schweiz,Schweiz,BS,Clara,world,India,basel,Clara
2024-11,Zuzug,2024,11,Schweizer,M,27,Schweiz,Schweiz,SG,NA,Schweiz,Schweiz,BS,Gotthelf,switzerland,St. Gallen,basel,Gotthelf
2024-11,Zuzug,2024,11,Ausländer,M,27,Europa (ohne Schweiz),Deutschland,NA,NA,Schweiz,Schweiz,BS,Matthäus,europe,Germany,basel,Matthäus
2024-11,Zuzug,2024,11,Ausländer,M,28,Europa (ohne Schweiz),Niederlande,NA,NA,Schweiz,Schweiz,BS,Hirzbrunnen,europe,Netherlands,basel,Hirzbrunnen
2024-11,Zuzug,2024,11,Ausländer,W,28,Europa (ohne Schweiz),Deutschland,NA,NA,Schweiz,Schweiz,BS,Clara,europe,Germany,basel,Clara
2024-11,Zuzug,2024,11,Schweizer,M,28,Schweiz,Schweiz,BL,NA,Schweiz,Schweiz,BS,Gotthelf,switzerland,Basel-Landschaft,basel,Gotthelf
2024-11,Zuzug,2024,11,Ausländer,W,28,Schweiz,Schweiz,BL,NA,Schweiz,Schweiz,BS,Matthäus,switzerland,Basel-Landschaft,basel,Matthäus
2024-11,Zuzug,2024,11,Ausländer,W,28,Schweiz,Schweiz,BL,NA,Schweiz,Schweiz,BS,Klybeck,switzerland,Basel-Landschaft,basel,Klybeck
2024-11,Zuzug,2024,11,Ausländer,M,28,Europa (ohne Schweiz),Frankreich,NA,NA,Schweiz,Schweiz,BS,Rosental,europe,France,basel,Rosental
2024-11,Zuzug,2024,11,Ausländer,W,28,Asien,Indonesien,NA,NA,Schweiz,Schweiz,BS,St. Johann,world,Indonesia,basel,St. Johann
2024-11,Wegzug,2024,11,Schweizer,M,28,Schweiz,Schweiz,BS,Klybeck,Schweiz,Schweiz,AI,NA,basel,Klybeck,switzerland,Appenzell Innerrhoden
2024-11,Wegzug,2024,11,Ausländer,W,28,Schweiz,Schweiz,BS,St. Johann,Schweiz,Schweiz,ZH,NA,basel,St. Johann,switzerland,Zürich
2024-11,Wegzug,2024,11,Schweizer,W,28,Schweiz,Schweiz,BS,Iselin,Schweiz,Schweiz,SO,NA,basel,Iselin,switzerland,Solothurn
2024-11,Wegzug,2024,11,Schweizer,M,28,Schweiz,Schweiz,BS,Bachletten,Schweiz,Schweiz,AG,NA,basel,Bachletten,switzerland,Aargau
2024-11,Wegzug,2024,11,Schweizer,W,28,Schweiz,Schweiz,BS,Am Ring,Schweiz,Schweiz,AG,NA,basel,Am Ring,switzerland,Aargau
2024-11,Wegzug,2024,11,Ausländer,M,28,Schweiz,Schweiz,BS,Am Ring,Schweiz,Schweiz,BL,NA,basel,Am Ring,switzerland,Basel-Landschaft
2024-11,Wegzug,2024,11,Ausländer,W,28,Schweiz,Schweiz,BS,Am Ring,Schweiz,Schweiz,BL,NA,basel,Am Ring,switzerland,Basel-Landschaft
2024-11,Wegzug,2024,11,Schweizer,M,28,Schweiz,Schweiz,BS,Riehen,Schweiz,Schweiz,ZH,NA,basel,Riehen,switzerland,Zürich
2024-11,Zuzug,2024,11,Ausländer,W,28,Europa (ohne Schweiz),Deutschland,NA,NA,Schweiz,Schweiz,BS,Matthäus,europe,Germany,basel,Matthäus
2024-11,Zuzug,2024,11,Ausländer,W,28,Europa (ohne Schweiz),Portugal,NA,NA,Schweiz,Schweiz,BS,Iselin,europe,Portugal,basel,Iselin
2024-11,Zuzug,2024,11,Ausländer,M,28,Schweiz,Schweiz,LU,NA,Schweiz,Schweiz,BS,Riehen,switzerland,Luzern,basel,Riehen
2024-11,Zuzug,2024,11,Ausländer,W,28,Europa (ohne Schweiz),Deutschland,NA,NA,Schweiz,Schweiz,BS,Am Ring,europe,Germany,basel,Am Ring
2024-11,Zuzug,2024,11,Ausländer,W,28,Europa (ohne Schweiz),Italien,NA,NA,Schweiz,Schweiz,BS,Vorstädte,europe,Italy,basel,Vorstädte
2024-11,Zuzug,2024,11,Schweizer,W,28,Schweiz,Schweiz,SO,NA,Schweiz,Schweiz,BS,St. Alban,switzerland,Solothurn,basel,St. Alban
2024-11,Zuzug,2024,11,Ausländer,M,28,Europa (ohne Schweiz),Deutschland,NA,NA,Schweiz,Schweiz,BS,Gundeldingen,europe,Germany,basel,Gundeldingen
2024-11,Zuzug,2024,11,Schweizer,M,28,Schweiz,Schweiz,BL,NA,Schweiz,Schweiz,BS,Matthäus,switzerland,Basel-Landschaft,basel,Matthäus
2024-11,Zuzug,2024,11,Schweizer,W,28,Schweiz,Schweiz,SO,NA,Schweiz,Schweiz,BS,St. Johann,switzerland,Solothurn,basel,St. Johann
2024-11,Zuzug,2024,11,Ausländer,M,28,Asien,Indonesien,NA,NA,Schweiz,Schweiz,BS,St. Johann,world,Indonesia,basel,St. Johann
2024-11,Zuzug,2024,11,Schweizer,W,28,Europa (ohne Schweiz),Spanien,NA,NA,Schweiz,Schweiz,BS,Bachletten,europe,Spain,basel,Bachletten
2024-11,Zuzug,2024,11,Ausländer,W,28,Afrika,Kenia,NA,NA,Schweiz,Schweiz,BS,Rosental,world,Kenya,basel,Rosental
2024-11,Wegzug,2024,11,Schweizer,M,28,Schweiz,Schweiz,BS,Riehen,Europa (ohne Schweiz),Kroatien,Ausland,NA,basel,Riehen,europe,Croatia
2024-11,Wegzug,2024,11,Schweizer,M,28,Schweiz,Schweiz,BS,Gundeldingen,Europa (ohne Schweiz),Frankreich,Ausland,NA,basel,Gundeldingen,europe,France
2024-11,Wegzug,2024,11,Ausländer,W,28,Schweiz,Schweiz,BS,Am Ring,Europa (ohne Schweiz),Deutschland,Ausland,NA,basel,Am Ring,europe,Germany
2024-11,Wegzug,2024,11,Schweizer,W,28,Schweiz,Schweiz,BS,Gundeldingen,Schweiz,Schweiz,GR,NA,basel,Gundeldingen,switzerland,Graubünden
2024-11,Wegzug,2024,11,Ausländer,W,28,Schweiz,Schweiz,BS,Matthäus,Schweiz,Schweiz,LU,NA,basel,Matthäus,switzerland,Luzern
2024-11,Wegzug,2024,11,Schweizer,W,28,Schweiz,Schweiz,BS,St. Alban,Schweiz,Schweiz,BL,NA,basel,St. Alban,switzerland,Basel-Landschaft
2024-11,Wegzug,2024,11,Schweizer,W,28,Schweiz,Schweiz,BS,Bachletten,Schweiz,Schweiz,BL,NA,basel,Bachletten,switzerland,Basel-Landschaft
2024-11,Wegzug,2024,11,Ausländer,M,28,Schweiz,Schweiz,BS,Vorstädte,Schweiz,Schweiz,AG,NA,basel,Vorstädte,switzerland,Aargau
2024-11,Wegzug,2024,11,Ausländer,M,28,Schweiz,Schweiz,BS,St. Johann,Europa (ohne Schweiz),Deutschland,Ausland,NA,basel,St. Johann,europe,Germany
2024-11,Wegzug,2024,11,Schweizer,M,28,Schweiz,Schweiz,BS,Rosental,Schweiz,Schweiz,BL,NA,basel,Rosental,switzerland,Basel-Landschaft
2024-11,Wegzug,2024,11,Schweizer,M,28,Schweiz,Schweiz,BS,Altstadt Kleinbasel,Schweiz,Schweiz,ZH,NA,basel,Altstadt Kleinbasel,switzerland,Zürich
2024-11,Wegzug,2024,11,Schweizer,M,28,Schweiz,Schweiz,BS,Bachletten,Schweiz,Schweiz,ZH,NA,basel,Bachletten,switzerland,Zürich
2024-11,Wegzug,2024,11,Ausländer,M,28,Schweiz,Schweiz,BS,Am Ring,Europa (ohne Schweiz),Italien,Ausland,NA,basel,Am Ring,europe,Italy
2024-11,Wegzug,2024,11,Schweizer,M,28,Schweiz,Schweiz,BS,Bruderholz,Schweiz,Schweiz,BL,NA,basel,Bruderholz,switzerland,Basel-Landschaft
2024-11,Wegzug,2024,11,Ausländer,W,28,Schweiz,Schweiz,BS,Matthäus,Asien,Indien,Ausland,NA,basel,Matthäus,world,India
2024-11,Wegzug,2024,11,Ausländer,M,28,Schweiz,Schweiz,BS,Gundeldingen,Europa (ohne Schweiz),Deutschland,Ausland,NA,basel,Gundeldingen,europe,Germany
2024-11,Wegzug,2024,11,Schweizer,M,28,Schweiz,Schweiz,BS,Gundeldingen,Schweiz,Schweiz,BL,NA,basel,Gundeldingen,switzerland,Basel-Landschaft
2024-11,Wegzug,2024,11,Schweizer,W,28,Schweiz,Schweiz,BS,Gundeldingen,Europa (ohne Schweiz),Grossbritannien,Ausland,NA,basel,Gundeldingen,europe,United Kingdom
2024-11,Wegzug,2024,11,Ausländer,M,28,Schweiz,Schweiz,BS,Iselin,Schweiz,Schweiz,BL,NA,basel,Iselin,switzerland,Basel-Landschaft
2024-11,Wegzug,2024,11,Ausländer,M,28,Schweiz,Schweiz,BS,Riehen,Schweiz,Schweiz,BL,NA,basel,Riehen,switzerland,Basel-Landschaft
2024-11,Wegzug,2024,11,Schweizer,M,28,Schweiz,Schweiz,BS,Altstadt Kleinbasel,Schweiz,Schweiz,BL,NA,basel,Altstadt Kleinbasel,switzerland,Basel-Landschaft
2024-11,Wegzug,2024,11,Schweizer,W,28,Schweiz,Schweiz,BS,Am Ring,Schweiz,Schweiz,SH,NA,basel,Am Ring,switzerland,Schaffhausen
2024-11,Zuzug,2024,11,Ausländer,M,28,Europa (ohne Schweiz),Italien,NA,NA,Schweiz,Schweiz,BS,Vorstädte,europe,Italy,basel,Vorstädte
2024-11,Zuzug,2024,11,Ausländer,M,28,Schweiz,Schweiz,BL,NA,Schweiz,Schweiz,BS,Riehen,switzerland,Basel-Landschaft,basel,Riehen
2024-11,Zuzug,2024,11,Ausländer,W,28,Europa (ohne Schweiz),Polen,NA,NA,Schweiz,Schweiz,BS,Matthäus,europe,Poland,basel,Matthäus
2024-11,Zuzug,2024,11,Ausländer,W,28,Europa (ohne Schweiz),Spanien,NA,NA,Schweiz,Schweiz,BS,Gundeldingen,europe,Spain,basel,Gundeldingen
2024-11,Zuzug,2024,11,Ausländer,M,28,Europa (ohne Schweiz),Deutschland,NA,NA,Schweiz,Schweiz,BS,Bruderholz,europe,Germany,basel,Bruderholz
2024-11,Zuzug,2024,11,Ausländer,M,28,Europa (ohne Schweiz),Italien,NA,NA,Schweiz,Schweiz,BS,Matthäus,europe,Italy,basel,Matthäus
2024-11,Zuzug,2024,11,Ausländer,M,28,Europa (ohne Schweiz),Polen,NA,NA,Schweiz,Schweiz,BS,Am Ring,europe,Poland,basel,Am Ring
2024-11,Zuzug,2024,11,Ausländer,M,28,Europa (ohne Schweiz),Rumänien,NA,NA,Schweiz,Schweiz,BS,Vorstädte,europe,Romania,basel,Vorstädte
2024-11,Zuzug,2024,11,Ausländer,W,28,Europa (ohne Schweiz),Deutschland,NA,NA,Schweiz,Schweiz,BS,Breite,europe,Germany,basel,Breite
2024-11,Zuzug,2024,11,Ausländer,W,28,Europa (ohne Schweiz),Deutschland,NA,NA,Schweiz,Schweiz,BS,St. Alban,europe,Germany,basel,St. Alban
2024-11,Zuzug,2024,11,Ausländer,W,28,Europa (ohne Schweiz),Luxemburg,NA,NA,Schweiz,Schweiz,BS,Bachletten,europe,Luxembourg,basel,Bachletten
2024-11,Zuzug,2024,11,Schweizer,W,28,Schweiz,Schweiz,AG,NA,Schweiz,Schweiz,BS,Bruderholz,switzerland,Aargau,basel,Bruderholz
2024-11,Zuzug,2024,11,Schweizer,W,28,Schweiz,Schweiz,BL,NA,Schweiz,Schweiz,BS,St. Alban,switzerland,Basel-Landschaft,basel,St. Alban
2024-11,Zuzug,2024,11,Ausländer,M,28,Europa (ohne Schweiz),Bulgarien,NA,NA,Schweiz,Schweiz,BS,Iselin,europe,Bulgaria,basel,Iselin
2024-11,Zuzug,2024,11,Ausländer,M,28,Europa (ohne Schweiz),Deutschland,NA,NA,Schweiz,Schweiz,BS,Vorstädte,europe,Germany,basel,Vorstädte
2024-11,Zuzug,2024,11,Schweizer,M,28,Schweiz,Schweiz,BL,NA,Schweiz,Schweiz,BS,Rosental,switzerland,Basel-Landschaft,basel,Rosental
2024-11,Zuzug,2024,11,Ausländer,W,28,Europa (ohne Schweiz),Deutschland,NA,NA,Schweiz,Schweiz,BS,Breite,europe,Germany,basel,Breite
2024-11,Zuzug,2024,11,Ausländer,W,28,Europa (ohne Schweiz),Deutschland,NA,NA,Schweiz,Schweiz,BS,Iselin,europe,Germany,basel,Iselin
2024-11,Zuzug,2024,11,Ausländer,M,29,Schweiz,Schweiz,VD,NA,Schweiz,Schweiz,BS,St. Johann,switzerland,Vaud,basel,St. Johann
2024-11,Zuzug,2024,11,Schweizer,M,29,Schweiz,Schweiz,BE,NA,Schweiz,Schweiz,BS,Breite,switzerland,Bern,basel,Breite
2024-11,Zuzug,2024,11,Ausländer,M,29,Schweiz,Schweiz,ZH,NA,Schweiz,Schweiz,BS,Bachletten,switzerland,Zürich,basel,Bachletten
2024-11,Zuzug,2024,11,Schweizer,M,29,Schweiz,Schweiz,AG,NA,Schweiz,Schweiz,BS,Gotthelf,switzerland,Aargau,basel,Gotthelf
2024-11,Zuzug,2024,11,Schweizer,M,29,Schweiz,Schweiz,BL,NA,Schweiz,Schweiz,BS,Bruderholz,switzerland,Basel-Landschaft,basel,Bruderholz
2024-11,Zuzug,2024,11,Ausländer,W,29,Ozeanien,Australien,NA,NA,Schweiz,Schweiz,BS,St. Johann,world,Australia,basel,St. Johann
2024-11,Zuzug,2024,11,Ausländer,M,29,Schweiz,Schweiz,ZH,NA,Schweiz,Schweiz,BS,St. Alban,switzerland,Zürich,basel,St. Alban
2024-11,Zuzug,2024,11,Ausländer,W,29,Asien,Pakistan,NA,NA,Schweiz,Schweiz,BS,St. Alban,world,Pakistan,basel,St. Alban
2024-11,Zuzug,2024,11,Ausländer,M,29,Europa (ohne Schweiz),Türkei,NA,NA,Schweiz,Schweiz,BS,Bruderholz,world,Turkey,basel,Bruderholz
2024-11,Zuzug,2024,11,Ausländer,W,29,Europa (ohne Schweiz),Deutschland,NA,NA,Schweiz,Schweiz,BS,Clara,europe,Germany,basel,Clara
2024-11,Zuzug,2024,11,Schweizer,M,29,Lateinamerika und Karibik,Mexiko,NA,NA,Schweiz,Schweiz,BS,Gundeldingen,world,Mexico,basel,Gundeldingen
2024-11,Zuzug,2024,11,Ausländer,M,29,Afrika,Kamerun,NA,NA,Schweiz,Schweiz,BS,St. Johann,world,Cameroon,basel,St. Johann
2024-11,Zuzug,2024,11,Ausländer,M,29,Afrika,Kenia,NA,NA,Schweiz,Schweiz,BS,Clara,world,Kenya,basel,Clara
2024-11,Wegzug,2024,11,Ausländer,W,29,Schweiz,Schweiz,BS,St. Johann,Europa (ohne Schweiz),Deutschland,Ausland,NA,basel,St. Johann,europe,Germany
2024-11,Wegzug,2024,11,Schweizer,M,29,Schweiz,Schweiz,BS,Hirzbrunnen,Schweiz,Schweiz,ZH,NA,basel,Hirzbrunnen,switzerland,Zürich
2024-11,Wegzug,2024,11,Schweizer,W,29,Schweiz,Schweiz,BS,Breite,Schweiz,Schweiz,UR,NA,basel,Breite,switzerland,Uri
2024-11,Wegzug,2024,11,Schweizer,M,29,Schweiz,Schweiz,BS,Gundeldingen,Schweiz,Schweiz,SO,NA,basel,Gundeldingen,switzerland,Solothurn
2024-11,Wegzug,2024,11,Ausländer,M,29,Schweiz,Schweiz,BS,Riehen,Europa (ohne Schweiz),Frankreich,Ausland,NA,basel,Riehen,europe,France
2024-11,Wegzug,2024,11,Ausländer,W,29,Schweiz,Schweiz,BS,Iselin,Schweiz,Schweiz,BL,NA,basel,Iselin,switzerland,Basel-Landschaft
2024-11,Wegzug,2024,11,Schweizer,W,29,Schweiz,Schweiz,BS,Am Ring,Schweiz,Schweiz,ZH,NA,basel,Am Ring,switzerland,Zürich
2024-11,Wegzug,2024,11,Schweizer,W,29,Schweiz,Schweiz,BS,Hirzbrunnen,Schweiz,Schweiz,ZH,NA,basel,Hirzbrunnen,switzerland,Zürich
2024-11,Wegzug,2024,11,Ausländer,M,29,Schweiz,Schweiz,BS,Gundeldingen,Asien,Indien,Ausland,NA,basel,Gundeldingen,world,India
2024-11,Wegzug,2024,11,Schweizer,M,29,Schweiz,Schweiz,BS,Bachletten,Schweiz,Schweiz,BL,NA,basel,Bachletten,switzerland,Basel-Landschaft
2024-11,Wegzug,2024,11,Ausländer,W,29,Schweiz,Schweiz,BS,Rosental,Europa (ohne Schweiz),Spanien,Ausland,NA,basel,Rosental,europe,Spain
2024-11,Wegzug,2024,11,Schweizer,W,29,Schweiz,Schweiz,BS,Gotthelf,Schweiz,Schweiz,BE,NA,basel,Gotthelf,switzerland,Bern
2024-11,Wegzug,2024,11,Schweizer,W,29,Schweiz,Schweiz,BS,St. Alban,Europa (ohne Schweiz),Oesterreich,Ausland,NA,basel,St. Alban,europe,Austria
2024-11,Zuzug,2024,11,Ausländer,M,29,Afrika,Ghana,NA,NA,Schweiz,Schweiz,BS,Gundeldingen,world,Ghana,basel,Gundeldingen
2024-11,Zuzug,2024,11,Ausländer,M,29,Europa (ohne Schweiz),Polen,NA,NA,Schweiz,Schweiz,BS,Gundeldingen,europe,Poland,basel,Gundeldingen
2024-11,Zuzug,2024,11,Ausländer,W,29,Europa (ohne Schweiz),Italien,NA,NA,Schweiz,Schweiz,BS,Rosental,europe,Italy,basel,Rosental
2024-11,Zuzug,2024,11,Ausländer,W,29,Nordamerika,Vereinigte Staaten von Amerika,NA,NA,Schweiz,Schweiz,BS,Altstadt Kleinbasel,world,United States of America,basel,Altstadt Kleinbasel
2024-11,Zuzug,2024,11,Ausländer,W,29,Lateinamerika und Karibik,Argentinien,NA,NA,Schweiz,Schweiz,BS,Vorstädte,world,Argentina,basel,Vorstädte
2024-11,Zuzug,2024,11,Ausländer,W,29,Europa (ohne Schweiz),Serbien,NA,NA,Schweiz,Schweiz,BS,Gundeldingen,europe,Serbia,basel,Gundeldingen
2024-11,Zuzug,2024,11,Schweizer,M,29,Schweiz,Schweiz,AG,NA,Schweiz,Schweiz,BS,St. Alban,switzerland,Aargau,basel,St. Alban
2024-11,Wegzug,2024,11,Schweizer,M,29,Schweiz,Schweiz,BS,Iselin,NA,NA,NA,NA,basel,Iselin,NA,NA
2024-11,Wegzug,2024,11,Ausländer,W,29,Schweiz,Schweiz,BS,Clara,Europa (ohne Schweiz),Deutschland,Ausland,NA,basel,Clara,europe,Germany
2024-11,Wegzug,2024,11,Ausländer,W,29,Schweiz,Schweiz,BS,Iselin,Europa (ohne Schweiz),Deutschland,Ausland,NA,basel,Iselin,europe,Germany
2024-11,Wegzug,2024,11,Schweizer,W,29,Schweiz,Schweiz,BS,Gundeldingen,Schweiz,Schweiz,ZH,NA,basel,Gundeldingen,switzerland,Zürich
2024-11,Wegzug,2024,11,Ausländer,W,29,Schweiz,Schweiz,BS,Altstadt Grossbasel,Europa (ohne Schweiz),Oesterreich,Ausland,NA,basel,Altstadt Grossbasel,europe,Austria
2024-11,Wegzug,2024,11,Schweizer,M,29,Schweiz,Schweiz,BS,St. Alban,NA,NA,NA,NA,basel,St. Alban,NA,NA
2024-11,Wegzug,2024,11,Schweizer,W,29,Schweiz,Schweiz,BS,Riehen,Schweiz,Schweiz,BL,NA,basel,Riehen,switzerland,Basel-Landschaft
2024-11,Wegzug,2024,11,Schweizer,M,29,Schweiz,Schweiz,BS,St. Johann,Schweiz,Schweiz,TI,NA,basel,St. Johann,switzerland,Ticino
2024-11,Wegzug,2024,11,Ausländer,M,29,Schweiz,Schweiz,BS,Gotthelf,Europa (ohne Schweiz),Frankreich,Ausland,NA,basel,Gotthelf,europe,France
2024-11,Wegzug,2024,11,Ausländer,W,29,Schweiz,Schweiz,BS,Iselin,Europa (ohne Schweiz),Frankreich,Ausland,NA,basel,Iselin,europe,France
2024-11,Wegzug,2024,11,Ausländer,W,29,Schweiz,Schweiz,BS,Am Ring,Schweiz,Schweiz,ZH,NA,basel,Am Ring,switzerland,Zürich
2024-11,Wegzug,2024,11,Schweizer,W,29,Schweiz,Schweiz,BS,Am Ring,NA,NA,NA,NA,basel,Am Ring,NA,NA
2024-11,Wegzug,2024,11,Schweizer,W,29,Schweiz,Schweiz,BS,Gotthelf,Schweiz,Schweiz,BL,NA,basel,Gotthelf,switzerland,Basel-Landschaft
2024-11,Wegzug,2024,11,Ausländer,M,29,Schweiz,Schweiz,BS,Vorstädte,Asien,China,Ausland,NA,basel,Vorstädte,world,China
2024-11,Wegzug,2024,11,Ausländer,M,29,Schweiz,Schweiz,BS,Riehen,Schweiz,Schweiz,AG,NA,basel,Riehen,switzerland,Aargau
2024-11,Wegzug,2024,11,Schweizer,M,29,Schweiz,Schweiz,BS,Bachletten,Schweiz,Schweiz,ZH,NA,basel,Bachletten,switzerland,Zürich
2024-11,Wegzug,2024,11,Schweizer,W,29,Schweiz,Schweiz,BS,Vorstädte,Schweiz,Schweiz,BL,NA,basel,Vorstädte,switzerland,Basel-Landschaft
2024-11,Wegzug,2024,11,Ausländer,W,29,Schweiz,Schweiz,BS,Kleinhüningen,Europa (ohne Schweiz),Slowakische Republik,Ausland,NA,basel,Kleinhüningen,europe,Slovakia
2024-11,Wegzug,2024,11,Schweizer,W,29,Schweiz,Schweiz,BS,St. Alban,Schweiz,Schweiz,ZH,NA,basel,St. Alban,switzerland,Zürich
2024-11,Wegzug,2024,11,Schweizer,W,29,Schweiz,Schweiz,BS,Riehen,Schweiz,Schweiz,BL,NA,basel,Riehen,switzerland,Basel-Landschaft
2024-11,Zuzug,2024,11,Ausländer,M,29,Europa (ohne Schweiz),Deutschland,NA,NA,Schweiz,Schweiz,BS,Breite,europe,Germany,basel,Breite
2024-11,Zuzug,2024,11,Ausländer,M,29,Schweiz,Schweiz,SZ,NA,Schweiz,Schweiz,BS,Matthäus,switzerland,Schwyz,basel,Matthäus
2024-11,Zuzug,2024,11,Ausländer,W,29,Europa (ohne Schweiz),Deutschland,NA,NA,Schweiz,Schweiz,BS,Gundeldingen,europe,Germany,basel,Gundeldingen
2024-11,Zuzug,2024,11,Ausländer,W,29,Europa (ohne Schweiz),Kroatien,NA,NA,Schweiz,Schweiz,BS,St. Johann,europe,Croatia,basel,St. Johann
2024-11,Zuzug,2024,11,Ausländer,W,29,Schweiz,Schweiz,ZH,NA,Schweiz,Schweiz,BS,St. Johann,switzerland,Zürich,basel,St. Johann
2024-11,Zuzug,2024,11,Ausländer,M,29,Europa (ohne Schweiz),Oesterreich,NA,NA,Schweiz,Schweiz,BS,St. Alban,europe,Austria,basel,St. Alban
2024-11,Zuzug,2024,11,Ausländer,W,29,Europa (ohne Schweiz),Deutschland,NA,NA,Schweiz,Schweiz,BS,Vorstädte,europe,Germany,basel,Vorstädte
2024-11,Zuzug,2024,11,Ausländer,M,29,Europa (ohne Schweiz),Italien,NA,NA,Schweiz,Schweiz,BS,Iselin,europe,Italy,basel,Iselin
2024-11,Zuzug,2024,11,Ausländer,W,29,Europa (ohne Schweiz),Frankreich,NA,NA,Schweiz,Schweiz,BS,Rosental,europe,France,basel,Rosental
2024-11,Zuzug,2024,11,Ausländer,M,29,Europa (ohne Schweiz),Deutschland,NA,NA,Schweiz,Schweiz,BS,Iselin,europe,Germany,basel,Iselin
2024-11,Zuzug,2024,11,Ausländer,M,29,Europa (ohne Schweiz),Irland,NA,NA,Schweiz,Schweiz,BS,Gundeldingen,europe,Ireland,basel,Gundeldingen
2024-11,Zuzug,2024,11,Ausländer,W,29,Europa (ohne Schweiz),Italien,NA,NA,Schweiz,Schweiz,BS,Iselin,europe,Italy,basel,Iselin
2024-11,Zuzug,2024,11,Ausländer,M,30,Europa (ohne Schweiz),Irland,NA,NA,Schweiz,Schweiz,BS,Bachletten,europe,Ireland,basel,Bachletten
2024-11,Zuzug,2024,11,Ausländer,M,30,Schweiz,Schweiz,BL,NA,Schweiz,Schweiz,BS,Klybeck,switzerland,Basel-Landschaft,basel,Klybeck
2024-11,Zuzug,2024,11,Ausländer,W,30,Europa (ohne Schweiz),Deutschland,NA,NA,Schweiz,Schweiz,BS,Gotthelf,europe,Germany,basel,Gotthelf
2024-11,Zuzug,2024,11,Ausländer,M,30,Europa (ohne Schweiz),Deutschland,NA,NA,Schweiz,Schweiz,BS,Gundeldingen,europe,Germany,basel,Gundeldingen
2024-11,Zuzug,2024,11,Ausländer,M,30,Europa (ohne Schweiz),Irland,NA,NA,Schweiz,Schweiz,BS,Rosental,europe,Ireland,basel,Rosental
2024-11,Zuzug,2024,11,Ausländer,W,30,Nordamerika,Vereinigte Staaten von Amerika,NA,NA,Schweiz,Schweiz,BS,Clara,world,United States of America,basel,Clara
2024-11,Zuzug,2024,11,Schweizer,M,30,Schweiz,Schweiz,BL,NA,Schweiz,Schweiz,BS,St. Johann,switzerland,Basel-Landschaft,basel,St. Johann
2024-11,Zuzug,2024,11,Schweizer,W,30,Schweiz,Schweiz,LU,NA,Schweiz,Schweiz,BS,Iselin,switzerland,Luzern,basel,Iselin
2024-11,Zuzug,2024,11,Schweizer,W,30,Schweiz,Schweiz,ZH,NA,Schweiz,Schweiz,BS,Wettstein,switzerland,Zürich,basel,Wettstein
2024-11,Zuzug,2024,11,Schweizer,M,30,Schweiz,Schweiz,BL,NA,Schweiz,Schweiz,BS,Am Ring,switzerland,Basel-Landschaft,basel,Am Ring
2024-11,Zuzug,2024,11,Schweizer,W,30,Schweiz,Schweiz,ZH,NA,Schweiz,Schweiz,BS,Gundeldingen,switzerland,Zürich,basel,Gundeldingen
2024-11,Zuzug,2024,11,Ausländer,W,30,Europa (ohne Schweiz),Spanien,NA,NA,Schweiz,Schweiz,BS,Iselin,europe,Spain,basel,Iselin
2024-11,Zuzug,2024,11,Ausländer,M,30,Europa (ohne Schweiz),Ukraine,NA,NA,Schweiz,Schweiz,BS,Vorstädte,europe,Ukraine,basel,Vorstädte
2024-11,Zuzug,2024,11,Ausländer,W,30,Europa (ohne Schweiz),Niederlande,NA,NA,Schweiz,Schweiz,BS,Am Ring,europe,Netherlands,basel,Am Ring
2024-11,Zuzug,2024,11,Schweizer,M,30,Schweiz,Schweiz,AG,NA,Schweiz,Schweiz,BS,Breite,switzerland,Aargau,basel,Breite
2024-11,Zuzug,2024,11,Schweizer,W,30,Schweiz,Schweiz,BL,NA,Schweiz,Schweiz,BS,Breite,switzerland,Basel-Landschaft,basel,Breite
2024-11,Wegzug,2024,11,Ausländer,M,30,Schweiz,Schweiz,BS,Am Ring,Europa (ohne Schweiz),Deutschland,Ausland,NA,basel,Am Ring,europe,Germany
2024-11,Wegzug,2024,11,Ausländer,W,30,Schweiz,Schweiz,BS,Gundeldingen,Europa (ohne Schweiz),Polen,Ausland,NA,basel,Gundeldingen,europe,Poland
2024-11,Wegzug,2024,11,Ausländer,W,30,Schweiz,Schweiz,BS,Riehen,Europa (ohne Schweiz),Frankreich,Ausland,NA,basel,Riehen,europe,France
2024-11,Wegzug,2024,11,Schweizer,W,30,Schweiz,Schweiz,BS,Rosental,Schweiz,Schweiz,TI,NA,basel,Rosental,switzerland,Ticino
2024-11,Wegzug,2024,11,Ausländer,W,30,Schweiz,Schweiz,BS,Vorstädte,Schweiz,Schweiz,BL,NA,basel,Vorstädte,switzerland,Basel-Landschaft
2024-11,Wegzug,2024,11,Ausländer,M,30,Schweiz,Schweiz,BS,Am Ring,Europa (ohne Schweiz),Deutschland,Ausland,NA,basel,Am Ring,europe,Germany
2024-11,Wegzug,2024,11,Ausländer,M,30,Schweiz,Schweiz,BS,Gundeldingen,Schweiz,Schweiz,ZH,NA,basel,Gundeldingen,switzerland,Zürich
2024-11,Wegzug,2024,11,Ausländer,M,30,Schweiz,Schweiz,BS,Hirzbrunnen,Schweiz,Schweiz,BL,NA,basel,Hirzbrunnen,switzerland,Basel-Landschaft
2024-11,Wegzug,2024,11,Ausländer,M,30,Schweiz,Schweiz,BS,St. Johann,Schweiz,Schweiz,BL,NA,basel,St. Johann,switzerland,Basel-Landschaft
2024-11,Wegzug,2024,11,Schweizer,M,30,Schweiz,Schweiz,BS,Vorstädte,Schweiz,Schweiz,BL,NA,basel,Vorstädte,switzerland,Basel-Landschaft
2024-11,Wegzug,2024,11,Ausländer,M,30,Schweiz,Schweiz,BS,Riehen,NA,NA,NA,NA,basel,Riehen,NA,NA
2024-11,Wegzug,2024,11,Ausländer,W,30,Schweiz,Schweiz,BS,Clara,Europa (ohne Schweiz),Spanien,Ausland,NA,basel,Clara,europe,Spain
2024-11,Zuzug,2024,11,Ausländer,M,30,Europa (ohne Schweiz),Deutschland,NA,NA,Schweiz,Schweiz,BS,Iselin,europe,Germany,basel,Iselin
2024-11,Zuzug,2024,11,Ausländer,M,30,Europa (ohne Schweiz),Frankreich,NA,NA,Schweiz,Schweiz,BS,Rosental,europe,France,basel,Rosental
2024-11,Zuzug,2024,11,Ausländer,M,30,Schweiz,Schweiz,AG,NA,Schweiz,Schweiz,BS,Riehen,switzerland,Aargau,basel,Riehen
2024-11,Zuzug,2024,11,Ausländer,W,30,Europa (ohne Schweiz),Italien,NA,NA,Schweiz,Schweiz,BS,Am Ring,europe,Italy,basel,Am Ring
2024-11,Zuzug,2024,11,Ausländer,W,30,Schweiz,Schweiz,BL,NA,Schweiz,Schweiz,BS,St. Johann,switzerland,Basel-Landschaft,basel,St. Johann
2024-11,Zuzug,2024,11,Ausländer,M,30,Europa (ohne Schweiz),Deutschland,NA,NA,Schweiz,Schweiz,BS,St. Johann,europe,Germany,basel,St. Johann
2024-11,Zuzug,2024,11,Ausländer,M,30,Europa (ohne Schweiz),Rumänien,NA,NA,Schweiz,Schweiz,BS,Gundeldingen,europe,Romania,basel,Gundeldingen
2024-11,Zuzug,2024,11,Ausländer,W,30,Europa (ohne Schweiz),Deutschland,NA,NA,Schweiz,Schweiz,BS,Altstadt Kleinbasel,europe,Germany,basel,Altstadt Kleinbasel
2024-11,Zuzug,2024,11,Ausländer,W,30,Europa (ohne Schweiz),Deutschland,NA,NA,Schweiz,Schweiz,BS,Matthäus,europe,Germany,basel,Matthäus
2024-11,Zuzug,2024,11,Ausländer,M,30,Schweiz,Schweiz,VD,NA,Schweiz,Schweiz,BS,Am Ring,switzerland,Vaud,basel,Am Ring
2024-11,Zuzug,2024,11,Ausländer,W,30,Europa (ohne Schweiz),Griechenland,NA,NA,Schweiz,Schweiz,BS,Matthäus,europe,Greece,basel,Matthäus
2024-11,Zuzug,2024,11,Ausländer,M,30,Asien,Iran,NA,NA,Schweiz,Schweiz,BS,Am Ring,world,Iran,basel,Am Ring
2024-11,Zuzug,2024,11,Ausländer,M,30,Schweiz,Schweiz,AG,NA,Schweiz,Schweiz,BS,Gundeldingen,switzerland,Aargau,basel,Gundeldingen
2024-11,Zuzug,2024,11,Ausländer,M,30,Schweiz,Schweiz,ZH,NA,Schweiz,Schweiz,BS,Gundeldingen,switzerland,Zürich,basel,Gundeldingen
2024-11,Wegzug,2024,11,Ausländer,W,30,Schweiz,Schweiz,BS,Vorstädte,Europa (ohne Schweiz),Frankreich,Ausland,NA,basel,Vorstädte,europe,France
2024-11,Wegzug,2024,11,Ausländer,W,30,Schweiz,Schweiz,BS,Am Ring,Lateinamerika und Karibik,Mexiko,Ausland,NA,basel,Am Ring,world,Mexico
2024-11,Wegzug,2024,11,Schweizer,M,30,Schweiz,Schweiz,BS,Riehen,Schweiz,Schweiz,BE,NA,basel,Riehen,switzerland,Bern
2024-11,Wegzug,2024,11,Ausländer,M,30,Schweiz,Schweiz,BS,Riehen,Schweiz,Schweiz,BL,NA,basel,Riehen,switzerland,Basel-Landschaft
2024-11,Wegzug,2024,11,Ausländer,W,30,Schweiz,Schweiz,BS,Riehen,Schweiz,Schweiz,BL,NA,basel,Riehen,switzerland,Basel-Landschaft
2024-11,Wegzug,2024,11,Ausländer,M,30,Schweiz,Schweiz,BS,Altstadt Kleinbasel,Asien,Thailand,Ausland,NA,basel,Altstadt Kleinbasel,world,Thailand
2024-11,Wegzug,2024,11,Ausländer,M,30,Schweiz,Schweiz,BS,St. Johann,NA,NA,NA,NA,basel,St. Johann,NA,NA
2024-11,Wegzug,2024,11,Schweizer,W,30,Schweiz,Schweiz,BS,Riehen,Afrika,Tunesien,Ausland,NA,basel,Riehen,world,Tunisia
2024-11,Wegzug,2024,11,Ausländer,W,30,Schweiz,Schweiz,BS,St. Alban,Schweiz,Schweiz,LU,NA,basel,St. Alban,switzerland,Luzern
2024-11,Wegzug,2024,11,Schweizer,M,30,Schweiz,Schweiz,BS,Bachletten,Schweiz,Schweiz,BL,NA,basel,Bachletten,switzerland,Basel-Landschaft
2024-11,Wegzug,2024,11,Ausländer,M,30,Schweiz,Schweiz,BS,Vorstädte,Schweiz,Schweiz,LU,NA,basel,Vorstädte,switzerland,Luzern
2024-11,Wegzug,2024,11,Ausländer,M,30,Schweiz,Schweiz,BS,St. Alban,Asien,Israel,Ausland,NA,basel,St. Alban,world,Israel
2024-11,Wegzug,2024,11,Ausländer,M,30,Schweiz,Schweiz,BS,Am Ring,Schweiz,Schweiz,AG,NA,basel,Am Ring,switzerland,Aargau
2024-11,Wegzug,2024,11,Schweizer,M,30,Schweiz,Schweiz,BS,Rosental,Schweiz,Schweiz,BL,NA,basel,Rosental,switzerland,Basel-Landschaft
2024-11,Wegzug,2024,11,Schweizer,M,30,Schweiz,Schweiz,BS,Gotthelf,Schweiz,Schweiz,BE,NA,basel,Gotthelf,switzerland,Bern
2024-11,Wegzug,2024,11,Schweizer,W,30,Schweiz,Schweiz,BS,Bettingen,Schweiz,Schweiz,AG,NA,basel,Bettingen,switzerland,Aargau
2024-11,Wegzug,2024,11,Ausländer,W,30,Schweiz,Schweiz,BS,Rosental,Europa (ohne Schweiz),Frankreich,Ausland,NA,basel,Rosental,europe,France
2024-11,Wegzug,2024,11,Ausländer,M,30,Schweiz,Schweiz,BS,Iselin,Europa (ohne Schweiz),Frankreich,Ausland,NA,basel,Iselin,europe,France
2024-11,Wegzug,2024,11,Ausländer,W,30,Schweiz,Schweiz,BS,Gundeldingen,Schweiz,Schweiz,BL,NA,basel,Gundeldingen,switzerland,Basel-Landschaft
2024-11,Wegzug,2024,11,Schweizer,W,30,Schweiz,Schweiz,BS,Kleinhüningen,Schweiz,Schweiz,SO,NA,basel,Kleinhüningen,switzerland,Solothurn
2024-11,Wegzug,2024,11,Ausländer,M,30,Schweiz,Schweiz,BS,Klybeck,Schweiz,Schweiz,AG,NA,basel,Klybeck,switzerland,Aargau
2024-11,Wegzug,2024,11,Schweizer,W,30,Schweiz,Schweiz,BS,Breite,Schweiz,Schweiz,BL,NA,basel,Breite,switzerland,Basel-Landschaft
2024-11,Zuzug,2024,11,Ausländer,M,30,Europa (ohne Schweiz),Deutschland,NA,NA,Schweiz,Schweiz,BS,Am Ring,europe,Germany,basel,Am Ring
2024-11,Zuzug,2024,11,Ausländer,W,30,Europa (ohne Schweiz),Zypern,NA,NA,Schweiz,Schweiz,BS,Vorstädte,world,Cyprus,basel,Vorstädte
2024-11,Zuzug,2024,11,Schweizer,M,30,Schweiz,Schweiz,BL,NA,Schweiz,Schweiz,BS,Am Ring,switzerland,Basel-Landschaft,basel,Am Ring
2024-11,Zuzug,2024,11,Ausländer,M,30,Asien,Japan,NA,NA,Schweiz,Schweiz,BS,Vorstädte,world,Japan,basel,Vorstädte
2024-11,Zuzug,2024,11,Schweizer,W,30,Schweiz,Schweiz,ZH,NA,Schweiz,Schweiz,BS,Gotthelf,switzerland,Zürich,basel,Gotthelf
2024-11,Zuzug,2024,11,Ausländer,W,30,Europa (ohne Schweiz),Frankreich,NA,NA,Schweiz,Schweiz,BS,Breite,europe,France,basel,Breite
2024-11,Zuzug,2024,11,Ausländer,M,30,Europa (ohne Schweiz),Grossbritannien,NA,NA,Schweiz,Schweiz,BS,Wettstein,europe,United Kingdom,basel,Wettstein
2024-11,Zuzug,2024,11,Ausländer,W,30,Europa (ohne Schweiz),Griechenland,NA,NA,Schweiz,Schweiz,BS,Riehen,europe,Greece,basel,Riehen
2024-11,Zuzug,2024,11,Schweizer,W,30,Schweiz,Schweiz,AG,NA,Schweiz,Schweiz,BS,St. Alban,switzerland,Aargau,basel,St. Alban
2024-11,Zuzug,2024,11,Ausländer,W,30,Asien,Kasachstan,NA,NA,Schweiz,Schweiz,BS,Klybeck,world,Kazakhstan,basel,Klybeck
2024-11,Zuzug,2024,11,Ausländer,M,30,Europa (ohne Schweiz),Litauen,NA,NA,Schweiz,Schweiz,BS,Gundeldingen,europe,Lithuania,basel,Gundeldingen
2024-11,Zuzug,2024,11,Ausländer,M,30,Europa (ohne Schweiz),Deutschland,NA,NA,Schweiz,Schweiz,BS,Gundeldingen,europe,Germany,basel,Gundeldingen
2024-11,Zuzug,2024,11,Ausländer,M,30,Europa (ohne Schweiz),Deutschland,NA,NA,Schweiz,Schweiz,BS,St. Johann,europe,Germany,basel,St. Johann
2024-11,Zuzug,2024,11,Ausländer,M,31,Europa (ohne Schweiz),Deutschland,NA,NA,Schweiz,Schweiz,BS,St. Johann,europe,Germany,basel,St. Johann
2024-11,Zuzug,2024,11,Ausländer,W,31,Europa (ohne Schweiz),Deutschland,NA,NA,Schweiz,Schweiz,BS,Wettstein,europe,Germany,basel,Wettstein
2024-11,Zuzug,2024,11,Ausländer,W,31,Schweiz,Schweiz,BL,NA,Schweiz,Schweiz,BS,Kleinhüningen,switzerland,Basel-Landschaft,basel,Kleinhüningen
2024-11,Zuzug,2024,11,Schweizer,W,31,Schweiz,Schweiz,ZH,NA,Schweiz,Schweiz,BS,Gundeldingen,switzerland,Zürich,basel,Gundeldingen
2024-11,Zuzug,2024,11,Ausländer,M,31,Nordamerika,Vereinigte Staaten von Amerika,NA,NA,Schweiz,Schweiz,BS,Vorstädte,world,United States of America,basel,Vorstädte
2024-11,Zuzug,2024,11,Ausländer,M,31,Europa (ohne Schweiz),Deutschland,NA,NA,Schweiz,Schweiz,BS,Matthäus,europe,Germany,basel,Matthäus
2024-11,Zuzug,2024,11,Ausländer,W,31,Europa (ohne Schweiz),Spanien,NA,NA,Schweiz,Schweiz,BS,St. Johann,europe,Spain,basel,St. Johann
2024-11,Zuzug,2024,11,Schweizer,W,31,Schweiz,Schweiz,BE,NA,Schweiz,Schweiz,BS,Gotthelf,switzerland,Bern,basel,Gotthelf
2024-11,Wegzug,2024,11,Ausländer,W,31,Schweiz,Schweiz,BS,Klybeck,Schweiz,Schweiz,ZG,NA,basel,Klybeck,switzerland,Zug
2024-11,Wegzug,2024,11,Ausländer,M,31,Schweiz,Schweiz,BS,Altstadt Grossbasel,Schweiz,Schweiz,AG,NA,basel,Altstadt Grossbasel,switzerland,Aargau
2024-11,Wegzug,2024,11,Schweizer,W,31,Schweiz,Schweiz,BS,Rosental,Schweiz,Schweiz,SO,NA,basel,Rosental,switzerland,Solothurn
2024-11,Wegzug,2024,11,Ausländer,M,31,Schweiz,Schweiz,BS,Breite,Europa (ohne Schweiz),Deutschland,Ausland,NA,basel,Breite,europe,Germany
2024-11,Wegzug,2024,11,Ausländer,M,31,Schweiz,Schweiz,BS,Matthäus,Schweiz,Schweiz,GR,NA,basel,Matthäus,switzerland,Graubünden
2024-11,Wegzug,2024,11,Ausländer,M,31,Schweiz,Schweiz,BS,Am Ring,Schweiz,Schweiz,ZH,NA,basel,Am Ring,switzerland,Zürich
2024-11,Wegzug,2024,11,Ausländer,W,31,Schweiz,Schweiz,BS,Matthäus,Europa (ohne Schweiz),Deutschland,Ausland,NA,basel,Matthäus,europe,Germany
2024-11,Wegzug,2024,11,Schweizer,M,31,Schweiz,Schweiz,BS,Gotthelf,Schweiz,Schweiz,BL,NA,basel,Gotthelf,switzerland,Basel-Landschaft
2024-11,Wegzug,2024,11,Schweizer,W,31,Schweiz,Schweiz,BS,Hirzbrunnen,Schweiz,Schweiz,BE,NA,basel,Hirzbrunnen,switzerland,Bern
2024-11,Wegzug,2024,11,Ausländer,M,31,Schweiz,Schweiz,BS,St. Johann,Schweiz,Schweiz,BE,NA,basel,St. Johann,switzerland,Bern
2024-11,Wegzug,2024,11,Ausländer,W,31,Schweiz,Schweiz,BS,St. Alban,Schweiz,Schweiz,AG,NA,basel,St. Alban,switzerland,Aargau
2024-11,Wegzug,2024,11,Schweizer,M,31,Schweiz,Schweiz,BS,Iselin,Schweiz,Schweiz,ZG,NA,basel,Iselin,switzerland,Zug
2024-11,Wegzug,2024,11,Ausländer,M,31,Schweiz,Schweiz,BS,Am Ring,Schweiz,Schweiz,BL,NA,basel,Am Ring,switzerland,Basel-Landschaft
2024-11,Wegzug,2024,11,Ausländer,M,31,Schweiz,Schweiz,BS,Matthäus,Schweiz,Schweiz,BL,NA,basel,Matthäus,switzerland,Basel-Landschaft
2024-11,Zuzug,2024,11,Ausländer,M,31,Europa (ohne Schweiz),Deutschland,NA,NA,Schweiz,Schweiz,BS,Wettstein,europe,Germany,basel,Wettstein
2024-11,Zuzug,2024,11,Ausländer,M,31,Europa (ohne Schweiz),Niederlande,NA,NA,Schweiz,Schweiz,BS,Matthäus,europe,Netherlands,basel,Matthäus
2024-11,Zuzug,2024,11,Ausländer,M,31,Schweiz,Schweiz,BL,NA,Schweiz,Schweiz,BS,Bruderholz,switzerland,Basel-Landschaft,basel,Bruderholz
2024-11,Zuzug,2024,11,Ausländer,W,31,Europa (ohne Schweiz),Ungarn,NA,NA,Schweiz,Schweiz,BS,Breite,europe,Hungary,basel,Breite
2024-11,Zuzug,2024,11,Ausländer,M,31,Schweiz,Schweiz,ZH,NA,Schweiz,Schweiz,BS,Gundeldingen,switzerland,Zürich,basel,Gundeldingen
2024-11,Zuzug,2024,11,Ausländer,W,31,Schweiz,Schweiz,BL,NA,Schweiz,Schweiz,BS,Iselin,switzerland,Basel-Landschaft,basel,Iselin
2024-11,Zuzug,2024,11,Schweizer,M,31,Schweiz,Schweiz,BE,NA,Schweiz,Schweiz,BS,Breite,switzerland,Bern,basel,Breite
2024-11,Zuzug,2024,11,Schweizer,W,31,Schweiz,Schweiz,BL,NA,Schweiz,Schweiz,BS,Gundeldingen,switzerland,Basel-Landschaft,basel,Gundeldingen
2024-11,Zuzug,2024,11,Ausländer,M,31,Lateinamerika und Karibik,Argentinien,NA,NA,Schweiz,Schweiz,BS,Gundeldingen,world,Argentina,basel,Gundeldingen
2024-11,Zuzug,2024,11,Ausländer,M,31,NA,NA,NA,NA,Schweiz,Schweiz,BS,Vorstädte,NA,NA,basel,Vorstädte
2024-11,Zuzug,2024,11,Ausländer,W,31,Europa (ohne Schweiz),Frankreich,NA,NA,Schweiz,Schweiz,BS,Vorstädte,europe,France,basel,Vorstädte
2024-11,Zuzug,2024,11,Ausländer,W,31,Europa (ohne Schweiz),Spanien,NA,NA,Schweiz,Schweiz,BS,Am Ring,europe,Spain,basel,Am Ring
2024-11,Zuzug,2024,11,Ausländer,M,31,Schweiz,Schweiz,BL,NA,Schweiz,Schweiz,BS,St. Johann,switzerland,Basel-Landschaft,basel,St. Johann
2024-11,Zuzug,2024,11,Ausländer,M,31,Europa (ohne Schweiz),Irland,NA,NA,Schweiz,Schweiz,BS,Gundeldingen,europe,Ireland,basel,Gundeldingen
2024-11,Zuzug,2024,11,Ausländer,M,31,Europa (ohne Schweiz),Portugal,NA,NA,Schweiz,Schweiz,BS,Gundeldingen,europe,Portugal,basel,Gundeldingen
2024-11,Zuzug,2024,11,Schweizer,M,31,Schweiz,Schweiz,BL,NA,Schweiz,Schweiz,BS,Clara,switzerland,Basel-Landschaft,basel,Clara
2024-11,Zuzug,2024,11,Schweizer,W,31,Schweiz,Schweiz,AG,NA,Schweiz,Schweiz,BS,Iselin,switzerland,Aargau,basel,Iselin
2024-11,Wegzug,2024,11,Schweizer,M,31,Schweiz,Schweiz,BS,Breite,NA,NA,NA,NA,basel,Breite,NA,NA
2024-11,Wegzug,2024,11,Schweizer,M,31,Schweiz,Schweiz,BS,Breite,Schweiz,Schweiz,TI,NA,basel,Breite,switzerland,Ticino
2024-11,Wegzug,2024,11,Ausländer,M,31,Schweiz,Schweiz,BS,Wettstein,Schweiz,Schweiz,GE,NA,basel,Wettstein,switzerland,Genève
2024-11,Wegzug,2024,11,Ausländer,W,31,Schweiz,Schweiz,BS,Vorstädte,Europa (ohne Schweiz),Ungarn,Ausland,NA,basel,Vorstädte,europe,Hungary
2024-11,Wegzug,2024,11,Ausländer,W,31,Schweiz,Schweiz,BS,St. Alban,Schweiz,Schweiz,ZH,NA,basel,St. Alban,switzerland,Zürich
2024-11,Wegzug,2024,11,Ausländer,W,31,Schweiz,Schweiz,BS,St. Johann,Asien,Indien,Ausland,NA,basel,St. Johann,world,India
2024-11,Wegzug,2024,11,Ausländer,M,31,Schweiz,Schweiz,BS,Vorstädte,Schweiz,Schweiz,BL,NA,basel,Vorstädte,switzerland,Basel-Landschaft
2024-11,Wegzug,2024,11,Ausländer,M,31,Schweiz,Schweiz,BS,Matthäus,Europa (ohne Schweiz),Frankreich,Ausland,NA,basel,Matthäus,europe,France
2024-11,Wegzug,2024,11,Ausländer,W,31,Schweiz,Schweiz,BS,Am Ring,Europa (ohne Schweiz),Polen,Ausland,NA,basel,Am Ring,europe,Poland
2024-11,Wegzug,2024,11,Ausländer,W,31,Schweiz,Schweiz,BS,Gundeldingen,Schweiz,Schweiz,BL,NA,basel,Gundeldingen,switzerland,Basel-Landschaft
2024-11,Wegzug,2024,11,Schweizer,W,31,Schweiz,Schweiz,BS,Breite,Schweiz,Schweiz,AG,NA,basel,Breite,switzerland,Aargau
2024-11,Wegzug,2024,11,Schweizer,W,31,Schweiz,Schweiz,BS,Klybeck,Schweiz,Schweiz,AG,NA,basel,Klybeck,switzerland,Aargau
2024-11,Wegzug,2024,11,Schweizer,W,31,Schweiz,Schweiz,BS,St. Johann,Schweiz,Schweiz,BL,NA,basel,St. Johann,switzerland,Basel-Landschaft
2024-11,Wegzug,2024,11,Schweizer,M,31,Schweiz,Schweiz,BS,Altstadt Kleinbasel,Schweiz,Schweiz,BL,NA,basel,Altstadt Kleinbasel,switzerland,Basel-Landschaft
2024-11,Wegzug,2024,11,Schweizer,W,31,Schweiz,Schweiz,BS,Gundeldingen,Schweiz,Schweiz,BL,NA,basel,Gundeldingen,switzerland,Basel-Landschaft
2024-11,Zuzug,2024,11,Ausländer,M,31,Europa (ohne Schweiz),Rumänien,NA,NA,Schweiz,Schweiz,BS,Klybeck,europe,Romania,basel,Klybeck
2024-11,Zuzug,2024,11,Ausländer,M,31,Nordamerika,Vereinigte Staaten von Amerika,NA,NA,Schweiz,Schweiz,BS,Clara,world,United States of America,basel,Clara
2024-11,Zuzug,2024,11,Ausländer,W,31,Europa (ohne Schweiz),Deutschland,NA,NA,Schweiz,Schweiz,BS,St. Alban,europe,Germany,basel,St. Alban
2024-11,Zuzug,2024,11,Ausländer,M,31,Europa (ohne Schweiz),Deutschland,NA,NA,Schweiz,Schweiz,BS,Breite,europe,Germany,basel,Breite
2024-11,Zuzug,2024,11,Ausländer,M,31,Europa (ohne Schweiz),Deutschland,NA,NA,Schweiz,Schweiz,BS,Vorstädte,europe,Germany,basel,Vorstädte
2024-11,Zuzug,2024,11,Schweizer,M,31,Europa (ohne Schweiz),Italien,NA,NA,Schweiz,Schweiz,BS,Gotthelf,europe,Italy,basel,Gotthelf
2024-11,Zuzug,2024,11,Schweizer,M,31,Schweiz,Schweiz,AG,NA,Schweiz,Schweiz,BS,St. Alban,switzerland,Aargau,basel,St. Alban
2024-11,Zuzug,2024,11,Schweizer,M,31,Schweiz,Schweiz,BL,NA,Schweiz,Schweiz,BS,Kleinhüningen,switzerland,Basel-Landschaft,basel,Kleinhüningen
2024-11,Zuzug,2024,11,Schweizer,M,31,Schweiz,Schweiz,BL,NA,Schweiz,Schweiz,BS,Matthäus,switzerland,Basel-Landschaft,basel,Matthäus
2024-11,Zuzug,2024,11,Schweizer,M,31,Schweiz,Schweiz,BL,NA,Schweiz,Schweiz,BS,Bachletten,switzerland,Basel-Landschaft,basel,Bachletten
2024-11,Zuzug,2024,11,Schweizer,M,31,Schweiz,Schweiz,ZG,NA,Schweiz,Schweiz,BS,Matthäus,switzerland,Zug,basel,Matthäus
2024-11,Zuzug,2024,11,Ausländer,M,31,Schweiz,Schweiz,ZH,NA,Schweiz,Schweiz,BS,Gundeldingen,switzerland,Zürich,basel,Gundeldingen
2024-11,Zuzug,2024,11,Ausländer,M,31,Schweiz,Schweiz,BL,NA,Schweiz,Schweiz,BS,Matthäus,switzerland,Basel-Landschaft,basel,Matthäus
2024-11,Zuzug,2024,11,Ausländer,M,31,Europa (ohne Schweiz),Deutschland,NA,NA,Schweiz,Schweiz,BS,Am Ring,europe,Germany,basel,Am Ring
2024-11,Zuzug,2024,11,Schweizer,M,31,Europa (ohne Schweiz),Deutschland,NA,NA,Schweiz,Schweiz,BS,Bachletten,europe,Germany,basel,Bachletten
2024-11,Zuzug,2024,11,Schweizer,W,31,Schweiz,Schweiz,AG,NA,Schweiz,Schweiz,BS,Breite,switzerland,Aargau,basel,Breite
2024-11,Zuzug,2024,11,Ausländer,M,31,Europa (ohne Schweiz),Deutschland,NA,NA,Schweiz,Schweiz,BS,Clara,europe,Germany,basel,Clara
2024-11,Zuzug,2024,11,Ausländer,M,31,Europa (ohne Schweiz),Deutschland,NA,NA,Schweiz,Schweiz,BS,Breite,europe,Germany,basel,Breite
2024-11,Zuzug,2024,11,Ausländer,M,32,Europa (ohne Schweiz),Deutschland,NA,NA,Schweiz,Schweiz,BS,Clara,europe,Germany,basel,Clara
2024-11,Zuzug,2024,11,Ausländer,M,32,Europa (ohne Schweiz),Oesterreich,NA,NA,Schweiz,Schweiz,BS,Bruderholz,europe,Austria,basel,Bruderholz
2024-11,Zuzug,2024,11,Ausländer,M,32,Schweiz,Schweiz,BE,NA,Schweiz,Schweiz,BS,Matthäus,switzerland,Bern,basel,Matthäus
2024-11,Zuzug,2024,11,Ausländer,W,32,Schweiz,Schweiz,BL,NA,Schweiz,Schweiz,BS,Hirzbrunnen,switzerland,Basel-Landschaft,basel,Hirzbrunnen
2024-11,Zuzug,2024,11,Ausländer,M,32,Europa (ohne Schweiz),Schweden,NA,NA,Schweiz,Schweiz,BS,Rosental,europe,Sweden,basel,Rosental
2024-11,Zuzug,2024,11,Schweizer,M,32,Schweiz,Schweiz,BL,NA,Schweiz,Schweiz,BS,Gundeldingen,switzerland,Basel-Landschaft,basel,Gundeldingen
2024-11,Zuzug,2024,11,Ausländer,W,32,Lateinamerika und Karibik,Kolumbien,NA,NA,Schweiz,Schweiz,BS,Riehen,world,Colombia,basel,Riehen
2024-11,Zuzug,2024,11,Ausländer,W,32,Europa (ohne Schweiz),Griechenland,NA,NA,Schweiz,Schweiz,BS,Gundeldingen,europe,Greece,basel,Gundeldingen
2024-11,Zuzug,2024,11,Ausländer,W,32,Afrika,Kongo (Kinshasa),NA,NA,Schweiz,Schweiz,BS,Breite,world,Dem. Rep. Congo,basel,Breite
2024-11,Zuzug,2024,11,Schweizer,M,32,Schweiz,Schweiz,ZH,NA,Schweiz,Schweiz,BS,Gotthelf,switzerland,Zürich,basel,Gotthelf
2024-11,Zuzug,2024,11,Ausländer,W,32,Lateinamerika und Karibik,Brasilien,NA,NA,Schweiz,Schweiz,BS,St. Alban,world,Brazil,basel,St. Alban
2024-11,Zuzug,2024,11,Schweizer,M,32,Schweiz,Schweiz,BL,NA,Schweiz,Schweiz,BS,Bruderholz,switzerland,Basel-Landschaft,basel,Bruderholz
2024-11,Wegzug,2024,11,Ausländer,M,32,Schweiz,Schweiz,BS,Am Ring,Europa (ohne Schweiz),Deutschland,Ausland,NA,basel,Am Ring,europe,Germany
2024-11,Wegzug,2024,11,Ausländer,M,32,Schweiz,Schweiz,BS,Vorstädte,Europa (ohne Schweiz),Ungarn,Ausland,NA,basel,Vorstädte,europe,Hungary
2024-11,Wegzug,2024,11,Ausländer,M,32,Schweiz,Schweiz,BS,Klybeck,Europa (ohne Schweiz),Spanien,Ausland,NA,basel,Klybeck,europe,Spain
2024-11,Wegzug,2024,11,Ausländer,W,32,Schweiz,Schweiz,BS,St. Johann,Ozeanien,Australien,Ausland,NA,basel,St. Johann,world,Australia
2024-11,Wegzug,2024,11,Schweizer,M,32,Schweiz,Schweiz,BS,Rosental,Schweiz,Schweiz,AG,NA,basel,Rosental,switzerland,Aargau
2024-11,Wegzug,2024,11,Ausländer,M,32,Schweiz,Schweiz,BS,Matthäus,Europa (ohne Schweiz),Grossbritannien,Ausland,NA,basel,Matthäus,europe,United Kingdom
2024-11,Zuzug,2024,11,Ausländer,M,32,Europa (ohne Schweiz),Deutschland,NA,NA,Schweiz,Schweiz,BS,Gotthelf,europe,Germany,basel,Gotthelf
2024-11,Zuzug,2024,11,Ausländer,W,32,Europa (ohne Schweiz),Deutschland,NA,NA,Schweiz,Schweiz,BS,Bettingen,europe,Germany,basel,Bettingen
2024-11,Zuzug,2024,11,Ausländer,W,32,Europa (ohne Schweiz),Irland,NA,NA,Schweiz,Schweiz,BS,St. Johann,europe,Ireland,basel,St. Johann
2024-11,Zuzug,2024,11,Ausländer,W,32,Schweiz,Schweiz,BL,NA,Schweiz,Schweiz,BS,St. Alban,switzerland,Basel-Landschaft,basel,St. Alban
2024-11,Zuzug,2024,11,Ausländer,M,32,Europa (ohne Schweiz),Deutschland,NA,NA,Schweiz,Schweiz,BS,Am Ring,europe,Germany,basel,Am Ring
2024-11,Zuzug,2024,11,Ausländer,M,32,Schweiz,Schweiz,AG,NA,Schweiz,Schweiz,BS,Matthäus,switzerland,Aargau,basel,Matthäus
2024-11,Zuzug,2024,11,Schweizer,M,32,NA,NA,NA,NA,Schweiz,Schweiz,BS,Gundeldingen,NA,NA,basel,Gundeldingen
2024-11,Zuzug,2024,11,Ausländer,M,32,Europa (ohne Schweiz),Spanien,NA,NA,Schweiz,Schweiz,BS,Am Ring,europe,Spain,basel,Am Ring
2024-11,Zuzug,2024,11,Schweizer,M,32,Schweiz,Schweiz,BL,NA,Schweiz,Schweiz,BS,St. Alban,switzerland,Basel-Landschaft,basel,St. Alban
2024-11,Zuzug,2024,11,Ausländer,M,32,Europa (ohne Schweiz),Deutschland,NA,NA,Schweiz,Schweiz,BS,Gundeldingen,europe,Germany,basel,Gundeldingen
2024-11,Zuzug,2024,11,Ausländer,W,32,Asien,Indien,NA,NA,Schweiz,Schweiz,BS,Vorstädte,world,India,basel,Vorstädte
2024-11,Zuzug,2024,11,Schweizer,M,32,Europa (ohne Schweiz),Spanien,NA,NA,Schweiz,Schweiz,BS,Rosental,europe,Spain,basel,Rosental
2024-11,Zuzug,2024,11,Ausländer,M,32,Asien,Korea (Süd-),NA,NA,Schweiz,Schweiz,BS,Vorstädte,world,South Korea,basel,Vorstädte
2024-11,Zuzug,2024,11,Ausländer,M,32,NA,NA,NA,NA,Schweiz,Schweiz,BS,Rosental,NA,NA,basel,Rosental
2024-11,Zuzug,2024,11,Ausländer,M,32,Schweiz,Schweiz,AG,NA,Schweiz,Schweiz,BS,Riehen,switzerland,Aargau,basel,Riehen
2024-11,Zuzug,2024,11,Ausländer,M,32,Asien,Philippinen,NA,NA,Schweiz,Schweiz,BS,Bachletten,world,Philippines,basel,Bachletten
2024-11,Zuzug,2024,11,Schweizer,W,32,Schweiz,Schweiz,BL,NA,Schweiz,Schweiz,BS,Bruderholz,switzerland,Basel-Landschaft,basel,Bruderholz
2024-11,Wegzug,2024,11,Schweizer,M,32,Schweiz,Schweiz,BS,Bachletten,NA,NA,NA,NA,basel,Bachletten,NA,NA
2024-11,Wegzug,2024,11,Ausländer,M,32,Schweiz,Schweiz,BS,Iselin,Schweiz,Schweiz,AG,NA,basel,Iselin,switzerland,Aargau
2024-11,Wegzug,2024,11,Schweizer,W,32,Schweiz,Schweiz,BS,St. Johann,Schweiz,Schweiz,BL,NA,basel,St. Johann,switzerland,Basel-Landschaft
2024-11,Wegzug,2024,11,Ausländer,W,32,Schweiz,Schweiz,BS,Iselin,Schweiz,Schweiz,BL,NA,basel,Iselin,switzerland,Basel-Landschaft
2024-11,Wegzug,2024,11,Ausländer,M,32,Schweiz,Schweiz,BS,Matthäus,NA,NA,NA,NA,basel,Matthäus,NA,NA
2024-11,Wegzug,2024,11,Schweizer,M,32,Schweiz,Schweiz,BS,St. Alban,Schweiz,Schweiz,BL,NA,basel,St. Alban,switzerland,Basel-Landschaft
2024-11,Wegzug,2024,11,Ausländer,M,32,Schweiz,Schweiz,BS,Riehen,Europa (ohne Schweiz),Oesterreich,Ausland,NA,basel,Riehen,europe,Austria
2024-11,Wegzug,2024,11,Ausländer,W,32,Schweiz,Schweiz,BS,Iselin,Schweiz,Schweiz,LU,NA,basel,Iselin,switzerland,Luzern
2024-11,Wegzug,2024,11,Ausländer,W,32,Schweiz,Schweiz,BS,Matthäus,Schweiz,Schweiz,ZH,NA,basel,Matthäus,switzerland,Zürich
2024-11,Wegzug,2024,11,Schweizer,M,32,Schweiz,Schweiz,BS,St. Alban,Schweiz,Schweiz,BL,NA,basel,St. Alban,switzerland,Basel-Landschaft
2024-11,Wegzug,2024,11,Schweizer,W,32,Schweiz,Schweiz,BS,Gundeldingen,Schweiz,Schweiz,BL,NA,basel,Gundeldingen,switzerland,Basel-Landschaft
2024-11,Wegzug,2024,11,Ausländer,M,32,Schweiz,Schweiz,BS,Rosental,Asien,Japan,Ausland,NA,basel,Rosental,world,Japan
2024-11,Wegzug,2024,11,Ausländer,M,32,Schweiz,Schweiz,BS,St. Johann,Schweiz,Schweiz,AG,NA,basel,St. Johann,switzerland,Aargau
2024-11,Wegzug,2024,11,Schweizer,M,32,Schweiz,Schweiz,BS,Gundeldingen,Schweiz,Schweiz,BL,NA,basel,Gundeldingen,switzerland,Basel-Landschaft
2024-11,Wegzug,2024,11,Schweizer,W,32,Schweiz,Schweiz,BS,St. Johann,Schweiz,Schweiz,ZH,NA,basel,St. Johann,switzerland,Zürich
2024-11,Wegzug,2024,11,Ausländer,M,32,Schweiz,Schweiz,BS,Clara,Schweiz,Schweiz,ZG,NA,basel,Clara,switzerland,Zug
2024-11,Wegzug,2024,11,Schweizer,M,32,Schweiz,Schweiz,BS,Vorstädte,Schweiz,Schweiz,BL,NA,basel,Vorstädte,switzerland,Basel-Landschaft
2024-11,Wegzug,2024,11,Ausländer,M,32,Schweiz,Schweiz,BS,Klybeck,Schweiz,Schweiz,BL,NA,basel,Klybeck,switzerland,Basel-Landschaft
2024-11,Wegzug,2024,11,Schweizer,M,32,Schweiz,Schweiz,BS,Bettingen,Nordamerika,Vereinigte Staaten von Amerika,Ausland,NA,basel,Bettingen,world,United States of America
2024-11,Wegzug,2024,11,Ausländer,M,32,Schweiz,Schweiz,BS,Iselin,Lateinamerika und Karibik,Brasilien,Ausland,NA,basel,Iselin,world,Brazil
2024-11,Wegzug,2024,11,Ausländer,M,32,Schweiz,Schweiz,BS,Bachletten,Europa (ohne Schweiz),Frankreich,Ausland,NA,basel,Bachletten,europe,France
2024-11,Wegzug,2024,11,Ausländer,M,32,Schweiz,Schweiz,BS,Matthäus,Europa (ohne Schweiz),Spanien,Ausland,NA,basel,Matthäus,europe,Spain
2024-11,Wegzug,2024,11,Schweizer,W,32,Schweiz,Schweiz,BS,Iselin,Schweiz,Schweiz,BL,NA,basel,Iselin,switzerland,Basel-Landschaft
2024-11,Wegzug,2024,11,Schweizer,W,32,Schweiz,Schweiz,BS,St. Alban,Schweiz,Schweiz,BL,NA,basel,St. Alban,switzerland,Basel-Landschaft
2024-11,Wegzug,2024,11,Ausländer,W,32,Schweiz,Schweiz,BS,Gundeldingen,NA,NA,NA,NA,basel,Gundeldingen,NA,NA
2024-11,Wegzug,2024,11,Ausländer,M,32,Schweiz,Schweiz,BS,St. Alban,Schweiz,Schweiz,SO,NA,basel,St. Alban,switzerland,Solothurn
2024-11,Wegzug,2024,11,Ausländer,M,32,Schweiz,Schweiz,BS,Iselin,Europa (ohne Schweiz),Frankreich,Ausland,NA,basel,Iselin,europe,France
2024-11,Wegzug,2024,11,Ausländer,M,32,Schweiz,Schweiz,BS,St. Alban,Schweiz,Schweiz,ZH,NA,basel,St. Alban,switzerland,Zürich
2024-11,Zuzug,2024,11,Ausländer,M,32,Europa (ohne Schweiz),Deutschland,NA,NA,Schweiz,Schweiz,BS,Gundeldingen,europe,Germany,basel,Gundeldingen
2024-11,Zuzug,2024,11,Ausländer,W,32,Asien,Korea (Süd-),NA,NA,Schweiz,Schweiz,BS,St. Johann,world,South Korea,basel,St. Johann
2024-11,Zuzug,2024,11,Schweizer,W,32,Schweiz,Schweiz,ZH,NA,Schweiz,Schweiz,BS,St. Alban,switzerland,Zürich,basel,St. Alban
2024-11,Zuzug,2024,11,Ausländer,M,32,Schweiz,Schweiz,AR,NA,Schweiz,Schweiz,BS,Kleinhüningen,switzerland,Appenzell Ausserrhoden,basel,Kleinhüningen
2024-11,Zuzug,2024,11,Ausländer,M,32,Europa (ohne Schweiz),Rumänien,NA,NA,Schweiz,Schweiz,BS,Gundeldingen,europe,Romania,basel,Gundeldingen
2024-11,Zuzug,2024,11,Ausländer,M,32,Europa (ohne Schweiz),Deutschland,NA,NA,Schweiz,Schweiz,BS,Am Ring,europe,Germany,basel,Am Ring
2024-11,Zuzug,2024,11,Ausländer,M,33,Europa (ohne Schweiz),Deutschland,NA,NA,Schweiz,Schweiz,BS,St. Alban,europe,Germany,basel,St. Alban
2024-11,Zuzug,2024,11,Ausländer,M,33,Europa (ohne Schweiz),Italien,NA,NA,Schweiz,Schweiz,BS,Gotthelf,europe,Italy,basel,Gotthelf
2024-11,Zuzug,2024,11,Ausländer,W,33,Schweiz,Schweiz,SG,NA,Schweiz,Schweiz,BS,St. Johann,switzerland,St. Gallen,basel,St. Johann
2024-11,Zuzug,2024,11,Ausländer,W,33,Europa (ohne Schweiz),Deutschland,NA,NA,Schweiz,Schweiz,BS,Am Ring,europe,Germany,basel,Am Ring
2024-11,Zuzug,2024,11,Ausländer,W,33,Schweiz,Schweiz,BL,NA,Schweiz,Schweiz,BS,Wettstein,switzerland,Basel-Landschaft,basel,Wettstein
2024-11,Zuzug,2024,11,Schweizer,W,33,Schweiz,Schweiz,ZH,NA,Schweiz,Schweiz,BS,Hirzbrunnen,switzerland,Zürich,basel,Hirzbrunnen
2024-11,Zuzug,2024,11,Ausländer,M,33,Asien,Syrien,NA,NA,Schweiz,Schweiz,BS,Rosental,world,Syria,basel,Rosental
2024-11,Zuzug,2024,11,Ausländer,W,33,Schweiz,Schweiz,BL,NA,Schweiz,Schweiz,BS,Am Ring,switzerland,Basel-Landschaft,basel,Am Ring
2024-11,Zuzug,2024,11,Ausländer,M,33,Europa (ohne Schweiz),Türkei,NA,NA,Schweiz,Schweiz,BS,Vorstädte,world,Turkey,basel,Vorstädte
2024-11,Zuzug,2024,11,Ausländer,W,33,Schweiz,Schweiz,LU,NA,Schweiz,Schweiz,BS,Gotthelf,switzerland,Luzern,basel,Gotthelf
2024-11,Zuzug,2024,11,Ausländer,W,33,Schweiz,Schweiz,ZH,NA,Schweiz,Schweiz,BS,Hirzbrunnen,switzerland,Zürich,basel,Hirzbrunnen
2024-11,Wegzug,2024,11,Schweizer,M,33,Schweiz,Schweiz,BS,Gundeldingen,Schweiz,Schweiz,AG,NA,basel,Gundeldingen,switzerland,Aargau
2024-11,Wegzug,2024,11,Ausländer,M,33,Schweiz,Schweiz,BS,Gotthelf,Europa (ohne Schweiz),Frankreich,Ausland,NA,basel,Gotthelf,europe,France
2024-11,Wegzug,2024,11,Schweizer,W,33,Schweiz,Schweiz,BS,Bachletten,Schweiz,Schweiz,BL,NA,basel,Bachletten,switzerland,Basel-Landschaft
2024-11,Wegzug,2024,11,Schweizer,W,33,Schweiz,Schweiz,BS,Gotthelf,Europa (ohne Schweiz),Frankreich,Ausland,NA,basel,Gotthelf,europe,France
2024-11,Wegzug,2024,11,Ausländer,M,33,Schweiz,Schweiz,BS,Bachletten,Europa (ohne Schweiz),Deutschland,Ausland,NA,basel,Bachletten,europe,Germany
2024-11,Wegzug,2024,11,Ausländer,W,33,Schweiz,Schweiz,BS,Rosental,Nordamerika,Vereinigte Staaten von Amerika,Ausland,NA,basel,Rosental,world,United States of America
2024-11,Wegzug,2024,11,Ausländer,W,33,Schweiz,Schweiz,BS,Iselin,Europa (ohne Schweiz),Portugal,Ausland,NA,basel,Iselin,europe,Portugal
2024-11,Wegzug,2024,11,Ausländer,M,33,Schweiz,Schweiz,BS,Rosental,Europa (ohne Schweiz),Deutschland,Ausland,NA,basel,Rosental,europe,Germany
2024-11,Wegzug,2024,11,Ausländer,M,33,Schweiz,Schweiz,BS,St. Johann,Ozeanien,Australien,Ausland,NA,basel,St. Johann,world,Australia
2024-11,Wegzug,2024,11,Ausländer,W,33,Schweiz,Schweiz,BS,Gundeldingen,Schweiz,Schweiz,SZ,NA,basel,Gundeldingen,switzerland,Schwyz
2024-11,Wegzug,2024,11,Schweizer,M,33,Schweiz,Schweiz,BS,Riehen,Europa (ohne Schweiz),Deutschland,Ausland,NA,basel,Riehen,europe,Germany
2024-11,Zuzug,2024,11,Ausländer,M,33,Europa (ohne Schweiz),Deutschland,NA,NA,Schweiz,Schweiz,BS,Matthäus,europe,Germany,basel,Matthäus
2024-11,Zuzug,2024,11,Ausländer,W,33,Europa (ohne Schweiz),Deutschland,NA,NA,Schweiz,Schweiz,BS,Wettstein,europe,Germany,basel,Wettstein
2024-11,Zuzug,2024,11,Schweizer,W,33,Schweiz,Schweiz,BL,NA,Schweiz,Schweiz,BS,Bruderholz,switzerland,Basel-Landschaft,basel,Bruderholz
2024-11,Zuzug,2024,11,Schweizer,M,33,Schweiz,Schweiz,LU,NA,Schweiz,Schweiz,BS,Gundeldingen,switzerland,Luzern,basel,Gundeldingen
2024-11,Zuzug,2024,11,Schweizer,W,33,Schweiz,Schweiz,ZH,NA,Schweiz,Schweiz,BS,Riehen,switzerland,Zürich,basel,Riehen
2024-11,Zuzug,2024,11,Ausländer,M,33,Europa (ohne Schweiz),Frankreich,NA,NA,Schweiz,Schweiz,BS,St. Johann,europe,France,basel,St. Johann
2024-11,Zuzug,2024,11,Ausländer,M,33,Europa (ohne Schweiz),Italien,NA,NA,Schweiz,Schweiz,BS,Bachletten,europe,Italy,basel,Bachletten
2024-11,Wegzug,2024,11,Schweizer,W,33,Schweiz,Schweiz,BS,Iselin,Schweiz,Schweiz,BL,NA,basel,Iselin,switzerland,Basel-Landschaft
2024-11,Wegzug,2024,11,Schweizer,W,33,Schweiz,Schweiz,BS,Matthäus,Schweiz,Schweiz,ZH,NA,basel,Matthäus,switzerland,Zürich
2024-11,Wegzug,2024,11,Ausländer,W,33,Schweiz,Schweiz,BS,Gundeldingen,Schweiz,Schweiz,GR,NA,basel,Gundeldingen,switzerland,Graubünden
2024-11,Wegzug,2024,11,Schweizer,M,33,Schweiz,Schweiz,BS,Gotthelf,Schweiz,Schweiz,BL,NA,basel,Gotthelf,switzerland,Basel-Landschaft
2024-11,Wegzug,2024,11,Schweizer,W,33,Schweiz,Schweiz,BS,Matthäus,Schweiz,Schweiz,BL,NA,basel,Matthäus,switzerland,Basel-Landschaft
2024-11,Wegzug,2024,11,Schweizer,W,33,Schweiz,Schweiz,BS,Am Ring,Europa (ohne Schweiz),Grossbritannien,Ausland,NA,basel,Am Ring,europe,United Kingdom
2024-11,Wegzug,2024,11,Schweizer,W,33,Schweiz,Schweiz,BS,Vorstädte,Schweiz,Schweiz,BL,NA,basel,Vorstädte,switzerland,Basel-Landschaft
2024-11,Wegzug,2024,11,Schweizer,M,33,Schweiz,Schweiz,BS,Gundeldingen,Schweiz,Schweiz,BL,NA,basel,Gundeldingen,switzerland,Basel-Landschaft
2024-11,Wegzug,2024,11,Schweizer,W,33,Schweiz,Schweiz,BS,Gotthelf,Europa (ohne Schweiz),Frankreich,Ausland,NA,basel,Gotthelf,europe,France
2024-11,Wegzug,2024,11,Ausländer,W,33,Schweiz,Schweiz,BS,Vorstädte,Schweiz,Schweiz,LU,NA,basel,Vorstädte,switzerland,Luzern
2024-11,Wegzug,2024,11,Schweizer,M,33,Schweiz,Schweiz,BS,Matthäus,Schweiz,Schweiz,ZH,NA,basel,Matthäus,switzerland,Zürich
2024-11,Wegzug,2024,11,Schweizer,M,33,Schweiz,Schweiz,BS,Iselin,Schweiz,Schweiz,BL,NA,basel,Iselin,switzerland,Basel-Landschaft
2024-11,Wegzug,2024,11,Schweizer,M,33,Schweiz,Schweiz,BS,Altstadt Kleinbasel,Schweiz,Schweiz,BL,NA,basel,Altstadt Kleinbasel,switzerland,Basel-Landschaft
2024-11,Wegzug,2024,11,Ausländer,W,33,Schweiz,Schweiz,BS,St. Johann,Lateinamerika und Karibik,Brasilien,Ausland,NA,basel,St. Johann,world,Brazil
2024-11,Wegzug,2024,11,Ausländer,M,33,Schweiz,Schweiz,BS,Vorstädte,NA,NA,NA,NA,basel,Vorstädte,NA,NA
2024-11,Wegzug,2024,11,Ausländer,M,33,Schweiz,Schweiz,BS,Gundeldingen,Schweiz,Schweiz,ZH,NA,basel,Gundeldingen,switzerland,Zürich
2024-11,Wegzug,2024,11,Schweizer,W,33,Schweiz,Schweiz,BS,Iselin,Schweiz,Schweiz,BL,NA,basel,Iselin,switzerland,Basel-Landschaft
2024-11,Wegzug,2024,11,Schweizer,M,33,Schweiz,Schweiz,BS,Rosental,Schweiz,Schweiz,AG,NA,basel,Rosental,switzerland,Aargau
2024-11,Wegzug,2024,11,Schweizer,W,33,Schweiz,Schweiz,BS,Hirzbrunnen,Schweiz,Schweiz,BL,NA,basel,Hirzbrunnen,switzerland,Basel-Landschaft
2024-11,Wegzug,2024,11,Schweizer,M,33,Schweiz,Schweiz,BS,Klybeck,Europa (ohne Schweiz),Dänemark,Ausland,NA,basel,Klybeck,europe,Denmark
2024-11,Wegzug,2024,11,Schweizer,W,33,Schweiz,Schweiz,BS,Matthäus,Schweiz,Schweiz,LU,NA,basel,Matthäus,switzerland,Luzern
2024-11,Wegzug,2024,11,Schweizer,W,33,Schweiz,Schweiz,BS,Klybeck,Schweiz,Schweiz,BL,NA,basel,Klybeck,switzerland,Basel-Landschaft
2024-11,Zuzug,2024,11,Ausländer,M,33,Europa (ohne Schweiz),Portugal,NA,NA,Schweiz,Schweiz,BS,Matthäus,europe,Portugal,basel,Matthäus
2024-11,Zuzug,2024,11,Ausländer,M,33,Europa (ohne Schweiz),Deutschland,NA,NA,Schweiz,Schweiz,BS,St. Johann,europe,Germany,basel,St. Johann
2024-11,Zuzug,2024,11,Schweizer,W,33,Schweiz,Schweiz,LU,NA,Schweiz,Schweiz,BS,Gundeldingen,switzerland,Luzern,basel,Gundeldingen
2024-11,Zuzug,2024,11,Ausländer,W,33,Europa (ohne Schweiz),Kosovo,NA,NA,Schweiz,Schweiz,BS,Gotthelf,europe,Kosovo,basel,Gotthelf
2024-11,Zuzug,2024,11,Ausländer,W,33,Europa (ohne Schweiz),Deutschland,NA,NA,Schweiz,Schweiz,BS,Hirzbrunnen,europe,Germany,basel,Hirzbrunnen
2024-11,Zuzug,2024,11,Ausländer,M,33,Nordamerika,Vereinigte Staaten von Amerika,NA,NA,Schweiz,Schweiz,BS,Rosental,world,United States of America,basel,Rosental
2024-11,Zuzug,2024,11,Ausländer,M,34,Schweiz,Schweiz,BL,NA,Schweiz,Schweiz,BS,Rosental,switzerland,Basel-Landschaft,basel,Rosental
2024-11,Zuzug,2024,11,Ausländer,W,34,Europa (ohne Schweiz),Deutschland,NA,NA,Schweiz,Schweiz,BS,Gundeldingen,europe,Germany,basel,Gundeldingen
2024-11,Zuzug,2024,11,Schweizer,W,34,Schweiz,Schweiz,BL,NA,Schweiz,Schweiz,BS,St. Alban,switzerland,Basel-Landschaft,basel,St. Alban
2024-11,Zuzug,2024,11,Ausländer,W,34,Europa (ohne Schweiz),Niederlande,NA,NA,Schweiz,Schweiz,BS,Gundeldingen,europe,Netherlands,basel,Gundeldingen
2024-11,Zuzug,2024,11,Ausländer,M,34,Schweiz,Schweiz,AG,NA,Schweiz,Schweiz,BS,St. Johann,switzerland,Aargau,basel,St. Johann
2024-11,Zuzug,2024,11,Ausländer,W,34,Schweiz,Schweiz,BL,NA,Schweiz,Schweiz,BS,Matthäus,switzerland,Basel-Landschaft,basel,Matthäus
2024-11,Zuzug,2024,11,Ausländer,M,34,Schweiz,Schweiz,SO,NA,Schweiz,Schweiz,BS,Klybeck,switzerland,Solothurn,basel,Klybeck
2024-11,Zuzug,2024,11,Ausländer,M,34,Schweiz,Schweiz,ZH,NA,Schweiz,Schweiz,BS,Hirzbrunnen,switzerland,Zürich,basel,Hirzbrunnen
2024-11,Wegzug,2024,11,Schweizer,M,34,Schweiz,Schweiz,BS,St. Alban,Schweiz,Schweiz,BL,NA,basel,St. Alban,switzerland,Basel-Landschaft
2024-11,Wegzug,2024,11,Ausländer,M,34,Schweiz,Schweiz,BS,Am Ring,Asien,Indien,Ausland,NA,basel,Am Ring,world,India
2024-11,Wegzug,2024,11,Schweizer,M,34,Schweiz,Schweiz,BS,Gundeldingen,Schweiz,Schweiz,AG,NA,basel,Gundeldingen,switzerland,Aargau
2024-11,Wegzug,2024,11,Ausländer,W,34,Schweiz,Schweiz,BS,Rosental,Asien,China,Ausland,NA,basel,Rosental,world,China
2024-11,Wegzug,2024,11,Schweizer,W,34,Schweiz,Schweiz,BS,Rosental,Schweiz,Schweiz,AG,NA,basel,Rosental,switzerland,Aargau
2024-11,Wegzug,2024,11,Ausländer,W,34,Schweiz,Schweiz,BS,Clara,Schweiz,Schweiz,SG,NA,basel,Clara,switzerland,St. Gallen
2024-11,Wegzug,2024,11,Schweizer,W,34,Schweiz,Schweiz,BS,Gundeldingen,Schweiz,Schweiz,BL,NA,basel,Gundeldingen,switzerland,Basel-Landschaft
2024-11,Wegzug,2024,11,Ausländer,W,34,Schweiz,Schweiz,BS,Clara,Schweiz,Schweiz,BL,NA,basel,Clara,switzerland,Basel-Landschaft
2024-11,Wegzug,2024,11,Ausländer,W,34,Schweiz,Schweiz,BS,St. Alban,Schweiz,Schweiz,BL,NA,basel,St. Alban,switzerland,Basel-Landschaft
2024-11,Wegzug,2024,11,Ausländer,W,34,Schweiz,Schweiz,BS,Hirzbrunnen,Schweiz,Schweiz,AG,NA,basel,Hirzbrunnen,switzerland,Aargau
2024-11,Zuzug,2024,11,Ausländer,M,34,Asien,Korea (Süd-),NA,NA,Schweiz,Schweiz,BS,St. Johann,world,South Korea,basel,St. Johann
2024-11,Zuzug,2024,11,Ausländer,M,34,Europa (ohne Schweiz),Deutschland,NA,NA,Schweiz,Schweiz,BS,Matthäus,europe,Germany,basel,Matthäus
2024-11,Zuzug,2024,11,Ausländer,W,34,Lateinamerika und Karibik,Chile,NA,NA,Schweiz,Schweiz,BS,St. Johann,world,Chile,basel,St. Johann
2024-11,Zuzug,2024,11,Ausländer,W,34,Schweiz,Schweiz,BE,NA,Schweiz,Schweiz,BS,Iselin,switzerland,Bern,basel,Iselin
2024-11,Wegzug,2024,11,Ausländer,W,34,Schweiz,Schweiz,BS,Wettstein,Europa (ohne Schweiz),Italien,Ausland,NA,basel,Wettstein,europe,Italy
2024-11,Wegzug,2024,11,Ausländer,W,34,Schweiz,Schweiz,BS,St. Alban,Schweiz,Schweiz,ZH,NA,basel,St. Alban,switzerland,Zürich
2024-11,Wegzug,2024,11,Schweizer,M,34,Schweiz,Schweiz,BS,Bachletten,Schweiz,Schweiz,ZG,NA,basel,Bachletten,switzerland,Zug
2024-11,Wegzug,2024,11,Schweizer,W,34,Schweiz,Schweiz,BS,Riehen,Schweiz,Schweiz,BL,NA,basel,Riehen,switzerland,Basel-Landschaft
2024-11,Wegzug,2024,11,Ausländer,W,34,Schweiz,Schweiz,BS,St. Johann,Europa (ohne Schweiz),Frankreich,Ausland,NA,basel,St. Johann,europe,France
2024-11,Wegzug,2024,11,Ausländer,W,34,Schweiz,Schweiz,BS,Bruderholz,Schweiz,Schweiz,VS,NA,basel,Bruderholz,switzerland,Valais
2024-11,Zuzug,2024,11,Ausländer,M,34,Europa (ohne Schweiz),Deutschland,NA,NA,Schweiz,Schweiz,BS,St. Johann,europe,Germany,basel,St. Johann
2024-11,Zuzug,2024,11,Ausländer,M,34,Europa (ohne Schweiz),Spanien,NA,NA,Schweiz,Schweiz,BS,Am Ring,europe,Spain,basel,Am Ring
2024-11,Zuzug,2024,11,Schweizer,M,34,Schweiz,Schweiz,BL,NA,Schweiz,Schweiz,BS,Iselin,switzerland,Basel-Landschaft,basel,Iselin
2024-11,Zuzug,2024,11,Schweizer,M,34,Europa (ohne Schweiz),Deutschland,NA,NA,Schweiz,Schweiz,BS,Matthäus,europe,Germany,basel,Matthäus
2024-11,Zuzug,2024,11,Schweizer,W,34,Schweiz,Schweiz,LU,NA,Schweiz,Schweiz,BS,Wettstein,switzerland,Luzern,basel,Wettstein
2024-11,Zuzug,2024,11,Schweizer,W,34,NA,NA,NA,NA,Schweiz,Schweiz,BS,Gotthelf,NA,NA,basel,Gotthelf
2024-11,Zuzug,2024,11,Ausländer,W,34,Nordamerika,Vereinigte Staaten von Amerika,NA,NA,Schweiz,Schweiz,BS,Vorstädte,world,United States of America,basel,Vorstädte
2024-11,Zuzug,2024,11,Ausländer,W,34,Europa (ohne Schweiz),Niederlande,NA,NA,Schweiz,Schweiz,BS,Gundeldingen,europe,Netherlands,basel,Gundeldingen
2024-11,Zuzug,2024,11,Ausländer,M,34,Europa (ohne Schweiz),Grossbritannien,NA,NA,Schweiz,Schweiz,BS,Gundeldingen,europe,United Kingdom,basel,Gundeldingen
2024-11,Zuzug,2024,11,Ausländer,M,34,Schweiz,Schweiz,VS,NA,Schweiz,Schweiz,BS,Gundeldingen,switzerland,Valais,basel,Gundeldingen
2024-11,Zuzug,2024,11,Ausländer,M,34,Schweiz,Schweiz,AG,NA,Schweiz,Schweiz,BS,St. Johann,switzerland,Aargau,basel,St. Johann
2024-11,Zuzug,2024,11,Ausländer,M,34,Europa (ohne Schweiz),Deutschland,NA,NA,Schweiz,Schweiz,BS,Matthäus,europe,Germany,basel,Matthäus
2024-11,Zuzug,2024,11,Ausländer,W,35,Europa (ohne Schweiz),Ungarn,NA,NA,Schweiz,Schweiz,BS,Matthäus,europe,Hungary,basel,Matthäus
2024-11,Zuzug,2024,11,Ausländer,W,35,Europa (ohne Schweiz),Rumänien,NA,NA,Schweiz,Schweiz,BS,Riehen,europe,Romania,basel,Riehen
2024-11,Zuzug,2024,11,Ausländer,W,35,Europa (ohne Schweiz),Frankreich,NA,NA,Schweiz,Schweiz,BS,Rosental,europe,France,basel,Rosental
2024-11,Zuzug,2024,11,Ausländer,W,35,Europa (ohne Schweiz),Frankreich,NA,NA,Schweiz,Schweiz,BS,St. Johann,europe,France,basel,St. Johann
2024-11,Zuzug,2024,11,Ausländer,W,35,Nordamerika,Vereinigte Staaten von Amerika,NA,NA,Schweiz,Schweiz,BS,Am Ring,world,United States of America,basel,Am Ring
2024-11,Zuzug,2024,11,Ausländer,W,35,Schweiz,Schweiz,ZH,NA,Schweiz,Schweiz,BS,Gundeldingen,switzerland,Zürich,basel,Gundeldingen
2024-11,Zuzug,2024,11,Schweizer,M,35,Schweiz,Schweiz,ZG,NA,Schweiz,Schweiz,BS,Bachletten,switzerland,Zug,basel,Bachletten
2024-11,Wegzug,2024,11,Ausländer,W,35,Schweiz,Schweiz,BS,Gundeldingen,Schweiz,Schweiz,BL,NA,basel,Gundeldingen,switzerland,Basel-Landschaft
2024-11,Wegzug,2024,11,Schweizer,M,35,Schweiz,Schweiz,BS,Matthäus,Schweiz,Schweiz,TG,NA,basel,Matthäus,switzerland,Thurgau
2024-11,Wegzug,2024,11,Schweizer,M,35,Schweiz,Schweiz,BS,Iselin,Schweiz,Schweiz,BL,NA,basel,Iselin,switzerland,Basel-Landschaft
2024-11,Wegzug,2024,11,Ausländer,M,35,Schweiz,Schweiz,BS,Gotthelf,Schweiz,Schweiz,BL,NA,basel,Gotthelf,switzerland,Basel-Landschaft
2024-11,Wegzug,2024,11,Ausländer,M,35,Schweiz,Schweiz,BS,Altstadt Grossbasel,Schweiz,Schweiz,ZH,NA,basel,Altstadt Grossbasel,switzerland,Zürich
2024-11,Wegzug,2024,11,Ausländer,W,35,Schweiz,Schweiz,BS,Breite,Schweiz,Schweiz,BL,NA,basel,Breite,switzerland,Basel-Landschaft
2024-11,Wegzug,2024,11,Ausländer,M,35,Schweiz,Schweiz,BS,Am Ring,Schweiz,Schweiz,BL,NA,basel,Am Ring,switzerland,Basel-Landschaft
2024-11,Wegzug,2024,11,Ausländer,W,35,Schweiz,Schweiz,BS,St. Johann,Schweiz,Schweiz,BL,NA,basel,St. Johann,switzerland,Basel-Landschaft
2024-11,Wegzug,2024,11,Ausländer,W,35,Schweiz,Schweiz,BS,Gundeldingen,Schweiz,Schweiz,BL,NA,basel,Gundeldingen,switzerland,Basel-Landschaft
2024-11,Wegzug,2024,11,Ausländer,M,35,Schweiz,Schweiz,BS,St. Alban,Schweiz,Schweiz,BL,NA,basel,St. Alban,switzerland,Basel-Landschaft
2024-11,Wegzug,2024,11,Schweizer,W,35,Schweiz,Schweiz,BS,St. Alban,Schweiz,Schweiz,BL,NA,basel,St. Alban,switzerland,Basel-Landschaft
2024-11,Zuzug,2024,11,Ausländer,W,35,Europa (ohne Schweiz),Deutschland,NA,NA,Schweiz,Schweiz,BS,Riehen,europe,Germany,basel,Riehen
2024-11,Zuzug,2024,11,Ausländer,M,35,Asien,Katar,NA,NA,Schweiz,Schweiz,BS,St. Alban,world,Qatar,basel,St. Alban
2024-11,Zuzug,2024,11,Ausländer,M,35,Schweiz,Schweiz,BL,NA,Schweiz,Schweiz,BS,St. Alban,switzerland,Basel-Landschaft,basel,St. Alban
2024-11,Zuzug,2024,11,Ausländer,W,35,Asien,China,NA,NA,Schweiz,Schweiz,BS,St. Alban,world,China,basel,St. Alban
2024-11,Zuzug,2024,11,Ausländer,W,35,Europa (ohne Schweiz),Niederlande,NA,NA,Schweiz,Schweiz,BS,St. Alban,europe,Netherlands,basel,St. Alban
2024-11,Zuzug,2024,11,Ausländer,M,35,Asien,Singapur,NA,NA,Schweiz,Schweiz,BS,Iselin,world,Malaysia,basel,Iselin
2024-11,Zuzug,2024,11,Schweizer,W,35,Schweiz,Schweiz,BE,NA,Schweiz,Schweiz,BS,St. Alban,switzerland,Bern,basel,St. Alban
2024-11,Zuzug,2024,11,Schweizer,W,35,Schweiz,Schweiz,AG,NA,Schweiz,Schweiz,BS,Hirzbrunnen,switzerland,Aargau,basel,Hirzbrunnen
2024-11,Wegzug,2024,11,Schweizer,W,35,Schweiz,Schweiz,BS,Gundeldingen,Schweiz,Schweiz,BL,NA,basel,Gundeldingen,switzerland,Basel-Landschaft
2024-11,Wegzug,2024,11,Schweizer,W,35,Schweiz,Schweiz,BS,Gundeldingen,Schweiz,Schweiz,BL,NA,basel,Gundeldingen,switzerland,Basel-Landschaft
2024-11,Wegzug,2024,11,Ausländer,M,35,Schweiz,Schweiz,BS,Matthäus,Nordamerika,Vereinigte Staaten von Amerika,Ausland,NA,basel,Matthäus,world,United States of America
2024-11,Wegzug,2024,11,Ausländer,W,35,Schweiz,Schweiz,BS,Gundeldingen,Asien,Indien,Ausland,NA,basel,Gundeldingen,world,India
2024-11,Wegzug,2024,11,Ausländer,W,35,Schweiz,Schweiz,BS,Riehen,Europa (ohne Schweiz),Frankreich,Ausland,NA,basel,Riehen,europe,France
2024-11,Wegzug,2024,11,Schweizer,W,35,Schweiz,Schweiz,BS,Klybeck,Schweiz,Schweiz,BL,NA,basel,Klybeck,switzerland,Basel-Landschaft
2024-11,Wegzug,2024,11,Schweizer,M,35,Schweiz,Schweiz,BS,Bachletten,Schweiz,Schweiz,BL,NA,basel,Bachletten,switzerland,Basel-Landschaft
2024-11,Wegzug,2024,11,Ausländer,W,35,Schweiz,Schweiz,BS,Altstadt Kleinbasel,Europa (ohne Schweiz),Frankreich,Ausland,NA,basel,Altstadt Kleinbasel,europe,France
2024-11,Wegzug,2024,11,Ausländer,W,35,Schweiz,Schweiz,BS,Bachletten,Schweiz,Schweiz,AG,NA,basel,Bachletten,switzerland,Aargau
2024-11,Wegzug,2024,11,Ausländer,M,35,Schweiz,Schweiz,BS,Matthäus,NA,NA,NA,NA,basel,Matthäus,NA,NA
2024-11,Wegzug,2024,11,Ausländer,M,35,Schweiz,Schweiz,BS,St. Johann,Schweiz,Schweiz,BL,NA,basel,St. Johann,switzerland,Basel-Landschaft
2024-11,Wegzug,2024,11,Ausländer,M,35,Schweiz,Schweiz,BS,Matthäus,Asien,China,Ausland,NA,basel,Matthäus,world,China
2024-11,Wegzug,2024,11,Schweizer,W,35,Schweiz,Schweiz,BS,Bachletten,Schweiz,Schweiz,ZH,NA,basel,Bachletten,switzerland,Zürich
2024-11,Wegzug,2024,11,Ausländer,M,35,Schweiz,Schweiz,BS,Matthäus,Schweiz,Schweiz,ZH,NA,basel,Matthäus,switzerland,Zürich
2024-11,Wegzug,2024,11,Ausländer,M,35,Schweiz,Schweiz,BS,St. Johann,Europa (ohne Schweiz),Grossbritannien,Ausland,NA,basel,St. Johann,europe,United Kingdom
2024-11,Wegzug,2024,11,Ausländer,M,35,Schweiz,Schweiz,BS,Iselin,Schweiz,Schweiz,AG,NA,basel,Iselin,switzerland,Aargau
2024-11,Wegzug,2024,11,Schweizer,M,35,Schweiz,Schweiz,BS,Iselin,NA,NA,NA,NA,basel,Iselin,NA,NA
2024-11,Wegzug,2024,11,Ausländer,W,35,Schweiz,Schweiz,BS,Matthäus,Asien,Indien,Ausland,NA,basel,Matthäus,world,India
2024-11,Wegzug,2024,11,Ausländer,M,35,Schweiz,Schweiz,BS,Rosental,Asien,Indien,Ausland,NA,basel,Rosental,world,India
2024-11,Wegzug,2024,11,Ausländer,W,35,Schweiz,Schweiz,BS,St. Alban,Schweiz,Schweiz,BL,NA,basel,St. Alban,switzerland,Basel-Landschaft
2024-11,Zuzug,2024,11,Ausländer,M,35,Europa (ohne Schweiz),Italien,NA,NA,Schweiz,Schweiz,BS,St. Alban,europe,Italy,basel,St. Alban
2024-11,Zuzug,2024,11,Ausländer,M,35,Europa (ohne Schweiz),Deutschland,NA,NA,Schweiz,Schweiz,BS,Rosental,europe,Germany,basel,Rosental
2024-11,Zuzug,2024,11,Schweizer,M,35,Schweiz,Schweiz,BL,NA,Schweiz,Schweiz,BS,St. Johann,switzerland,Basel-Landschaft,basel,St. Johann
2024-11,Zuzug,2024,11,Schweizer,M,35,Schweiz,Schweiz,AG,NA,Schweiz,Schweiz,BS,Breite,switzerland,Aargau,basel,Breite
2024-11,Zuzug,2024,11,Schweizer,M,35,Schweiz,Schweiz,BL,NA,Schweiz,Schweiz,BS,St. Alban,switzerland,Basel-Landschaft,basel,St. Alban
2024-11,Zuzug,2024,11,Ausländer,W,35,Lateinamerika und Karibik,Kolumbien,NA,NA,Schweiz,Schweiz,BS,Gundeldingen,world,Colombia,basel,Gundeldingen
2024-11,Zuzug,2024,11,Ausländer,W,35,Europa (ohne Schweiz),Ungarn,NA,NA,Schweiz,Schweiz,BS,Vorstädte,europe,Hungary,basel,Vorstädte
2024-11,Zuzug,2024,11,Schweizer,W,35,Schweiz,Schweiz,SG,NA,Schweiz,Schweiz,BS,Gundeldingen,switzerland,St. Gallen,basel,Gundeldingen
2024-11,Zuzug,2024,11,Ausländer,W,35,Europa (ohne Schweiz),Deutschland,NA,NA,Schweiz,Schweiz,BS,Riehen,europe,Germany,basel,Riehen
2024-11,Zuzug,2024,11,Schweizer,M,36,Lateinamerika und Karibik,Brasilien,NA,NA,Schweiz,Schweiz,BS,St. Johann,world,Brazil,basel,St. Johann
2024-11,Zuzug,2024,11,Ausländer,M,36,Europa (ohne Schweiz),Spanien,NA,NA,Schweiz,Schweiz,BS,Am Ring,europe,Spain,basel,Am Ring
2024-11,Zuzug,2024,11,Ausländer,W,36,Schweiz,Schweiz,BL,NA,Schweiz,Schweiz,BS,Bruderholz,switzerland,Basel-Landschaft,basel,Bruderholz
2024-11,Zuzug,2024,11,Ausländer,W,36,Asien,Indonesien,NA,NA,Schweiz,Schweiz,BS,Gundeldingen,world,Indonesia,basel,Gundeldingen
2024-11,Zuzug,2024,11,Schweizer,W,36,Schweiz,Schweiz,SO,NA,Schweiz,Schweiz,BS,St. Johann,switzerland,Solothurn,basel,St. Johann
2024-11,Zuzug,2024,11,Ausländer,M,36,Nordamerika,Vereinigte Staaten von Amerika,NA,NA,Schweiz,Schweiz,BS,St. Alban,world,United States of America,basel,St. Alban
2024-11,Wegzug,2024,11,Schweizer,M,36,Schweiz,Schweiz,BS,St. Johann,Schweiz,Schweiz,BL,NA,basel,St. Johann,switzerland,Basel-Landschaft
2024-11,Wegzug,2024,11,Schweizer,W,36,Schweiz,Schweiz,BS,Gundeldingen,Schweiz,Schweiz,SO,NA,basel,Gundeldingen,switzerland,Solothurn
2024-11,Wegzug,2024,11,Ausländer,M,36,Schweiz,Schweiz,BS,Rosental,Europa (ohne Schweiz),Deutschland,Ausland,NA,basel,Rosental,europe,Germany
2024-11,Wegzug,2024,11,Schweizer,W,36,Schweiz,Schweiz,BS,Gundeldingen,Schweiz,Schweiz,BL,NA,basel,Gundeldingen,switzerland,Basel-Landschaft
2024-11,Wegzug,2024,11,Ausländer,W,36,Schweiz,Schweiz,BS,Matthäus,Schweiz,Schweiz,ZH,NA,basel,Matthäus,switzerland,Zürich
2024-11,Wegzug,2024,11,Ausländer,W,36,Schweiz,Schweiz,BS,Bachletten,Schweiz,Schweiz,ZH,NA,basel,Bachletten,switzerland,Zürich
2024-11,Zuzug,2024,11,Ausländer,M,36,Europa (ohne Schweiz),Deutschland,NA,NA,Schweiz,Schweiz,BS,Gundeldingen,europe,Germany,basel,Gundeldingen
2024-11,Zuzug,2024,11,Schweizer,M,36,Schweiz,Schweiz,LU,NA,Schweiz,Schweiz,BS,Kleinhüningen,switzerland,Luzern,basel,Kleinhüningen
2024-11,Zuzug,2024,11,Schweizer,M,36,Schweiz,Schweiz,BE,NA,Schweiz,Schweiz,BS,Vorstädte,switzerland,Bern,basel,Vorstädte
2024-11,Zuzug,2024,11,Ausländer,W,36,Europa (ohne Schweiz),Spanien,NA,NA,Schweiz,Schweiz,BS,Breite,europe,Spain,basel,Breite
2024-11,Wegzug,2024,11,Schweizer,W,36,Schweiz,Schweiz,BS,Bachletten,Schweiz,Schweiz,ZH,NA,basel,Bachletten,switzerland,Zürich
2024-11,Wegzug,2024,11,Schweizer,W,36,Schweiz,Schweiz,BS,St. Alban,Schweiz,Schweiz,BL,NA,basel,St. Alban,switzerland,Basel-Landschaft
2024-11,Wegzug,2024,11,Ausländer,W,36,Schweiz,Schweiz,BS,Bachletten,Europa (ohne Schweiz),Spanien,Ausland,NA,basel,Bachletten,europe,Spain
2024-11,Wegzug,2024,11,Ausländer,M,36,Schweiz,Schweiz,BS,Am Ring,Europa (ohne Schweiz),Oesterreich,Ausland,NA,basel,Am Ring,europe,Austria
2024-11,Wegzug,2024,11,Ausländer,W,36,Schweiz,Schweiz,BS,St. Johann,Schweiz,Schweiz,VS,NA,basel,St. Johann,switzerland,Valais
2024-11,Wegzug,2024,11,Schweizer,W,36,Schweiz,Schweiz,BS,Am Ring,Schweiz,Schweiz,BL,NA,basel,Am Ring,switzerland,Basel-Landschaft
2024-11,Wegzug,2024,11,Ausländer,M,36,Schweiz,Schweiz,BS,St. Alban,Europa (ohne Schweiz),Portugal,Ausland,NA,basel,St. Alban,europe,Portugal
2024-11,Wegzug,2024,11,Ausländer,W,36,Schweiz,Schweiz,BS,Am Ring,Schweiz,Schweiz,BL,NA,basel,Am Ring,switzerland,Basel-Landschaft
2024-11,Wegzug,2024,11,Ausländer,W,36,Schweiz,Schweiz,BS,Gundeldingen,Schweiz,Schweiz,ZH,NA,basel,Gundeldingen,switzerland,Zürich
2024-11,Wegzug,2024,11,Schweizer,W,36,Schweiz,Schweiz,BS,Matthäus,Schweiz,Schweiz,SO,NA,basel,Matthäus,switzerland,Solothurn
2024-11,Wegzug,2024,11,Schweizer,W,36,Schweiz,Schweiz,BS,St. Alban,Nordamerika,Kanada,Ausland,NA,basel,St. Alban,world,Canada
2024-11,Wegzug,2024,11,Ausländer,W,36,Schweiz,Schweiz,BS,St. Alban,Schweiz,Schweiz,BL,NA,basel,St. Alban,switzerland,Basel-Landschaft
2024-11,Wegzug,2024,11,Ausländer,M,36,Schweiz,Schweiz,BS,Iselin,Europa (ohne Schweiz),Deutschland,Ausland,NA,basel,Iselin,europe,Germany
2024-11,Wegzug,2024,11,Schweizer,W,36,Schweiz,Schweiz,BS,Iselin,Schweiz,Schweiz,BL,NA,basel,Iselin,switzerland,Basel-Landschaft
2024-11,Wegzug,2024,11,Ausländer,M,36,Schweiz,Schweiz,BS,Kleinhüningen,Schweiz,Schweiz,JU,NA,basel,Kleinhüningen,switzerland,Jura
2024-11,Wegzug,2024,11,Schweizer,M,36,Schweiz,Schweiz,BS,Gundeldingen,Schweiz,Schweiz,BL,NA,basel,Gundeldingen,switzerland,Basel-Landschaft
2024-11,Wegzug,2024,11,Ausländer,M,36,Schweiz,Schweiz,BS,Bruderholz,Europa (ohne Schweiz),Polen,Ausland,NA,basel,Bruderholz,europe,Poland
2024-11,Wegzug,2024,11,Ausländer,W,36,Schweiz,Schweiz,BS,Am Ring,Europa (ohne Schweiz),Grossbritannien,Ausland,NA,basel,Am Ring,europe,United Kingdom
2024-11,Wegzug,2024,11,Schweizer,W,36,Schweiz,Schweiz,BS,St. Johann,Schweiz,Schweiz,BL,NA,basel,St. Johann,switzerland,Basel-Landschaft
2024-11,Wegzug,2024,11,Ausländer,W,36,Schweiz,Schweiz,BS,Am Ring,Afrika,Nigeria,Ausland,NA,basel,Am Ring,world,Nigeria
2024-11,Wegzug,2024,11,Ausländer,W,36,Schweiz,Schweiz,BS,Iselin,Europa (ohne Schweiz),Spanien,Ausland,NA,basel,Iselin,europe,Spain
2024-11,Wegzug,2024,11,Schweizer,M,36,Schweiz,Schweiz,BS,St. Johann,Schweiz,Schweiz,BL,NA,basel,St. Johann,switzerland,Basel-Landschaft
2024-11,Wegzug,2024,11,Schweizer,M,36,Schweiz,Schweiz,BS,Breite,Schweiz,Schweiz,BL,NA,basel,Breite,switzerland,Basel-Landschaft
2024-11,Wegzug,2024,11,Schweizer,M,36,Schweiz,Schweiz,BS,Matthäus,Schweiz,Schweiz,ZG,NA,basel,Matthäus,switzerland,Zug
2024-11,Zuzug,2024,11,Ausländer,W,36,Europa (ohne Schweiz),Deutschland,NA,NA,Schweiz,Schweiz,BS,Clara,europe,Germany,basel,Clara
2024-11,Zuzug,2024,11,Ausländer,W,36,Schweiz,Schweiz,ZH,NA,Schweiz,Schweiz,BS,Rosental,switzerland,Zürich,basel,Rosental
2024-11,Zuzug,2024,11,Ausländer,M,37,Schweiz,Schweiz,BL,NA,Schweiz,Schweiz,BS,St. Johann,switzerland,Basel-Landschaft,basel,St. Johann
2024-11,Zuzug,2024,11,Ausländer,W,37,Europa (ohne Schweiz),Deutschland,NA,NA,Schweiz,Schweiz,BS,Rosental,europe,Germany,basel,Rosental
2024-11,Zuzug,2024,11,Ausländer,W,37,Schweiz,Schweiz,BL,NA,Schweiz,Schweiz,BS,Breite,switzerland,Basel-Landschaft,basel,Breite
2024-11,Wegzug,2024,11,Schweizer,W,37,Schweiz,Schweiz,BS,Gundeldingen,Schweiz,Schweiz,BL,NA,basel,Gundeldingen,switzerland,Basel-Landschaft
2024-11,Wegzug,2024,11,Ausländer,M,37,Schweiz,Schweiz,BS,Bachletten,Europa (ohne Schweiz),Spanien,Ausland,NA,basel,Bachletten,europe,Spain
2024-11,Wegzug,2024,11,Ausländer,M,37,Schweiz,Schweiz,BS,Matthäus,Europa (ohne Schweiz),Portugal,Ausland,NA,basel,Matthäus,europe,Portugal
2024-11,Wegzug,2024,11,Schweizer,M,37,Schweiz,Schweiz,BS,Gundeldingen,Schweiz,Schweiz,BL,NA,basel,Gundeldingen,switzerland,Basel-Landschaft
2024-11,Wegzug,2024,11,Schweizer,M,37,Schweiz,Schweiz,BS,Rosental,Schweiz,Schweiz,BL,NA,basel,Rosental,switzerland,Basel-Landschaft
2024-11,Wegzug,2024,11,Ausländer,W,37,Schweiz,Schweiz,BS,Bachletten,Schweiz,Schweiz,BE,NA,basel,Bachletten,switzerland,Bern
2024-11,Wegzug,2024,11,Ausländer,M,37,Schweiz,Schweiz,BS,St. Alban,Schweiz,Schweiz,BE,NA,basel,St. Alban,switzerland,Bern
2024-11,Wegzug,2024,11,Ausländer,W,37,Schweiz,Schweiz,BS,Gundeldingen,Schweiz,Schweiz,BL,NA,basel,Gundeldingen,switzerland,Basel-Landschaft
2024-11,Wegzug,2024,11,Schweizer,M,37,Schweiz,Schweiz,BS,Gundeldingen,Schweiz,Schweiz,SO,NA,basel,Gundeldingen,switzerland,Solothurn
2024-11,Zuzug,2024,11,Ausländer,M,37,Europa (ohne Schweiz),Grossbritannien,NA,NA,Schweiz,Schweiz,BS,Gundeldingen,europe,United Kingdom,basel,Gundeldingen
2024-11,Zuzug,2024,11,Ausländer,M,37,Europa (ohne Schweiz),Spanien,NA,NA,Schweiz,Schweiz,BS,Rosental,europe,Spain,basel,Rosental
2024-11,Zuzug,2024,11,Ausländer,M,37,Schweiz,Schweiz,BL,NA,Schweiz,Schweiz,BS,Bachletten,switzerland,Basel-Landschaft,basel,Bachletten
2024-11,Zuzug,2024,11,Ausländer,M,37,Asien,China,NA,NA,Schweiz,Schweiz,BS,St. Alban,world,China,basel,St. Alban
2024-11,Zuzug,2024,11,Ausländer,M,37,Europa (ohne Schweiz),Frankreich,NA,NA,Schweiz,Schweiz,BS,Klybeck,europe,France,basel,Klybeck
2024-11,Zuzug,2024,11,Ausländer,W,37,Europa (ohne Schweiz),Deutschland,NA,NA,Schweiz,Schweiz,BS,Riehen,europe,Germany,basel,Riehen
2024-11,Zuzug,2024,11,Schweizer,M,37,Schweiz,Schweiz,BE,NA,Schweiz,Schweiz,BS,Iselin,switzerland,Bern,basel,Iselin
2024-11,Zuzug,2024,11,Schweizer,W,37,Schweiz,Schweiz,LU,NA,Schweiz,Schweiz,BS,Am Ring,switzerland,Luzern,basel,Am Ring
2024-11,Zuzug,2024,11,Schweizer,W,37,Schweiz,Schweiz,BL,NA,Schweiz,Schweiz,BS,St. Johann,switzerland,Basel-Landschaft,basel,St. Johann
2024-11,Zuzug,2024,11,Ausländer,W,37,Schweiz,Schweiz,ZH,NA,Schweiz,Schweiz,BS,St. Johann,switzerland,Zürich,basel,St. Johann
2024-11,Zuzug,2024,11,Ausländer,W,37,Asien,Singapur,NA,NA,Schweiz,Schweiz,BS,Iselin,world,Malaysia,basel,Iselin
2024-11,Zuzug,2024,11,Ausländer,M,37,Schweiz,Schweiz,AG,NA,Schweiz,Schweiz,BS,Bachletten,switzerland,Aargau,basel,Bachletten
2024-11,Zuzug,2024,11,Ausländer,W,37,Europa (ohne Schweiz),Deutschland,NA,NA,Schweiz,Schweiz,BS,Gotthelf,europe,Germany,basel,Gotthelf
2024-11,Zuzug,2024,11,Ausländer,W,37,Schweiz,Schweiz,BL,NA,Schweiz,Schweiz,BS,Gotthelf,switzerland,Basel-Landschaft,basel,Gotthelf
2024-11,Wegzug,2024,11,Schweizer,M,37,Schweiz,Schweiz,BS,Bruderholz,NA,NA,NA,NA,basel,Bruderholz,NA,NA
2024-11,Wegzug,2024,11,Ausländer,M,37,Schweiz,Schweiz,BS,St. Alban,Europa (ohne Schweiz),Spanien,Ausland,NA,basel,St. Alban,europe,Spain
2024-11,Wegzug,2024,11,Ausländer,M,37,Schweiz,Schweiz,BS,Riehen,Europa (ohne Schweiz),Deutschland,Ausland,NA,basel,Riehen,europe,Germany
2024-11,Wegzug,2024,11,Ausländer,M,37,Schweiz,Schweiz,BS,St. Johann,NA,NA,NA,NA,basel,St. Johann,NA,NA
2024-11,Wegzug,2024,11,Ausländer,W,37,Schweiz,Schweiz,BS,Gundeldingen,Schweiz,Schweiz,BL,NA,basel,Gundeldingen,switzerland,Basel-Landschaft
2024-11,Wegzug,2024,11,Ausländer,W,37,Schweiz,Schweiz,BS,St. Alban,Schweiz,Schweiz,BL,NA,basel,St. Alban,switzerland,Basel-Landschaft
2024-11,Wegzug,2024,11,Ausländer,W,37,Schweiz,Schweiz,BS,Iselin,Europa (ohne Schweiz),Niederlande,Ausland,NA,basel,Iselin,europe,Netherlands
2024-11,Wegzug,2024,11,Ausländer,W,37,Schweiz,Schweiz,BS,St. Johann,Europa (ohne Schweiz),Belgien,Ausland,NA,basel,St. Johann,europe,Belgium
2024-11,Wegzug,2024,11,Schweizer,W,37,Schweiz,Schweiz,BS,St. Johann,Schweiz,Schweiz,BE,NA,basel,St. Johann,switzerland,Bern
2024-11,Wegzug,2024,11,Ausländer,W,37,Schweiz,Schweiz,BS,Bruderholz,Schweiz,Schweiz,BL,NA,basel,Bruderholz,switzerland,Basel-Landschaft
2024-11,Wegzug,2024,11,Ausländer,W,37,Schweiz,Schweiz,BS,Riehen,Europa (ohne Schweiz),Deutschland,Ausland,NA,basel,Riehen,europe,Germany
2024-11,Wegzug,2024,11,Ausländer,M,37,Schweiz,Schweiz,BS,Bachletten,Schweiz,Schweiz,ZH,NA,basel,Bachletten,switzerland,Zürich
2024-11,Wegzug,2024,11,Schweizer,W,37,Schweiz,Schweiz,BS,Riehen,Europa (ohne Schweiz),Deutschland,Ausland,NA,basel,Riehen,europe,Germany
2024-11,Wegzug,2024,11,Ausländer,W,37,Schweiz,Schweiz,BS,Rosental,Europa (ohne Schweiz),Deutschland,Ausland,NA,basel,Rosental,europe,Germany
2024-11,Wegzug,2024,11,Ausländer,W,37,Schweiz,Schweiz,BS,Rosental,Europa (ohne Schweiz),Deutschland,Ausland,NA,basel,Rosental,europe,Germany
2024-11,Wegzug,2024,11,Schweizer,W,37,Schweiz,Schweiz,BS,Klybeck,NA,NA,NA,NA,basel,Klybeck,NA,NA
2024-11,Wegzug,2024,11,Schweizer,M,37,Schweiz,Schweiz,BS,Rosental,Schweiz,Schweiz,AG,NA,basel,Rosental,switzerland,Aargau
2024-11,Wegzug,2024,11,Ausländer,M,37,Schweiz,Schweiz,BS,Rosental,Europa (ohne Schweiz),Rumänien,Ausland,NA,basel,Rosental,europe,Romania
2024-11,Wegzug,2024,11,Ausländer,M,37,Schweiz,Schweiz,BS,St. Alban,Schweiz,Schweiz,BL,NA,basel,St. Alban,switzerland,Basel-Landschaft
2024-11,Wegzug,2024,11,Schweizer,W,37,Schweiz,Schweiz,BS,St. Johann,Schweiz,Schweiz,BL,NA,basel,St. Johann,switzerland,Basel-Landschaft
2024-11,Zuzug,2024,11,Ausländer,W,37,Europa (ohne Schweiz),Deutschland,NA,NA,Schweiz,Schweiz,BS,Wettstein,europe,Germany,basel,Wettstein
2024-11,Zuzug,2024,11,Ausländer,M,37,Schweiz,Schweiz,BL,NA,Schweiz,Schweiz,BS,St. Alban,switzerland,Basel-Landschaft,basel,St. Alban
2024-11,Zuzug,2024,11,Ausländer,W,37,Schweiz,Schweiz,BL,NA,Schweiz,Schweiz,BS,St. Alban,switzerland,Basel-Landschaft,basel,St. Alban
2024-11,Zuzug,2024,11,Schweizer,M,37,Schweiz,Schweiz,AG,NA,Schweiz,Schweiz,BS,Vorstädte,switzerland,Aargau,basel,Vorstädte
2024-11,Zuzug,2024,11,Schweizer,M,37,Schweiz,Schweiz,BE,NA,Schweiz,Schweiz,BS,St. Johann,switzerland,Bern,basel,St. Johann
2024-11,Zuzug,2024,11,Ausländer,M,37,Europa (ohne Schweiz),Deutschland,NA,NA,Schweiz,Schweiz,BS,Gundeldingen,europe,Germany,basel,Gundeldingen
2024-11,Zuzug,2024,11,Ausländer,W,37,Europa (ohne Schweiz),Deutschland,NA,NA,Schweiz,Schweiz,BS,Matthäus,europe,Germany,basel,Matthäus
2024-11,Zuzug,2024,11,Ausländer,W,37,Europa (ohne Schweiz),Deutschland,NA,NA,Schweiz,Schweiz,BS,Gundeldingen,europe,Germany,basel,Gundeldingen
2024-11,Zuzug,2024,11,Ausländer,W,37,Schweiz,Schweiz,ZH,NA,Schweiz,Schweiz,BS,St. Johann,switzerland,Zürich,basel,St. Johann
2024-11,Zuzug,2024,11,Ausländer,M,38,Europa (ohne Schweiz),Oesterreich,NA,NA,Schweiz,Schweiz,BS,St. Alban,europe,Austria,basel,St. Alban
2024-11,Zuzug,2024,11,Ausländer,W,38,Europa (ohne Schweiz),Spanien,NA,NA,Schweiz,Schweiz,BS,St. Alban,europe,Spain,basel,St. Alban
2024-11,Zuzug,2024,11,Ausländer,M,38,Europa (ohne Schweiz),Grossbritannien,NA,NA,Schweiz,Schweiz,BS,Iselin,europe,United Kingdom,basel,Iselin
2024-11,Zuzug,2024,11,Ausländer,M,38,Schweiz,Schweiz,BL,NA,Schweiz,Schweiz,BS,Iselin,switzerland,Basel-Landschaft,basel,Iselin
2024-11,Zuzug,2024,11,Ausländer,W,38,Europa (ohne Schweiz),Ukraine,NA,NA,Schweiz,Schweiz,BS,Vorstädte,europe,Ukraine,basel,Vorstädte
2024-11,Zuzug,2024,11,Ausländer,M,38,Afrika,Aethiopien,NA,NA,Schweiz,Schweiz,BS,Hirzbrunnen,world,Ethiopia,basel,Hirzbrunnen
2024-11,Zuzug,2024,11,Ausländer,W,38,Europa (ohne Schweiz),Spanien,NA,NA,Schweiz,Schweiz,BS,Hirzbrunnen,europe,Spain,basel,Hirzbrunnen
2024-11,Wegzug,2024,11,Schweizer,M,38,Schweiz,Schweiz,BS,St. Alban,NA,NA,NA,NA,basel,St. Alban,NA,NA
2024-11,Wegzug,2024,11,Ausländer,M,38,Schweiz,Schweiz,BS,Matthäus,NA,NA,NA,NA,basel,Matthäus,NA,NA
2024-11,Wegzug,2024,11,Ausländer,M,38,Schweiz,Schweiz,BS,Gundeldingen,Schweiz,Schweiz,BL,NA,basel,Gundeldingen,switzerland,Basel-Landschaft
2024-11,Wegzug,2024,11,Schweizer,W,38,Schweiz,Schweiz,BS,Gundeldingen,Schweiz,Schweiz,BL,NA,basel,Gundeldingen,switzerland,Basel-Landschaft
2024-11,Wegzug,2024,11,Ausländer,W,38,Schweiz,Schweiz,BS,Am Ring,Europa (ohne Schweiz),Frankreich,Ausland,NA,basel,Am Ring,europe,France
2024-11,Wegzug,2024,11,Ausländer,M,38,Schweiz,Schweiz,BS,Am Ring,Schweiz,Schweiz,LU,NA,basel,Am Ring,switzerland,Luzern
2024-11,Wegzug,2024,11,Schweizer,M,38,Schweiz,Schweiz,BS,Hirzbrunnen,Schweiz,Schweiz,BL,NA,basel,Hirzbrunnen,switzerland,Basel-Landschaft
2024-11,Wegzug,2024,11,Schweizer,W,38,Schweiz,Schweiz,BS,Hirzbrunnen,Schweiz,Schweiz,BL,NA,basel,Hirzbrunnen,switzerland,Basel-Landschaft
2024-11,Wegzug,2024,11,Ausländer,M,38,Schweiz,Schweiz,BS,Gundeldingen,Europa (ohne Schweiz),Deutschland,Ausland,NA,basel,Gundeldingen,europe,Germany
2024-11,Wegzug,2024,11,Schweizer,M,38,Schweiz,Schweiz,BS,Iselin,Schweiz,Schweiz,TI,NA,basel,Iselin,switzerland,Ticino
2024-11,Wegzug,2024,11,Schweizer,W,38,Schweiz,Schweiz,BS,Gundeldingen,Schweiz,Schweiz,BL,NA,basel,Gundeldingen,switzerland,Basel-Landschaft
2024-11,Zuzug,2024,11,Ausländer,M,38,Schweiz,Schweiz,BL,NA,Schweiz,Schweiz,BS,Gundeldingen,switzerland,Basel-Landschaft,basel,Gundeldingen
2024-11,Zuzug,2024,11,Ausländer,M,38,Schweiz,Schweiz,BL,NA,Schweiz,Schweiz,BS,Breite,switzerland,Basel-Landschaft,basel,Breite
2024-11,Zuzug,2024,11,Ausländer,W,38,Europa (ohne Schweiz),Deutschland,NA,NA,Schweiz,Schweiz,BS,Gundeldingen,europe,Germany,basel,Gundeldingen
2024-11,Zuzug,2024,11,Ausländer,W,38,Europa (ohne Schweiz),Deutschland,NA,NA,Schweiz,Schweiz,BS,Rosental,europe,Germany,basel,Rosental
2024-11,Zuzug,2024,11,Ausländer,M,38,Europa (ohne Schweiz),Türkei,NA,NA,Schweiz,Schweiz,BS,Rosental,world,Turkey,basel,Rosental
2024-11,Zuzug,2024,11,Ausländer,M,38,Europa (ohne Schweiz),Niederlande,NA,NA,Schweiz,Schweiz,BS,Am Ring,europe,Netherlands,basel,Am Ring
2024-11,Zuzug,2024,11,Ausländer,W,38,Schweiz,Schweiz,BL,NA,Schweiz,Schweiz,BS,Bruderholz,switzerland,Basel-Landschaft,basel,Bruderholz
2024-11,Wegzug,2024,11,Ausländer,W,38,Schweiz,Schweiz,BS,Matthäus,Schweiz,Schweiz,SO,NA,basel,Matthäus,switzerland,Solothurn
2024-11,Wegzug,2024,11,Ausländer,M,38,Schweiz,Schweiz,BS,Matthäus,Asien,Indien,Ausland,NA,basel,Matthäus,world,India
2024-11,Wegzug,2024,11,Ausländer,M,38,Schweiz,Schweiz,BS,Gundeldingen,Schweiz,Schweiz,BL,NA,basel,Gundeldingen,switzerland,Basel-Landschaft
2024-11,Wegzug,2024,11,Ausländer,W,38,Schweiz,Schweiz,BS,Rosental,Schweiz,Schweiz,BL,NA,basel,Rosental,switzerland,Basel-Landschaft
2024-11,Wegzug,2024,11,Ausländer,M,38,Schweiz,Schweiz,BS,Gundeldingen,Schweiz,Schweiz,BL,NA,basel,Gundeldingen,switzerland,Basel-Landschaft
2024-11,Wegzug,2024,11,Schweizer,W,38,Schweiz,Schweiz,BS,Bachletten,Schweiz,Schweiz,BL,NA,basel,Bachletten,switzerland,Basel-Landschaft
2024-11,Wegzug,2024,11,Ausländer,M,38,Schweiz,Schweiz,BS,Gundeldingen,Schweiz,Schweiz,BL,NA,basel,Gundeldingen,switzerland,Basel-Landschaft
2024-11,Wegzug,2024,11,Schweizer,M,38,Schweiz,Schweiz,BS,Gundeldingen,Schweiz,Schweiz,BL,NA,basel,Gundeldingen,switzerland,Basel-Landschaft
2024-11,Wegzug,2024,11,Schweizer,M,38,Schweiz,Schweiz,BS,St. Alban,Europa (ohne Schweiz),Frankreich,Ausland,NA,basel,St. Alban,europe,France
2024-11,Wegzug,2024,11,Ausländer,M,38,Schweiz,Schweiz,BS,St. Johann,Europa (ohne Schweiz),Rumänien,Ausland,NA,basel,St. Johann,europe,Romania
2024-11,Wegzug,2024,11,Schweizer,M,38,Schweiz,Schweiz,BS,Rosental,Schweiz,Schweiz,SO,NA,basel,Rosental,switzerland,Solothurn
2024-11,Wegzug,2024,11,Ausländer,W,38,Schweiz,Schweiz,BS,Clara,Schweiz,Schweiz,BE,NA,basel,Clara,switzerland,Bern
2024-11,Wegzug,2024,11,Ausländer,W,38,Schweiz,Schweiz,BS,Iselin,Europa (ohne Schweiz),Türkei,Ausland,NA,basel,Iselin,world,Turkey
2024-11,Wegzug,2024,11,Ausländer,M,38,Schweiz,Schweiz,BS,Gundeldingen,Schweiz,Schweiz,BL,NA,basel,Gundeldingen,switzerland,Basel-Landschaft
2024-11,Wegzug,2024,11,Ausländer,W,38,Schweiz,Schweiz,BS,Clara,Schweiz,Schweiz,BL,NA,basel,Clara,switzerland,Basel-Landschaft
2024-11,Wegzug,2024,11,Schweizer,M,38,Schweiz,Schweiz,BS,Gundeldingen,Schweiz,Schweiz,BL,NA,basel,Gundeldingen,switzerland,Basel-Landschaft
2024-11,Wegzug,2024,11,Ausländer,W,38,Schweiz,Schweiz,BS,St. Alban,Schweiz,Schweiz,ZH,NA,basel,St. Alban,switzerland,Zürich
2024-11,Wegzug,2024,11,Ausländer,W,38,Schweiz,Schweiz,BS,Vorstädte,NA,NA,NA,NA,basel,Vorstädte,NA,NA
2024-11,Wegzug,2024,11,Ausländer,M,38,Schweiz,Schweiz,BS,Am Ring,Afrika,Ghana,Ausland,NA,basel,Am Ring,world,Ghana
2024-11,Zuzug,2024,11,Ausländer,M,38,Schweiz,Schweiz,BL,NA,Schweiz,Schweiz,BS,St. Alban,switzerland,Basel-Landschaft,basel,St. Alban
2024-11,Zuzug,2024,11,Ausländer,W,38,Schweiz,Schweiz,LU,NA,Schweiz,Schweiz,BS,Am Ring,switzerland,Luzern,basel,Am Ring
2024-11,Zuzug,2024,11,Ausländer,W,38,Europa (ohne Schweiz),Spanien,NA,NA,Schweiz,Schweiz,BS,Riehen,europe,Spain,basel,Riehen
2024-11,Zuzug,2024,11,Schweizer,M,38,Schweiz,Schweiz,AR,NA,Schweiz,Schweiz,BS,Hirzbrunnen,switzerland,Appenzell Ausserrhoden,basel,Hirzbrunnen
2024-11,Zuzug,2024,11,Ausländer,M,39,Schweiz,Schweiz,SO,NA,Schweiz,Schweiz,BS,Iselin,switzerland,Solothurn,basel,Iselin
2024-11,Zuzug,2024,11,Ausländer,W,39,Europa (ohne Schweiz),Deutschland,NA,NA,Schweiz,Schweiz,BS,Matthäus,europe,Germany,basel,Matthäus
2024-11,Zuzug,2024,11,Ausländer,W,39,Schweiz,Schweiz,BL,NA,Schweiz,Schweiz,BS,St. Alban,switzerland,Basel-Landschaft,basel,St. Alban
2024-11,Zuzug,2024,11,Ausländer,W,39,Schweiz,Schweiz,VD,NA,Schweiz,Schweiz,BS,Altstadt Grossbasel,switzerland,Vaud,basel,Altstadt Grossbasel
2024-11,Zuzug,2024,11,Schweizer,M,39,Schweiz,Schweiz,BL,NA,Schweiz,Schweiz,BS,St. Alban,switzerland,Basel-Landschaft,basel,St. Alban
2024-11,Zuzug,2024,11,Ausländer,W,39,Nordamerika,Vereinigte Staaten von Amerika,NA,NA,Schweiz,Schweiz,BS,Rosental,world,United States of America,basel,Rosental
2024-11,Zuzug,2024,11,Ausländer,W,39,Asien,Indien,NA,NA,Schweiz,Schweiz,BS,Rosental,world,India,basel,Rosental
2024-11,Zuzug,2024,11,Ausländer,W,39,Asien,Indien,NA,NA,Schweiz,Schweiz,BS,St. Johann,world,India,basel,St. Johann
2024-11,Wegzug,2024,11,Schweizer,M,39,Schweiz,Schweiz,BS,St. Alban,Europa (ohne Schweiz),Deutschland,Ausland,NA,basel,St. Alban,europe,Germany
2024-11,Wegzug,2024,11,Ausländer,M,39,Schweiz,Schweiz,BS,St. Johann,Schweiz,Schweiz,BL,NA,basel,St. Johann,switzerland,Basel-Landschaft
2024-11,Wegzug,2024,11,Ausländer,W,39,Schweiz,Schweiz,BS,St. Johann,NA,NA,NA,NA,basel,St. Johann,NA,NA
2024-11,Wegzug,2024,11,Schweizer,W,39,Schweiz,Schweiz,BS,Gundeldingen,Schweiz,Schweiz,ZH,NA,basel,Gundeldingen,switzerland,Zürich
2024-11,Wegzug,2024,11,Schweizer,W,39,Schweiz,Schweiz,BS,Gundeldingen,Schweiz,Schweiz,BL,NA,basel,Gundeldingen,switzerland,Basel-Landschaft
2024-11,Wegzug,2024,11,Ausländer,W,39,Schweiz,Schweiz,BS,Rosental,Schweiz,Schweiz,BL,NA,basel,Rosental,switzerland,Basel-Landschaft
2024-11,Zuzug,2024,11,Ausländer,W,39,Schweiz,Schweiz,AG,NA,Schweiz,Schweiz,BS,Am Ring,switzerland,Aargau,basel,Am Ring
2024-11,Zuzug,2024,11,Ausländer,M,39,Europa (ohne Schweiz),Grossbritannien,NA,NA,Schweiz,Schweiz,BS,Altstadt Grossbasel,europe,United Kingdom,basel,Altstadt Grossbasel
2024-11,Zuzug,2024,11,Schweizer,M,39,Schweiz,Schweiz,ZH,NA,Schweiz,Schweiz,BS,Am Ring,switzerland,Zürich,basel,Am Ring
2024-11,Zuzug,2024,11,Schweizer,M,39,Schweiz,Schweiz,VD,NA,Schweiz,Schweiz,BS,Iselin,switzerland,Vaud,basel,Iselin
2024-11,Zuzug,2024,11,Schweizer,M,39,Schweiz,Schweiz,BL,NA,Schweiz,Schweiz,BS,Vorstädte,switzerland,Basel-Landschaft,basel,Vorstädte
2024-11,Zuzug,2024,11,Ausländer,M,39,Asien,Singapur,NA,NA,Schweiz,Schweiz,BS,Iselin,world,Malaysia,basel,Iselin
2024-11,Zuzug,2024,11,Ausländer,M,39,Schweiz,Schweiz,BL,NA,Schweiz,Schweiz,BS,Riehen,switzerland,Basel-Landschaft,basel,Riehen
2024-11,Zuzug,2024,11,Ausländer,M,39,Schweiz,Schweiz,BL,NA,Schweiz,Schweiz,BS,St. Johann,switzerland,Basel-Landschaft,basel,St. Johann
2024-11,Zuzug,2024,11,Ausländer,W,39,NA,NA,NA,NA,Schweiz,Schweiz,BS,Gundeldingen,NA,NA,basel,Gundeldingen
2024-11,Zuzug,2024,11,Ausländer,M,39,Europa (ohne Schweiz),Deutschland,NA,NA,Schweiz,Schweiz,BS,Matthäus,europe,Germany,basel,Matthäus
2024-11,Zuzug,2024,11,Ausländer,M,39,Europa (ohne Schweiz),Deutschland,NA,NA,Schweiz,Schweiz,BS,Gundeldingen,europe,Germany,basel,Gundeldingen
2024-11,Wegzug,2024,11,Schweizer,W,39,Schweiz,Schweiz,BS,Gundeldingen,Schweiz,Schweiz,BL,NA,basel,Gundeldingen,switzerland,Basel-Landschaft
2024-11,Wegzug,2024,11,Ausländer,M,39,Schweiz,Schweiz,BS,Gundeldingen,Europa (ohne Schweiz),Polen,Ausland,NA,basel,Gundeldingen,europe,Poland
2024-11,Wegzug,2024,11,Ausländer,M,39,Schweiz,Schweiz,BS,Gundeldingen,Schweiz,Schweiz,AG,NA,basel,Gundeldingen,switzerland,Aargau
2024-11,Wegzug,2024,11,Schweizer,W,39,Schweiz,Schweiz,BS,Hirzbrunnen,Schweiz,Schweiz,BE,NA,basel,Hirzbrunnen,switzerland,Bern
2024-11,Wegzug,2024,11,Ausländer,M,39,Schweiz,Schweiz,BS,Am Ring,Schweiz,Schweiz,BL,NA,basel,Am Ring,switzerland,Basel-Landschaft
2024-11,Wegzug,2024,11,Schweizer,W,39,Schweiz,Schweiz,BS,Am Ring,Schweiz,Schweiz,BL,NA,basel,Am Ring,switzerland,Basel-Landschaft
2024-11,Wegzug,2024,11,Ausländer,W,39,Schweiz,Schweiz,BS,St. Alban,Europa (ohne Schweiz),Italien,Ausland,NA,basel,St. Alban,europe,Italy
2024-11,Wegzug,2024,11,Ausländer,M,39,Schweiz,Schweiz,BS,Iselin,Schweiz,Schweiz,BL,NA,basel,Iselin,switzerland,Basel-Landschaft
2024-11,Wegzug,2024,11,Ausländer,M,39,Schweiz,Schweiz,BS,Gundeldingen,Europa (ohne Schweiz),Rumänien,Ausland,NA,basel,Gundeldingen,europe,Romania
2024-11,Wegzug,2024,11,Ausländer,M,39,Schweiz,Schweiz,BS,Rosental,NA,NA,NA,NA,basel,Rosental,NA,NA
2024-11,Wegzug,2024,11,Ausländer,M,39,Schweiz,Schweiz,BS,Gotthelf,Schweiz,Schweiz,BL,NA,basel,Gotthelf,switzerland,Basel-Landschaft
2024-11,Wegzug,2024,11,Schweizer,M,39,Schweiz,Schweiz,BS,Gundeldingen,Schweiz,Schweiz,BL,NA,basel,Gundeldingen,switzerland,Basel-Landschaft
2024-11,Wegzug,2024,11,Schweizer,W,39,Schweiz,Schweiz,BS,St. Johann,Schweiz,Schweiz,AG,NA,basel,St. Johann,switzerland,Aargau
2024-11,Wegzug,2024,11,Ausländer,W,39,Schweiz,Schweiz,BS,Gundeldingen,Schweiz,Schweiz,BL,NA,basel,Gundeldingen,switzerland,Basel-Landschaft
2024-11,Wegzug,2024,11,Ausländer,W,39,Schweiz,Schweiz,BS,Vorstädte,Schweiz,Schweiz,AG,NA,basel,Vorstädte,switzerland,Aargau
2024-11,Zuzug,2024,11,Ausländer,M,39,Europa (ohne Schweiz),Grossbritannien,NA,NA,Schweiz,Schweiz,BS,Gundeldingen,europe,United Kingdom,basel,Gundeldingen
2024-11,Zuzug,2024,11,Ausländer,W,39,Schweiz,Schweiz,ZH,NA,Schweiz,Schweiz,BS,Bachletten,switzerland,Zürich,basel,Bachletten
2024-11,Zuzug,2024,11,Schweizer,W,39,Schweiz,Schweiz,BL,NA,Schweiz,Schweiz,BS,Clara,switzerland,Basel-Landschaft,basel,Clara
2024-11,Zuzug,2024,11,Schweizer,W,39,Europa (ohne Schweiz),Deutschland,NA,NA,Schweiz,Schweiz,BS,Matthäus,europe,Germany,basel,Matthäus
2024-11,Zuzug,2024,11,Ausländer,M,39,Europa (ohne Schweiz),Deutschland,NA,NA,Schweiz,Schweiz,BS,Riehen,europe,Germany,basel,Riehen
2024-11,Zuzug,2024,11,Schweizer,W,39,Schweiz,Schweiz,SO,NA,Schweiz,Schweiz,BS,Bachletten,switzerland,Solothurn,basel,Bachletten
2024-11,Zuzug,2024,11,Ausländer,W,39,Europa (ohne Schweiz),Deutschland,NA,NA,Schweiz,Schweiz,BS,Matthäus,europe,Germany,basel,Matthäus
2024-11,Zuzug,2024,11,Ausländer,W,40,Schweiz,Schweiz,ZH,NA,Schweiz,Schweiz,BS,Klybeck,switzerland,Zürich,basel,Klybeck
2024-11,Zuzug,2024,11,Ausländer,W,40,Schweiz,Schweiz,BL,NA,Schweiz,Schweiz,BS,St. Johann,switzerland,Basel-Landschaft,basel,St. Johann
2024-11,Zuzug,2024,11,Ausländer,M,40,Europa (ohne Schweiz),Deutschland,NA,NA,Schweiz,Schweiz,BS,Gotthelf,europe,Germany,basel,Gotthelf
2024-11,Zuzug,2024,11,Schweizer,W,40,Schweiz,Schweiz,BL,NA,Schweiz,Schweiz,BS,Riehen,switzerland,Basel-Landschaft,basel,Riehen
2024-11,Zuzug,2024,11,Schweizer,W,40,Schweiz,Schweiz,BL,NA,Schweiz,Schweiz,BS,Gotthelf,switzerland,Basel-Landschaft,basel,Gotthelf
2024-11,Zuzug,2024,11,Ausländer,W,40,Schweiz,Schweiz,ZH,NA,Schweiz,Schweiz,BS,Clara,switzerland,Zürich,basel,Clara
2024-11,Zuzug,2024,11,Ausländer,M,40,Schweiz,Schweiz,BL,NA,Schweiz,Schweiz,BS,Bruderholz,switzerland,Basel-Landschaft,basel,Bruderholz
2024-11,Zuzug,2024,11,Ausländer,M,40,Schweiz,Schweiz,BE,NA,Schweiz,Schweiz,BS,Matthäus,switzerland,Bern,basel,Matthäus
2024-11,Wegzug,2024,11,Schweizer,M,40,Schweiz,Schweiz,BS,Vorstädte,Schweiz,Schweiz,BL,NA,basel,Vorstädte,switzerland,Basel-Landschaft
2024-11,Wegzug,2024,11,Ausländer,M,40,Schweiz,Schweiz,BS,St. Johann,Europa (ohne Schweiz),Deutschland,Ausland,NA,basel,St. Johann,europe,Germany
2024-11,Wegzug,2024,11,Ausländer,M,40,Schweiz,Schweiz,BS,Iselin,Europa (ohne Schweiz),Oesterreich,Ausland,NA,basel,Iselin,europe,Austria
2024-11,Wegzug,2024,11,Schweizer,M,40,Schweiz,Schweiz,BS,Klybeck,Schweiz,Schweiz,BL,NA,basel,Klybeck,switzerland,Basel-Landschaft
2024-11,Wegzug,2024,11,Ausländer,M,40,Schweiz,Schweiz,BS,Am Ring,Schweiz,Schweiz,BL,NA,basel,Am Ring,switzerland,Basel-Landschaft
2024-11,Zuzug,2024,11,Ausländer,M,40,Europa (ohne Schweiz),Tschechische Republik,NA,NA,Schweiz,Schweiz,BS,Rosental,europe,Czechia,basel,Rosental
2024-11,Zuzug,2024,11,Ausländer,W,40,Europa (ohne Schweiz),Deutschland,NA,NA,Schweiz,Schweiz,BS,St. Alban,europe,Germany,basel,St. Alban
2024-11,Zuzug,2024,11,Ausländer,M,40,Europa (ohne Schweiz),Deutschland,NA,NA,Schweiz,Schweiz,BS,Iselin,europe,Germany,basel,Iselin
2024-11,Zuzug,2024,11,Ausländer,M,40,Europa (ohne Schweiz),Deutschland,NA,NA,Schweiz,Schweiz,BS,St. Alban,europe,Germany,basel,St. Alban
2024-11,Zuzug,2024,11,Ausländer,M,40,Europa (ohne Schweiz),Slowenien,NA,NA,Schweiz,Schweiz,BS,Matthäus,europe,Slovenia,basel,Matthäus
2024-11,Zuzug,2024,11,Ausländer,M,40,Schweiz,Schweiz,BL,NA,Schweiz,Schweiz,BS,St. Johann,switzerland,Basel-Landschaft,basel,St. Johann
2024-11,Zuzug,2024,11,Ausländer,W,40,Europa (ohne Schweiz),Irland,NA,NA,Schweiz,Schweiz,BS,Vorstädte,europe,Ireland,basel,Vorstädte
2024-11,Zuzug,2024,11,Ausländer,W,40,Lateinamerika und Karibik,Ecuador,NA,NA,Schweiz,Schweiz,BS,St. Johann,world,Ecuador,basel,St. Johann
2024-11,Zuzug,2024,11,Ausländer,W,40,Europa (ohne Schweiz),Luxemburg,NA,NA,Schweiz,Schweiz,BS,Rosental,europe,Luxembourg,basel,Rosental
2024-11,Zuzug,2024,11,Ausländer,M,40,Europa (ohne Schweiz),Deutschland,NA,NA,Schweiz,Schweiz,BS,St. Johann,europe,Germany,basel,St. Johann
2024-11,Wegzug,2024,11,Schweizer,M,40,Schweiz,Schweiz,BS,Gundeldingen,Schweiz,Schweiz,BL,NA,basel,Gundeldingen,switzerland,Basel-Landschaft
2024-11,Wegzug,2024,11,Schweizer,M,40,Schweiz,Schweiz,BS,Bachletten,Schweiz,Schweiz,BL,NA,basel,Bachletten,switzerland,Basel-Landschaft
2024-11,Wegzug,2024,11,Ausländer,M,40,Schweiz,Schweiz,BS,Rosental,NA,NA,NA,NA,basel,Rosental,NA,NA
2024-11,Wegzug,2024,11,Ausländer,M,40,Schweiz,Schweiz,BS,Rosental,Schweiz,Schweiz,AG,NA,basel,Rosental,switzerland,Aargau
2024-11,Wegzug,2024,11,Schweizer,M,40,Schweiz,Schweiz,BS,Gundeldingen,Schweiz,Schweiz,SO,NA,basel,Gundeldingen,switzerland,Solothurn
2024-11,Wegzug,2024,11,Schweizer,M,40,Schweiz,Schweiz,BS,Gundeldingen,Schweiz,Schweiz,ZH,NA,basel,Gundeldingen,switzerland,Zürich
2024-11,Wegzug,2024,11,Ausländer,M,40,Schweiz,Schweiz,BS,Bruderholz,Schweiz,Schweiz,BL,NA,basel,Bruderholz,switzerland,Basel-Landschaft
2024-11,Wegzug,2024,11,Ausländer,W,40,Schweiz,Schweiz,BS,Gotthelf,Schweiz,Schweiz,BL,NA,basel,Gotthelf,switzerland,Basel-Landschaft
2024-11,Wegzug,2024,11,Schweizer,W,40,Schweiz,Schweiz,BS,Iselin,Schweiz,Schweiz,BL,NA,basel,Iselin,switzerland,Basel-Landschaft
2024-11,Wegzug,2024,11,Schweizer,M,40,Schweiz,Schweiz,BS,Altstadt Grossbasel,Schweiz,Schweiz,LU,NA,basel,Altstadt Grossbasel,switzerland,Luzern
2024-11,Wegzug,2024,11,Schweizer,M,40,Schweiz,Schweiz,BS,St. Johann,Europa (ohne Schweiz),Kosovo,Ausland,NA,basel,St. Johann,europe,Kosovo
2024-11,Wegzug,2024,11,Ausländer,W,40,Schweiz,Schweiz,BS,Gundeldingen,Schweiz,Schweiz,BL,NA,basel,Gundeldingen,switzerland,Basel-Landschaft
2024-11,Wegzug,2024,11,Ausländer,M,40,Schweiz,Schweiz,BS,Altstadt Grossbasel,Europa (ohne Schweiz),Italien,Ausland,NA,basel,Altstadt Grossbasel,europe,Italy
2024-11,Zuzug,2024,11,Ausländer,W,40,Europa (ohne Schweiz),Grossbritannien,NA,NA,Schweiz,Schweiz,BS,Gundeldingen,europe,United Kingdom,basel,Gundeldingen
2024-11,Zuzug,2024,11,Ausländer,M,40,Europa (ohne Schweiz),Ukraine,NA,NA,Schweiz,Schweiz,BS,Vorstädte,europe,Ukraine,basel,Vorstädte
2024-11,Zuzug,2024,11,Ausländer,M,40,Nordamerika,Vereinigte Staaten von Amerika,NA,NA,Schweiz,Schweiz,BS,Rosental,world,United States of America,basel,Rosental
2024-11,Zuzug,2024,11,Schweizer,M,40,Schweiz,Schweiz,BL,NA,Schweiz,Schweiz,BS,Rosental,switzerland,Basel-Landschaft,basel,Rosental
2024-11,Zuzug,2024,11,Ausländer,M,41,Schweiz,Schweiz,AG,NA,Schweiz,Schweiz,BS,Gundeldingen,switzerland,Aargau,basel,Gundeldingen
2024-11,Zuzug,2024,11,Ausländer,M,41,Schweiz,Schweiz,VD,NA,Schweiz,Schweiz,BS,Breite,switzerland,Vaud,basel,Breite
2024-11,Zuzug,2024,11,Schweizer,W,41,Schweiz,Schweiz,ZH,NA,Schweiz,Schweiz,BS,St. Alban,switzerland,Zürich,basel,St. Alban
2024-11,Zuzug,2024,11,Ausländer,W,41,NA,NA,NA,NA,Schweiz,Schweiz,BS,Vorstädte,NA,NA,basel,Vorstädte
2024-11,Zuzug,2024,11,Ausländer,W,41,Schweiz,Schweiz,ZH,NA,Schweiz,Schweiz,BS,St. Alban,switzerland,Zürich,basel,St. Alban
2024-11,Wegzug,2024,11,Ausländer,M,41,Schweiz,Schweiz,BS,Iselin,Schweiz,Schweiz,BL,NA,basel,Iselin,switzerland,Basel-Landschaft
2024-11,Wegzug,2024,11,Ausländer,M,41,Schweiz,Schweiz,BS,Iselin,Schweiz,Schweiz,ZH,NA,basel,Iselin,switzerland,Zürich
2024-11,Wegzug,2024,11,Schweizer,M,41,Schweiz,Schweiz,BS,Am Ring,Schweiz,Schweiz,BL,NA,basel,Am Ring,switzerland,Basel-Landschaft
2024-11,Zuzug,2024,11,Ausländer,W,41,NA,NA,NA,NA,Schweiz,Schweiz,BS,Wettstein,NA,NA,basel,Wettstein
2024-11,Zuzug,2024,11,Ausländer,M,41,Europa (ohne Schweiz),Deutschland,NA,NA,Schweiz,Schweiz,BS,Gundeldingen,europe,Germany,basel,Gundeldingen
2024-11,Zuzug,2024,11,Schweizer,M,41,Nordamerika,Vereinigte Staaten von Amerika,NA,NA,Schweiz,Schweiz,BS,Riehen,world,United States of America,basel,Riehen
2024-11,Zuzug,2024,11,Ausländer,M,41,Europa (ohne Schweiz),Frankreich,NA,NA,Schweiz,Schweiz,BS,Altstadt Kleinbasel,europe,France,basel,Altstadt Kleinbasel
2024-11,Zuzug,2024,11,Ausländer,W,41,Europa (ohne Schweiz),Spanien,NA,NA,Schweiz,Schweiz,BS,Iselin,europe,Spain,basel,Iselin
2024-11,Zuzug,2024,11,Ausländer,W,41,Asien,Bangladesch,NA,NA,Schweiz,Schweiz,BS,Breite,world,Bangladesh,basel,Breite
2024-11,Wegzug,2024,11,Ausländer,M,41,Schweiz,Schweiz,BS,Am Ring,Afrika,Tansania,Ausland,NA,basel,Am Ring,world,Tanzania
2024-11,Wegzug,2024,11,Ausländer,M,41,Schweiz,Schweiz,BS,Am Ring,Europa (ohne Schweiz),Frankreich,Ausland,NA,basel,Am Ring,europe,France
2024-11,Wegzug,2024,11,Schweizer,M,41,Schweiz,Schweiz,BS,St. Johann,Schweiz,Schweiz,BL,NA,basel,St. Johann,switzerland,Basel-Landschaft
2024-11,Wegzug,2024,11,Schweizer,M,41,Schweiz,Schweiz,BS,Matthäus,Schweiz,Schweiz,BL,NA,basel,Matthäus,switzerland,Basel-Landschaft
2024-11,Wegzug,2024,11,Schweizer,W,41,Schweiz,Schweiz,BS,Gundeldingen,Schweiz,Schweiz,ZH,NA,basel,Gundeldingen,switzerland,Zürich
2024-11,Wegzug,2024,11,Schweizer,W,41,Schweiz,Schweiz,BS,Matthäus,Schweiz,Schweiz,BL,NA,basel,Matthäus,switzerland,Basel-Landschaft
2024-11,Wegzug,2024,11,Ausländer,M,41,Schweiz,Schweiz,BS,Gundeldingen,Schweiz,Schweiz,BL,NA,basel,Gundeldingen,switzerland,Basel-Landschaft
2024-11,Wegzug,2024,11,Ausländer,M,41,Schweiz,Schweiz,BS,Bachletten,NA,NA,NA,NA,basel,Bachletten,NA,NA
2024-11,Wegzug,2024,11,Ausländer,M,41,Schweiz,Schweiz,BS,Gundeldingen,Schweiz,Schweiz,ZH,NA,basel,Gundeldingen,switzerland,Zürich
2024-11,Wegzug,2024,11,Ausländer,W,41,Schweiz,Schweiz,BS,Klybeck,Schweiz,Schweiz,BL,NA,basel,Klybeck,switzerland,Basel-Landschaft
2024-11,Wegzug,2024,11,Schweizer,W,41,Schweiz,Schweiz,BS,Gundeldingen,Schweiz,Schweiz,AG,NA,basel,Gundeldingen,switzerland,Aargau
2024-11,Zuzug,2024,11,Ausländer,M,41,Europa (ohne Schweiz),Deutschland,NA,NA,Schweiz,Schweiz,BS,St. Alban,europe,Germany,basel,St. Alban
2024-11,Zuzug,2024,11,Ausländer,M,41,Schweiz,Schweiz,ZH,NA,Schweiz,Schweiz,BS,Vorstädte,switzerland,Zürich,basel,Vorstädte
2024-11,Zuzug,2024,11,Ausländer,M,41,Schweiz,Schweiz,ZH,NA,Schweiz,Schweiz,BS,Bachletten,switzerland,Zürich,basel,Bachletten
2024-11,Zuzug,2024,11,Ausländer,M,42,Europa (ohne Schweiz),Deutschland,NA,NA,Schweiz,Schweiz,BS,Clara,europe,Germany,basel,Clara
2024-11,Zuzug,2024,11,Ausländer,M,42,Europa (ohne Schweiz),Deutschland,NA,NA,Schweiz,Schweiz,BS,Hirzbrunnen,europe,Germany,basel,Hirzbrunnen
2024-11,Zuzug,2024,11,Ausländer,M,42,Europa (ohne Schweiz),Serbien,NA,NA,Schweiz,Schweiz,BS,Gundeldingen,europe,Serbia,basel,Gundeldingen
2024-11,Zuzug,2024,11,Ausländer,W,42,Europa (ohne Schweiz),Deutschland,NA,NA,Schweiz,Schweiz,BS,Altstadt Grossbasel,europe,Germany,basel,Altstadt Grossbasel
2024-11,Zuzug,2024,11,Ausländer,M,42,Afrika,Marokko,NA,NA,Schweiz,Schweiz,BS,Gotthelf,world,Morocco,basel,Gotthelf
2024-11,Zuzug,2024,11,Ausländer,W,42,Europa (ohne Schweiz),Deutschland,NA,NA,Schweiz,Schweiz,BS,Matthäus,europe,Germany,basel,Matthäus
2024-11,Zuzug,2024,11,Ausländer,M,42,Europa (ohne Schweiz),Deutschland,NA,NA,Schweiz,Schweiz,BS,Matthäus,europe,Germany,basel,Matthäus
2024-11,Wegzug,2024,11,Ausländer,M,42,Schweiz,Schweiz,BS,Gundeldingen,Schweiz,Schweiz,BL,NA,basel,Gundeldingen,switzerland,Basel-Landschaft
2024-11,Wegzug,2024,11,Ausländer,M,42,Schweiz,Schweiz,BS,Rosental,Schweiz,Schweiz,SG,NA,basel,Rosental,switzerland,St. Gallen
2024-11,Wegzug,2024,11,Ausländer,M,42,Schweiz,Schweiz,BS,Gundeldingen,Schweiz,Schweiz,BL,NA,basel,Gundeldingen,switzerland,Basel-Landschaft
2024-11,Wegzug,2024,11,Ausländer,M,42,Schweiz,Schweiz,BS,Clara,Europa (ohne Schweiz),Deutschland,Ausland,NA,basel,Clara,europe,Germany
2024-11,Wegzug,2024,11,Schweizer,M,42,Schweiz,Schweiz,BS,St. Alban,Schweiz,Schweiz,AG,NA,basel,St. Alban,switzerland,Aargau
2024-11,Zuzug,2024,11,Ausländer,M,42,Europa (ohne Schweiz),Deutschland,NA,NA,Schweiz,Schweiz,BS,St. Alban,europe,Germany,basel,St. Alban
2024-11,Zuzug,2024,11,Ausländer,M,42,Europa (ohne Schweiz),Spanien,NA,NA,Schweiz,Schweiz,BS,Matthäus,europe,Spain,basel,Matthäus
2024-11,Zuzug,2024,11,Ausländer,W,42,Europa (ohne Schweiz),Luxemburg,NA,NA,Schweiz,Schweiz,BS,Riehen,europe,Luxembourg,basel,Riehen
2024-11,Zuzug,2024,11,Ausländer,W,42,Schweiz,Schweiz,ZH,NA,Schweiz,Schweiz,BS,Gundeldingen,switzerland,Zürich,basel,Gundeldingen
2024-11,Wegzug,2024,11,Ausländer,W,42,Schweiz,Schweiz,BS,Gundeldingen,Schweiz,Schweiz,BL,NA,basel,Gundeldingen,switzerland,Basel-Landschaft
2024-11,Wegzug,2024,11,Ausländer,W,42,Schweiz,Schweiz,BS,Gundeldingen,Schweiz,Schweiz,BL,NA,basel,Gundeldingen,switzerland,Basel-Landschaft
2024-11,Wegzug,2024,11,Ausländer,W,42,Schweiz,Schweiz,BS,Gundeldingen,Europa (ohne Schweiz),Türkei,Ausland,NA,basel,Gundeldingen,world,Turkey
2024-11,Wegzug,2024,11,Schweizer,M,42,Schweiz,Schweiz,BS,Klybeck,Nordamerika,Vereinigte Staaten von Amerika,Ausland,NA,basel,Klybeck,world,United States of America
2024-11,Wegzug,2024,11,Schweizer,M,42,Schweiz,Schweiz,BS,Gundeldingen,Schweiz,Schweiz,AG,NA,basel,Gundeldingen,switzerland,Aargau
2024-11,Wegzug,2024,11,Schweizer,M,42,Schweiz,Schweiz,BS,Gundeldingen,Schweiz,Schweiz,BL,NA,basel,Gundeldingen,switzerland,Basel-Landschaft
2024-11,Wegzug,2024,11,Ausländer,M,42,Schweiz,Schweiz,BS,Altstadt Kleinbasel,Europa (ohne Schweiz),Spanien,Ausland,NA,basel,Altstadt Kleinbasel,europe,Spain
2024-11,Wegzug,2024,11,Ausländer,M,42,Schweiz,Schweiz,BS,Klybeck,Schweiz,Schweiz,BL,NA,basel,Klybeck,switzerland,Basel-Landschaft
2024-11,Wegzug,2024,11,Ausländer,M,42,Schweiz,Schweiz,BS,Clara,Europa (ohne Schweiz),Frankreich,Ausland,NA,basel,Clara,europe,France
2024-11,Wegzug,2024,11,Ausländer,W,42,Schweiz,Schweiz,BS,Wettstein,Schweiz,Schweiz,BL,NA,basel,Wettstein,switzerland,Basel-Landschaft
2024-11,Zuzug,2024,11,Ausländer,W,42,Schweiz,Schweiz,BL,NA,Schweiz,Schweiz,BS,St. Alban,switzerland,Basel-Landschaft,basel,St. Alban
2024-11,Zuzug,2024,11,Ausländer,W,42,Asien,Jordanien,NA,NA,Schweiz,Schweiz,BS,St. Johann,world,Jordan,basel,St. Johann
2024-11,Zuzug,2024,11,Ausländer,M,42,Lateinamerika und Karibik,Kolumbien,NA,NA,Schweiz,Schweiz,BS,Gundeldingen,world,Colombia,basel,Gundeldingen
2024-11,Zuzug,2024,11,Ausländer,W,42,Europa (ohne Schweiz),Tschechische Republik,NA,NA,Schweiz,Schweiz,BS,Iselin,europe,Czechia,basel,Iselin
2024-11,Zuzug,2024,11,Ausländer,M,42,Europa (ohne Schweiz),Grossbritannien,NA,NA,Schweiz,Schweiz,BS,Matthäus,europe,United Kingdom,basel,Matthäus
2024-11,Zuzug,2024,11,Ausländer,W,43,Europa (ohne Schweiz),Spanien,NA,NA,Schweiz,Schweiz,BS,Iselin,europe,Spain,basel,Iselin
2024-11,Zuzug,2024,11,Ausländer,M,43,Schweiz,Schweiz,BL,NA,Schweiz,Schweiz,BS,Riehen,switzerland,Basel-Landschaft,basel,Riehen
2024-11,Zuzug,2024,11,Schweizer,M,43,Schweiz,Schweiz,FR,NA,Schweiz,Schweiz,BS,Riehen,switzerland,Fribourg,basel,Riehen
2024-11,Zuzug,2024,11,Ausländer,M,43,Europa (ohne Schweiz),Ungarn,NA,NA,Schweiz,Schweiz,BS,Gundeldingen,europe,Hungary,basel,Gundeldingen
2024-11,Wegzug,2024,11,Ausländer,M,43,Schweiz,Schweiz,BS,Matthäus,Schweiz,Schweiz,ZH,NA,basel,Matthäus,switzerland,Zürich
2024-11,Wegzug,2024,11,Schweizer,M,43,Schweiz,Schweiz,BS,Rosental,Schweiz,Schweiz,BL,NA,basel,Rosental,switzerland,Basel-Landschaft
2024-11,Wegzug,2024,11,Schweizer,M,43,Schweiz,Schweiz,BS,Riehen,Schweiz,Schweiz,BL,NA,basel,Riehen,switzerland,Basel-Landschaft
2024-11,Wegzug,2024,11,Schweizer,W,43,Schweiz,Schweiz,BS,Altstadt Grossbasel,Europa (ohne Schweiz),Deutschland,Ausland,NA,basel,Altstadt Grossbasel,europe,Germany
2024-11,Wegzug,2024,11,Schweizer,W,43,Schweiz,Schweiz,BS,Am Ring,Schweiz,Schweiz,SO,NA,basel,Am Ring,switzerland,Solothurn
2024-11,Wegzug,2024,11,Ausländer,W,43,Schweiz,Schweiz,BS,Gundeldingen,Schweiz,Schweiz,BL,NA,basel,Gundeldingen,switzerland,Basel-Landschaft
2024-11,Wegzug,2024,11,Schweizer,W,43,Schweiz,Schweiz,BS,Riehen,Schweiz,Schweiz,BL,NA,basel,Riehen,switzerland,Basel-Landschaft
2024-11,Zuzug,2024,11,Schweizer,M,43,Asien,Taiwan (Chinesisches Taipei),NA,NA,Schweiz,Schweiz,BS,St. Alban,world,Taiwan,basel,St. Alban
2024-11,Zuzug,2024,11,Ausländer,M,43,Europa (ohne Schweiz),Deutschland,NA,NA,Schweiz,Schweiz,BS,Matthäus,europe,Germany,basel,Matthäus
2024-11,Zuzug,2024,11,Ausländer,W,43,Nordamerika,Kanada,NA,NA,Schweiz,Schweiz,BS,St. Johann,world,Canada,basel,St. Johann
2024-11,Zuzug,2024,11,Schweizer,M,43,Schweiz,Schweiz,BL,NA,Schweiz,Schweiz,BS,Am Ring,switzerland,Basel-Landschaft,basel,Am Ring
2024-11,Zuzug,2024,11,Schweizer,W,43,Schweiz,Schweiz,BL,NA,Schweiz,Schweiz,BS,St. Alban,switzerland,Basel-Landschaft,basel,St. Alban
2024-11,Wegzug,2024,11,Ausländer,W,43,Schweiz,Schweiz,BS,St. Johann,Europa (ohne Schweiz),Spanien,Ausland,NA,basel,St. Johann,europe,Spain
2024-11,Wegzug,2024,11,Ausländer,M,43,Schweiz,Schweiz,BS,Riehen,Schweiz,Schweiz,BL,NA,basel,Riehen,switzerland,Basel-Landschaft
2024-11,Wegzug,2024,11,Schweizer,M,43,Schweiz,Schweiz,BS,St. Alban,Europa (ohne Schweiz),Luxemburg,Ausland,NA,basel,St. Alban,europe,Luxembourg
2024-11,Wegzug,2024,11,Ausländer,M,43,Schweiz,Schweiz,BS,St. Alban,Schweiz,Schweiz,BL,NA,basel,St. Alban,switzerland,Basel-Landschaft
2024-11,Wegzug,2024,11,Ausländer,W,43,Schweiz,Schweiz,BS,Clara,Lateinamerika und Karibik,Brasilien,Ausland,NA,basel,Clara,world,Brazil
2024-11,Wegzug,2024,11,Ausländer,W,43,Schweiz,Schweiz,BS,Gotthelf,Schweiz,Schweiz,BL,NA,basel,Gotthelf,switzerland,Basel-Landschaft
2024-11,Wegzug,2024,11,Ausländer,W,43,Schweiz,Schweiz,BS,St. Johann,Schweiz,Schweiz,BL,NA,basel,St. Johann,switzerland,Basel-Landschaft
2024-11,Wegzug,2024,11,Ausländer,M,43,Schweiz,Schweiz,BS,Vorstädte,Europa (ohne Schweiz),Ukraine,Ausland,NA,basel,Vorstädte,europe,Ukraine
2024-11,Wegzug,2024,11,Ausländer,W,43,Schweiz,Schweiz,BS,Rosental,Schweiz,Schweiz,BL,NA,basel,Rosental,switzerland,Basel-Landschaft
2024-11,Wegzug,2024,11,Ausländer,M,43,Schweiz,Schweiz,BS,Gotthelf,Schweiz,Schweiz,BL,NA,basel,Gotthelf,switzerland,Basel-Landschaft
2024-11,Wegzug,2024,11,Ausländer,M,43,Schweiz,Schweiz,BS,Klybeck,Schweiz,Schweiz,BL,NA,basel,Klybeck,switzerland,Basel-Landschaft
2024-11,Wegzug,2024,11,Ausländer,W,43,Schweiz,Schweiz,BS,Riehen,Schweiz,Schweiz,BL,NA,basel,Riehen,switzerland,Basel-Landschaft
2024-11,Zuzug,2024,11,Ausländer,M,43,Lateinamerika und Karibik,Mexiko,NA,NA,Schweiz,Schweiz,BS,Iselin,world,Mexico,basel,Iselin
2024-11,Zuzug,2024,11,Ausländer,W,43,Europa (ohne Schweiz),Deutschland,NA,NA,Schweiz,Schweiz,BS,Wettstein,europe,Germany,basel,Wettstein
2024-11,Zuzug,2024,11,Ausländer,M,43,Asien,Indien,NA,NA,Schweiz,Schweiz,BS,Clara,world,India,basel,Clara
2024-11,Zuzug,2024,11,Ausländer,M,43,Schweiz,Schweiz,BL,NA,Schweiz,Schweiz,BS,St. Johann,switzerland,Basel-Landschaft,basel,St. Johann
2024-11,Zuzug,2024,11,Ausländer,W,43,Europa (ohne Schweiz),Rumänien,NA,NA,Schweiz,Schweiz,BS,Riehen,europe,Romania,basel,Riehen
2024-11,Zuzug,2024,11,Ausländer,M,44,NA,NA,NA,NA,Schweiz,Schweiz,BS,Vorstädte,NA,NA,basel,Vorstädte
2024-11,Wegzug,2024,11,Ausländer,M,44,Schweiz,Schweiz,BS,Iselin,Schweiz,Schweiz,BL,NA,basel,Iselin,switzerland,Basel-Landschaft
2024-11,Wegzug,2024,11,Ausländer,M,44,Schweiz,Schweiz,BS,St. Alban,Europa (ohne Schweiz),Spanien,Ausland,NA,basel,St. Alban,europe,Spain
2024-11,Wegzug,2024,11,Ausländer,M,44,Schweiz,Schweiz,BS,Gundeldingen,Europa (ohne Schweiz),Deutschland,Ausland,NA,basel,Gundeldingen,europe,Germany
2024-11,Zuzug,2024,11,Ausländer,M,44,Europa (ohne Schweiz),Deutschland,NA,NA,Schweiz,Schweiz,BS,Riehen,europe,Germany,basel,Riehen
2024-11,Zuzug,2024,11,Ausländer,M,44,Europa (ohne Schweiz),Frankreich,NA,NA,Schweiz,Schweiz,BS,Matthäus,europe,France,basel,Matthäus
2024-11,Zuzug,2024,11,Schweizer,M,44,NA,NA,NA,NA,Schweiz,Schweiz,BS,St. Johann,NA,NA,basel,St. Johann
2024-11,Wegzug,2024,11,Ausländer,W,44,Schweiz,Schweiz,BS,Gundeldingen,Europa (ohne Schweiz),Irland,Ausland,NA,basel,Gundeldingen,europe,Ireland
2024-11,Wegzug,2024,11,Ausländer,W,44,Schweiz,Schweiz,BS,Matthäus,Europa (ohne Schweiz),Italien,Ausland,NA,basel,Matthäus,europe,Italy
2024-11,Wegzug,2024,11,Schweizer,W,44,Schweiz,Schweiz,BS,Wettstein,Schweiz,Schweiz,BL,NA,basel,Wettstein,switzerland,Basel-Landschaft
2024-11,Wegzug,2024,11,Ausländer,M,44,Schweiz,Schweiz,BS,Kleinhüningen,Schweiz,Schweiz,AG,NA,basel,Kleinhüningen,switzerland,Aargau
2024-11,Wegzug,2024,11,Schweizer,W,44,Schweiz,Schweiz,BS,Riehen,Schweiz,Schweiz,BL,NA,basel,Riehen,switzerland,Basel-Landschaft
2024-11,Wegzug,2024,11,Ausländer,W,44,Schweiz,Schweiz,BS,Kleinhüningen,Schweiz,Schweiz,BL,NA,basel,Kleinhüningen,switzerland,Basel-Landschaft
2024-11,Wegzug,2024,11,Ausländer,M,44,Schweiz,Schweiz,BS,Vorstädte,Schweiz,Schweiz,AG,NA,basel,Vorstädte,switzerland,Aargau
2024-11,Wegzug,2024,11,Ausländer,M,44,Schweiz,Schweiz,BS,St. Johann,Schweiz,Schweiz,SH,NA,basel,St. Johann,switzerland,Schaffhausen
2024-11,Wegzug,2024,11,Ausländer,W,44,Schweiz,Schweiz,BS,Kleinhüningen,Lateinamerika und Karibik,Brasilien,Ausland,NA,basel,Kleinhüningen,world,Brazil
2024-11,Wegzug,2024,11,Schweizer,M,44,Schweiz,Schweiz,BS,Gundeldingen,Schweiz,Schweiz,BE,NA,basel,Gundeldingen,switzerland,Bern
2024-11,Zuzug,2024,11,Ausländer,M,44,Europa (ohne Schweiz),Deutschland,NA,NA,Schweiz,Schweiz,BS,Gundeldingen,europe,Germany,basel,Gundeldingen
2024-11,Zuzug,2024,11,Ausländer,M,44,Europa (ohne Schweiz),Deutschland,NA,NA,Schweiz,Schweiz,BS,St. Johann,europe,Germany,basel,St. Johann
2024-11,Zuzug,2024,11,Ausländer,M,44,Europa (ohne Schweiz),Griechenland,NA,NA,Schweiz,Schweiz,BS,Matthäus,europe,Greece,basel,Matthäus
2024-11,Zuzug,2024,11,Ausländer,W,44,Europa (ohne Schweiz),Deutschland,NA,NA,Schweiz,Schweiz,BS,Riehen,europe,Germany,basel,Riehen
2024-11,Zuzug,2024,11,Schweizer,M,44,Schweiz,Schweiz,BL,NA,Schweiz,Schweiz,BS,Iselin,switzerland,Basel-Landschaft,basel,Iselin
2024-11,Zuzug,2024,11,Ausländer,M,44,Asien,Kasachstan,NA,NA,Schweiz,Schweiz,BS,St. Johann,world,Kazakhstan,basel,St. Johann
2024-11,Zuzug,2024,11,Ausländer,W,44,Europa (ohne Schweiz),Serbien,NA,NA,Schweiz,Schweiz,BS,Gotthelf,europe,Serbia,basel,Gotthelf
2024-11,Zuzug,2024,11,Ausländer,M,44,Asien,Afghanistan,NA,NA,Schweiz,Schweiz,BS,Bachletten,world,Afghanistan,basel,Bachletten
2024-11,Zuzug,2024,11,Ausländer,W,45,Europa (ohne Schweiz),Italien,NA,NA,Schweiz,Schweiz,BS,Matthäus,europe,Italy,basel,Matthäus
2024-11,Zuzug,2024,11,Schweizer,M,45,Schweiz,Schweiz,AG,NA,Schweiz,Schweiz,BS,Bachletten,switzerland,Aargau,basel,Bachletten
2024-11,Wegzug,2024,11,Ausländer,M,45,Schweiz,Schweiz,BS,St. Alban,Schweiz,Schweiz,ZH,NA,basel,St. Alban,switzerland,Zürich
2024-11,Wegzug,2024,11,Schweizer,M,45,Schweiz,Schweiz,BS,Gotthelf,Schweiz,Schweiz,BL,NA,basel,Gotthelf,switzerland,Basel-Landschaft
2024-11,Wegzug,2024,11,Schweizer,M,45,Schweiz,Schweiz,BS,Bachletten,NA,NA,NA,NA,basel,Bachletten,NA,NA
2024-11,Zuzug,2024,11,Schweizer,M,45,Schweiz,Schweiz,BL,NA,Schweiz,Schweiz,BS,Klybeck,switzerland,Basel-Landschaft,basel,Klybeck
2024-11,Zuzug,2024,11,Ausländer,M,45,Europa (ohne Schweiz),Deutschland,NA,NA,Schweiz,Schweiz,BS,Am Ring,europe,Germany,basel,Am Ring
2024-11,Zuzug,2024,11,Ausländer,M,45,Europa (ohne Schweiz),Niederlande,NA,NA,Schweiz,Schweiz,BS,Gundeldingen,europe,Netherlands,basel,Gundeldingen
2024-11,Zuzug,2024,11,Schweizer,W,45,Asien,Thailand,NA,NA,Schweiz,Schweiz,BS,Klybeck,world,Thailand,basel,Klybeck
2024-11,Wegzug,2024,11,Schweizer,M,45,Schweiz,Schweiz,BS,Breite,Schweiz,Schweiz,BL,NA,basel,Breite,switzerland,Basel-Landschaft
2024-11,Wegzug,2024,11,Ausländer,M,45,Schweiz,Schweiz,BS,Breite,Nordamerika,Vereinigte Staaten von Amerika,Ausland,NA,basel,Breite,world,United States of America
2024-11,Wegzug,2024,11,Schweizer,M,45,Schweiz,Schweiz,BS,Riehen,Schweiz,Schweiz,SO,NA,basel,Riehen,switzerland,Solothurn
2024-11,Wegzug,2024,11,Ausländer,M,45,Schweiz,Schweiz,BS,Hirzbrunnen,Schweiz,Schweiz,SG,NA,basel,Hirzbrunnen,switzerland,St. Gallen
2024-11,Wegzug,2024,11,Ausländer,W,45,Schweiz,Schweiz,BS,Klybeck,Schweiz,Schweiz,BL,NA,basel,Klybeck,switzerland,Basel-Landschaft
2024-11,Wegzug,2024,11,Ausländer,M,45,Schweiz,Schweiz,BS,Iselin,Europa (ohne Schweiz),Portugal,Ausland,NA,basel,Iselin,europe,Portugal
2024-11,Zuzug,2024,11,Ausländer,M,45,Europa (ohne Schweiz),Grossbritannien,NA,NA,Schweiz,Schweiz,BS,Klybeck,europe,United Kingdom,basel,Klybeck
2024-11,Zuzug,2024,11,Ausländer,M,45,Schweiz,Schweiz,BL,NA,Schweiz,Schweiz,BS,Gundeldingen,switzerland,Basel-Landschaft,basel,Gundeldingen
2024-11,Zuzug,2024,11,Schweizer,M,45,Schweiz,Schweiz,ZH,NA,Schweiz,Schweiz,BS,Hirzbrunnen,switzerland,Zürich,basel,Hirzbrunnen
2024-11,Zuzug,2024,11,Ausländer,M,45,Europa (ohne Schweiz),Deutschland,NA,NA,Schweiz,Schweiz,BS,Matthäus,europe,Germany,basel,Matthäus
2024-11,Zuzug,2024,11,Ausländer,W,46,Europa (ohne Schweiz),Deutschland,NA,NA,Schweiz,Schweiz,BS,Altstadt Kleinbasel,europe,Germany,basel,Altstadt Kleinbasel
2024-11,Zuzug,2024,11,Ausländer,M,46,Schweiz,Schweiz,TG,NA,Schweiz,Schweiz,BS,Gundeldingen,switzerland,Thurgau,basel,Gundeldingen
2024-11,Wegzug,2024,11,Schweizer,M,46,Schweiz,Schweiz,BS,Gundeldingen,Schweiz,Schweiz,AG,NA,basel,Gundeldingen,switzerland,Aargau
2024-11,Wegzug,2024,11,Ausländer,W,46,Schweiz,Schweiz,BS,Gundeldingen,Schweiz,Schweiz,AG,NA,basel,Gundeldingen,switzerland,Aargau
2024-11,Zuzug,2024,11,Ausländer,M,46,Europa (ohne Schweiz),Deutschland,NA,NA,Schweiz,Schweiz,BS,Rosental,europe,Germany,basel,Rosental
2024-11,Zuzug,2024,11,Ausländer,M,46,Europa (ohne Schweiz),Deutschland,NA,NA,Schweiz,Schweiz,BS,Klybeck,europe,Germany,basel,Klybeck
2024-11,Zuzug,2024,11,Ausländer,M,46,Europa (ohne Schweiz),Polen,NA,NA,Schweiz,Schweiz,BS,Kleinhüningen,europe,Poland,basel,Kleinhüningen
2024-11,Wegzug,2024,11,Ausländer,M,46,Schweiz,Schweiz,BS,Matthäus,Schweiz,Schweiz,SO,NA,basel,Matthäus,switzerland,Solothurn
2024-11,Wegzug,2024,11,Ausländer,M,46,Schweiz,Schweiz,BS,Gotthelf,NA,NA,NA,NA,basel,Gotthelf,NA,NA
2024-11,Wegzug,2024,11,Ausländer,W,46,Schweiz,Schweiz,BS,Rosental,Schweiz,Schweiz,BL,NA,basel,Rosental,switzerland,Basel-Landschaft
2024-11,Wegzug,2024,11,Ausländer,M,46,Schweiz,Schweiz,BS,Bruderholz,Schweiz,Schweiz,BL,NA,basel,Bruderholz,switzerland,Basel-Landschaft
2024-11,Wegzug,2024,11,Ausländer,W,46,Schweiz,Schweiz,BS,Riehen,Schweiz,Schweiz,BL,NA,basel,Riehen,switzerland,Basel-Landschaft
2024-11,Wegzug,2024,11,Ausländer,M,46,Schweiz,Schweiz,BS,Hirzbrunnen,Schweiz,Schweiz,AG,NA,basel,Hirzbrunnen,switzerland,Aargau
2024-11,Wegzug,2024,11,Ausländer,M,46,Schweiz,Schweiz,BS,Bruderholz,Schweiz,Schweiz,TI,NA,basel,Bruderholz,switzerland,Ticino
2024-11,Wegzug,2024,11,Ausländer,W,46,Schweiz,Schweiz,BS,Bruderholz,Schweiz,Schweiz,TI,NA,basel,Bruderholz,switzerland,Ticino
2024-11,Zuzug,2024,11,Ausländer,W,46,Europa (ohne Schweiz),Italien,NA,NA,Schweiz,Schweiz,BS,Klybeck,europe,Italy,basel,Klybeck
2024-11,Zuzug,2024,11,Schweizer,M,46,Schweiz,Schweiz,SO,NA,Schweiz,Schweiz,BS,NA,switzerland,Solothurn,basel,NA
2024-11,Zuzug,2024,11,Ausländer,M,46,Europa (ohne Schweiz),Rumänien,NA,NA,Schweiz,Schweiz,BS,Vorstädte,europe,Romania,basel,Vorstädte
2024-11,Zuzug,2024,11,Ausländer,M,47,Schweiz,Schweiz,SO,NA,Schweiz,Schweiz,BS,Iselin,switzerland,Solothurn,basel,Iselin
2024-11,Zuzug,2024,11,Schweizer,W,47,Schweiz,Schweiz,SZ,NA,Schweiz,Schweiz,BS,Rosental,switzerland,Schwyz,basel,Rosental
2024-11,Zuzug,2024,11,Ausländer,W,47,Europa (ohne Schweiz),Deutschland,NA,NA,Schweiz,Schweiz,BS,Gundeldingen,europe,Germany,basel,Gundeldingen
2024-11,Wegzug,2024,11,Schweizer,M,47,Schweiz,Schweiz,BS,Gotthelf,NA,NA,NA,NA,basel,Gotthelf,NA,NA
2024-11,Wegzug,2024,11,Schweizer,W,47,Schweiz,Schweiz,BS,Breite,Schweiz,Schweiz,BL,NA,basel,Breite,switzerland,Basel-Landschaft
2024-11,Zuzug,2024,11,Ausländer,M,47,Europa (ohne Schweiz),Portugal,NA,NA,Schweiz,Schweiz,BS,St. Johann,europe,Portugal,basel,St. Johann
2024-11,Zuzug,2024,11,Ausländer,M,47,Schweiz,Schweiz,ZH,NA,Schweiz,Schweiz,BS,Clara,switzerland,Zürich,basel,Clara
2024-11,Zuzug,2024,11,Ausländer,W,47,Europa (ohne Schweiz),Spanien,NA,NA,Schweiz,Schweiz,BS,Matthäus,europe,Spain,basel,Matthäus
2024-11,Zuzug,2024,11,Ausländer,W,47,Europa (ohne Schweiz),Niederlande,NA,NA,Schweiz,Schweiz,BS,Rosental,europe,Netherlands,basel,Rosental
2024-11,Zuzug,2024,11,Schweizer,M,47,Europa (ohne Schweiz),Deutschland,NA,NA,Schweiz,Schweiz,BS,Am Ring,europe,Germany,basel,Am Ring
2024-11,Wegzug,2024,11,Ausländer,W,47,Schweiz,Schweiz,BS,St. Johann,Europa (ohne Schweiz),Deutschland,Ausland,NA,basel,St. Johann,europe,Germany
2024-11,Wegzug,2024,11,Schweizer,M,47,Schweiz,Schweiz,BS,Iselin,Europa (ohne Schweiz),Frankreich,Ausland,NA,basel,Iselin,europe,France
2024-11,Wegzug,2024,11,Ausländer,M,47,Schweiz,Schweiz,BS,St. Johann,Europa (ohne Schweiz),Rumänien,Ausland,NA,basel,St. Johann,europe,Romania
2024-11,Wegzug,2024,11,Ausländer,M,47,Schweiz,Schweiz,BS,Gundeldingen,Schweiz,Schweiz,BL,NA,basel,Gundeldingen,switzerland,Basel-Landschaft
2024-11,Wegzug,2024,11,Ausländer,W,47,Schweiz,Schweiz,BS,Klybeck,NA,NA,NA,NA,basel,Klybeck,NA,NA
2024-11,Wegzug,2024,11,Ausländer,M,47,Schweiz,Schweiz,BS,Iselin,Europa (ohne Schweiz),Deutschland,Ausland,NA,basel,Iselin,europe,Germany
2024-11,Wegzug,2024,11,Schweizer,M,47,Schweiz,Schweiz,BS,Bruderholz,Schweiz,Schweiz,AG,NA,basel,Bruderholz,switzerland,Aargau
2024-11,Wegzug,2024,11,Schweizer,M,47,Schweiz,Schweiz,BS,Wettstein,Schweiz,Schweiz,BL,NA,basel,Wettstein,switzerland,Basel-Landschaft
2024-11,Zuzug,2024,11,Ausländer,M,47,Lateinamerika und Karibik,Ecuador,NA,NA,Schweiz,Schweiz,BS,St. Johann,world,Ecuador,basel,St. Johann
2024-11,Zuzug,2024,11,Ausländer,W,47,Schweiz,Schweiz,BL,NA,Schweiz,Schweiz,BS,Klybeck,switzerland,Basel-Landschaft,basel,Klybeck
2024-11,Zuzug,2024,11,Ausländer,M,47,Nordamerika,Kanada,NA,NA,Schweiz,Schweiz,BS,St. Johann,world,Canada,basel,St. Johann
2024-11,Zuzug,2024,11,Ausländer,M,47,Europa (ohne Schweiz),Frankreich,NA,NA,Schweiz,Schweiz,BS,Hirzbrunnen,europe,France,basel,Hirzbrunnen
2024-11,Zuzug,2024,11,Ausländer,W,47,Nordamerika,Vereinigte Staaten von Amerika,NA,NA,Schweiz,Schweiz,BS,Riehen,world,United States of America,basel,Riehen
2024-11,Zuzug,2024,11,Ausländer,M,47,Schweiz,Schweiz,BL,NA,Schweiz,Schweiz,BS,Klybeck,switzerland,Basel-Landschaft,basel,Klybeck
2024-11,Zuzug,2024,11,Ausländer,M,48,Europa (ohne Schweiz),Niederlande,NA,NA,Schweiz,Schweiz,BS,St. Johann,europe,Netherlands,basel,St. Johann
2024-11,Wegzug,2024,11,Ausländer,W,48,Schweiz,Schweiz,BS,Iselin,Schweiz,Schweiz,BL,NA,basel,Iselin,switzerland,Basel-Landschaft
2024-11,Wegzug,2024,11,Schweizer,W,48,Schweiz,Schweiz,BS,Bettingen,Schweiz,Schweiz,BL,NA,basel,Bettingen,switzerland,Basel-Landschaft
2024-11,Zuzug,2024,11,Ausländer,M,48,Europa (ohne Schweiz),Irland,NA,NA,Schweiz,Schweiz,BS,Vorstädte,europe,Ireland,basel,Vorstädte
2024-11,Zuzug,2024,11,Ausländer,M,48,Asien,Indien,NA,NA,Schweiz,Schweiz,BS,Clara,world,India,basel,Clara
2024-11,Zuzug,2024,11,Schweizer,M,48,Schweiz,Schweiz,BL,NA,Schweiz,Schweiz,BS,Matthäus,switzerland,Basel-Landschaft,basel,Matthäus
2024-11,Zuzug,2024,11,Schweizer,M,48,Schweiz,Schweiz,ZH,NA,Schweiz,Schweiz,BS,Gundeldingen,switzerland,Zürich,basel,Gundeldingen
2024-11,Wegzug,2024,11,Schweizer,W,48,Schweiz,Schweiz,BS,Bruderholz,Schweiz,Schweiz,BL,NA,basel,Bruderholz,switzerland,Basel-Landschaft
2024-11,Wegzug,2024,11,Ausländer,W,48,Schweiz,Schweiz,BS,Gundeldingen,Schweiz,Schweiz,BL,NA,basel,Gundeldingen,switzerland,Basel-Landschaft
2024-11,Wegzug,2024,11,Schweizer,M,48,Schweiz,Schweiz,BS,Altstadt Grossbasel,NA,NA,NA,NA,basel,Altstadt Grossbasel,NA,NA
2024-11,Wegzug,2024,11,Ausländer,M,48,Schweiz,Schweiz,BS,Riehen,Europa (ohne Schweiz),Deutschland,Ausland,NA,basel,Riehen,europe,Germany
2024-11,Wegzug,2024,11,Schweizer,M,48,Schweiz,Schweiz,BS,Hirzbrunnen,Europa (ohne Schweiz),Frankreich,Ausland,NA,basel,Hirzbrunnen,europe,France
2024-11,Wegzug,2024,11,Ausländer,M,48,Schweiz,Schweiz,BS,Am Ring,Schweiz,Schweiz,SO,NA,basel,Am Ring,switzerland,Solothurn
2024-11,Wegzug,2024,11,Schweizer,M,48,Schweiz,Schweiz,BS,Iselin,Schweiz,Schweiz,BL,NA,basel,Iselin,switzerland,Basel-Landschaft
2024-11,Zuzug,2024,11,Ausländer,M,48,Schweiz,Schweiz,BL,NA,Schweiz,Schweiz,BS,Wettstein,switzerland,Basel-Landschaft,basel,Wettstein
2024-11,Zuzug,2024,11,Ausländer,W,48,Schweiz,Schweiz,BL,NA,Schweiz,Schweiz,BS,Am Ring,switzerland,Basel-Landschaft,basel,Am Ring
2024-11,Zuzug,2024,11,Schweizer,M,48,Schweiz,Schweiz,ZH,NA,Schweiz,Schweiz,BS,Bachletten,switzerland,Zürich,basel,Bachletten
2024-11,Zuzug,2024,11,Schweizer,M,48,Schweiz,Schweiz,BL,NA,Schweiz,Schweiz,BS,Breite,switzerland,Basel-Landschaft,basel,Breite
2024-11,Zuzug,2024,11,Schweizer,M,49,Schweiz,Schweiz,BL,NA,Schweiz,Schweiz,BS,St. Johann,switzerland,Basel-Landschaft,basel,St. Johann
2024-11,Zuzug,2024,11,Ausländer,M,49,Schweiz,Schweiz,VD,NA,Schweiz,Schweiz,BS,Gundeldingen,switzerland,Vaud,basel,Gundeldingen
2024-11,Zuzug,2024,11,Schweizer,W,49,Europa (ohne Schweiz),Deutschland,NA,NA,Schweiz,Schweiz,BS,Matthäus,europe,Germany,basel,Matthäus
2024-11,Zuzug,2024,11,Schweizer,W,49,Schweiz,Schweiz,BL,NA,Schweiz,Schweiz,BS,Riehen,switzerland,Basel-Landschaft,basel,Riehen
2024-11,Wegzug,2024,11,Ausländer,W,49,Schweiz,Schweiz,BS,Iselin,Schweiz,Schweiz,SO,NA,basel,Iselin,switzerland,Solothurn
2024-11,Wegzug,2024,11,Ausländer,M,49,Schweiz,Schweiz,BS,St. Johann,Europa (ohne Schweiz),Polen,Ausland,NA,basel,St. Johann,europe,Poland
2024-11,Wegzug,2024,11,Ausländer,W,49,Schweiz,Schweiz,BS,Breite,Schweiz,Schweiz,BL,NA,basel,Breite,switzerland,Basel-Landschaft
2024-11,Wegzug,2024,11,Schweizer,M,49,Schweiz,Schweiz,BS,St. Alban,Lateinamerika und Karibik,Brasilien,Ausland,NA,basel,St. Alban,world,Brazil
2024-11,Zuzug,2024,11,Ausländer,W,49,Lateinamerika und Karibik,Mexiko,NA,NA,Schweiz,Schweiz,BS,Rosental,world,Mexico,basel,Rosental
2024-11,Zuzug,2024,11,Ausländer,W,49,Europa (ohne Schweiz),Niederlande,NA,NA,Schweiz,Schweiz,BS,Rosental,europe,Netherlands,basel,Rosental
2024-11,Zuzug,2024,11,Schweizer,M,49,Schweiz,Schweiz,BL,NA,Schweiz,Schweiz,BS,Breite,switzerland,Basel-Landschaft,basel,Breite
2024-11,Zuzug,2024,11,Ausländer,M,49,Europa (ohne Schweiz),Slowakische Republik,NA,NA,Schweiz,Schweiz,BS,Gundeldingen,europe,Slovakia,basel,Gundeldingen
2024-11,Wegzug,2024,11,Schweizer,M,49,Schweiz,Schweiz,BS,Matthäus,Schweiz,Schweiz,ZG,NA,basel,Matthäus,switzerland,Zug
2024-11,Wegzug,2024,11,Schweizer,M,49,Schweiz,Schweiz,BS,Bruderholz,Schweiz,Schweiz,BL,NA,basel,Bruderholz,switzerland,Basel-Landschaft
2024-11,Wegzug,2024,11,Ausländer,W,49,Schweiz,Schweiz,BS,Gundeldingen,Europa (ohne Schweiz),Polen,Ausland,NA,basel,Gundeldingen,europe,Poland
2024-11,Wegzug,2024,11,Schweizer,W,49,Schweiz,Schweiz,BS,Bachletten,Schweiz,Schweiz,BL,NA,basel,Bachletten,switzerland,Basel-Landschaft
2024-11,Wegzug,2024,11,Ausländer,W,49,Schweiz,Schweiz,BS,Wettstein,Europa (ohne Schweiz),Litauen,Ausland,NA,basel,Wettstein,europe,Lithuania
2024-11,Wegzug,2024,11,Ausländer,M,49,Schweiz,Schweiz,BS,St. Alban,NA,NA,NA,NA,basel,St. Alban,NA,NA
2024-11,Wegzug,2024,11,Schweizer,W,49,Schweiz,Schweiz,BS,Altstadt Grossbasel,Schweiz,Schweiz,BL,NA,basel,Altstadt Grossbasel,switzerland,Basel-Landschaft
2024-11,Wegzug,2024,11,Ausländer,W,49,Schweiz,Schweiz,BS,Am Ring,Schweiz,Schweiz,ZH,NA,basel,Am Ring,switzerland,Zürich
2024-11,Wegzug,2024,11,Schweizer,W,49,Schweiz,Schweiz,BS,St. Alban,Schweiz,Schweiz,AG,NA,basel,St. Alban,switzerland,Aargau
2024-11,Wegzug,2024,11,Ausländer,M,49,Schweiz,Schweiz,BS,Matthäus,Europa (ohne Schweiz),Nordmazedonien,Ausland,NA,basel,Matthäus,europe,North Macedonia
2024-11,Wegzug,2024,11,Ausländer,M,49,Schweiz,Schweiz,BS,Am Ring,Europa (ohne Schweiz),Grossbritannien,Ausland,NA,basel,Am Ring,europe,United Kingdom
2024-11,Wegzug,2024,11,Ausländer,W,49,Schweiz,Schweiz,BS,Riehen,Lateinamerika und Karibik,Paraguay,Ausland,NA,basel,Riehen,world,Paraguay
2024-11,Zuzug,2024,11,Ausländer,M,49,Europa (ohne Schweiz),Portugal,NA,NA,Schweiz,Schweiz,BS,Am Ring,europe,Portugal,basel,Am Ring
2024-11,Zuzug,2024,11,Ausländer,M,49,Europa (ohne Schweiz),Deutschland,NA,NA,Schweiz,Schweiz,BS,Gundeldingen,europe,Germany,basel,Gundeldingen
2024-11,Zuzug,2024,11,Ausländer,W,49,Europa (ohne Schweiz),Deutschland,NA,NA,Schweiz,Schweiz,BS,Gundeldingen,europe,Germany,basel,Gundeldingen
2024-11,Zuzug,2024,11,Ausländer,W,49,Europa (ohne Schweiz),Spanien,NA,NA,Schweiz,Schweiz,BS,Vorstädte,europe,Spain,basel,Vorstädte
2024-11,Zuzug,2024,11,Ausländer,W,50,Europa (ohne Schweiz),Polen,NA,NA,Schweiz,Schweiz,BS,Iselin,europe,Poland,basel,Iselin
2024-11,Zuzug,2024,11,Ausländer,W,50,Europa (ohne Schweiz),Türkei,NA,NA,Schweiz,Schweiz,BS,Rosental,world,Turkey,basel,Rosental
2024-11,Wegzug,2024,11,Ausländer,M,50,Schweiz,Schweiz,BS,Gundeldingen,Europa (ohne Schweiz),Polen,Ausland,NA,basel,Gundeldingen,europe,Poland
2024-11,Wegzug,2024,11,Ausländer,M,50,Schweiz,Schweiz,BS,Riehen,Schweiz,Schweiz,BL,NA,basel,Riehen,switzerland,Basel-Landschaft
2024-11,Wegzug,2024,11,Ausländer,M,50,Schweiz,Schweiz,BS,Riehen,Schweiz,Schweiz,BL,NA,basel,Riehen,switzerland,Basel-Landschaft
2024-11,Wegzug,2024,11,Ausländer,M,50,Schweiz,Schweiz,BS,Riehen,Lateinamerika und Karibik,Paraguay,Ausland,NA,basel,Riehen,world,Paraguay
2024-11,Wegzug,2024,11,Schweizer,W,50,Schweiz,Schweiz,BS,Clara,Schweiz,Schweiz,BL,NA,basel,Clara,switzerland,Basel-Landschaft
2024-11,Wegzug,2024,11,Ausländer,M,50,Schweiz,Schweiz,BS,Rosental,Schweiz,Schweiz,BL,NA,basel,Rosental,switzerland,Basel-Landschaft
2024-11,Wegzug,2024,11,Ausländer,M,50,Schweiz,Schweiz,BS,Iselin,Schweiz,Schweiz,BL,NA,basel,Iselin,switzerland,Basel-Landschaft
2024-11,Wegzug,2024,11,Ausländer,M,50,Schweiz,Schweiz,BS,Riehen,Schweiz,Schweiz,BL,NA,basel,Riehen,switzerland,Basel-Landschaft
2024-11,Wegzug,2024,11,Ausländer,M,50,Schweiz,Schweiz,BS,Matthäus,NA,NA,NA,NA,basel,Matthäus,NA,NA
2024-11,Wegzug,2024,11,Schweizer,W,50,Schweiz,Schweiz,BS,Iselin,Schweiz,Schweiz,BL,NA,basel,Iselin,switzerland,Basel-Landschaft
2024-11,Wegzug,2024,11,Ausländer,M,50,Schweiz,Schweiz,BS,Riehen,Schweiz,Schweiz,BL,NA,basel,Riehen,switzerland,Basel-Landschaft
2024-11,Zuzug,2024,11,Ausländer,M,50,Europa (ohne Schweiz),Deutschland,NA,NA,Schweiz,Schweiz,BS,St. Alban,europe,Germany,basel,St. Alban
2024-11,Zuzug,2024,11,Ausländer,M,50,Schweiz,Schweiz,BL,NA,Schweiz,Schweiz,BS,Am Ring,switzerland,Basel-Landschaft,basel,Am Ring
2024-11,Zuzug,2024,11,Schweizer,M,50,Schweiz,Schweiz,BL,NA,Schweiz,Schweiz,BS,Riehen,switzerland,Basel-Landschaft,basel,Riehen
2024-11,Wegzug,2024,11,Schweizer,M,51,Schweiz,Schweiz,BS,Wettstein,Lateinamerika und Karibik,Chile,Ausland,NA,basel,Wettstein,world,Chile
2024-11,Wegzug,2024,11,Schweizer,W,51,Schweiz,Schweiz,BS,Am Ring,Schweiz,Schweiz,VD,NA,basel,Am Ring,switzerland,Vaud
2024-11,Zuzug,2024,11,Ausländer,M,51,Asien,Vereinigte Arabische Emirate,NA,NA,Schweiz,Schweiz,BS,Gundeldingen,world,United Arab Emirates,basel,Gundeldingen
2024-11,Wegzug,2024,11,Schweizer,W,51,Schweiz,Schweiz,BS,Iselin,Schweiz,Schweiz,BL,NA,basel,Iselin,switzerland,Basel-Landschaft
2024-11,Wegzug,2024,11,Ausländer,W,51,Schweiz,Schweiz,BS,Gundeldingen,Nordamerika,Vereinigte Staaten von Amerika,Ausland,NA,basel,Gundeldingen,world,United States of America
2024-11,Wegzug,2024,11,Ausländer,M,51,Schweiz,Schweiz,BS,St. Johann,Europa (ohne Schweiz),Deutschland,Ausland,NA,basel,St. Johann,europe,Germany
2024-11,Wegzug,2024,11,Ausländer,W,51,Schweiz,Schweiz,BS,Riehen,Schweiz,Schweiz,BL,NA,basel,Riehen,switzerland,Basel-Landschaft
2024-11,Zuzug,2024,11,Schweizer,M,51,Schweiz,Schweiz,BL,NA,Schweiz,Schweiz,BS,Vorstädte,switzerland,Basel-Landschaft,basel,Vorstädte
2024-11,Zuzug,2024,11,Schweizer,W,51,Schweiz,Schweiz,BL,NA,Schweiz,Schweiz,BS,Gotthelf,switzerland,Basel-Landschaft,basel,Gotthelf
2024-11,Zuzug,2024,11,Schweizer,W,51,Europa (ohne Schweiz),Deutschland,NA,NA,Schweiz,Schweiz,BS,St. Alban,europe,Germany,basel,St. Alban
2024-11,Zuzug,2024,11,Ausländer,M,52,Europa (ohne Schweiz),Frankreich,NA,NA,Schweiz,Schweiz,BS,St. Johann,europe,France,basel,St. Johann
2024-11,Zuzug,2024,11,Schweizer,W,52,Asien,China,NA,NA,Schweiz,Schweiz,BS,Gundeldingen,world,China,basel,Gundeldingen
2024-11,Wegzug,2024,11,Ausländer,M,52,Schweiz,Schweiz,BS,Gundeldingen,Schweiz,Schweiz,BE,NA,basel,Gundeldingen,switzerland,Bern
2024-11,Wegzug,2024,11,Schweizer,M,52,Schweiz,Schweiz,BS,Bachletten,Schweiz,Schweiz,BL,NA,basel,Bachletten,switzerland,Basel-Landschaft
2024-11,Wegzug,2024,11,Schweizer,W,52,Schweiz,Schweiz,BS,Matthäus,Schweiz,Schweiz,BL,NA,basel,Matthäus,switzerland,Basel-Landschaft
2024-11,Wegzug,2024,11,Ausländer,M,52,Schweiz,Schweiz,BS,Riehen,Schweiz,Schweiz,BE,NA,basel,Riehen,switzerland,Bern
2024-11,Wegzug,2024,11,Ausländer,M,52,Schweiz,Schweiz,BS,Gundeldingen,Europa (ohne Schweiz),Deutschland,Ausland,NA,basel,Gundeldingen,europe,Germany
2024-11,Wegzug,2024,11,Ausländer,W,52,Schweiz,Schweiz,BS,St. Alban,Europa (ohne Schweiz),Deutschland,Ausland,NA,basel,St. Alban,europe,Germany
2024-11,Wegzug,2024,11,Schweizer,W,52,Schweiz,Schweiz,BS,Bruderholz,Schweiz,Schweiz,BL,NA,basel,Bruderholz,switzerland,Basel-Landschaft
2024-11,Zuzug,2024,11,Schweizer,W,52,Schweiz,Schweiz,BL,NA,Schweiz,Schweiz,BS,Bachletten,switzerland,Basel-Landschaft,basel,Bachletten
2024-11,Zuzug,2024,11,Ausländer,W,52,Europa (ohne Schweiz),Deutschland,NA,NA,Schweiz,Schweiz,BS,Bruderholz,europe,Germany,basel,Bruderholz
2024-11,Zuzug,2024,11,Ausländer,W,52,Europa (ohne Schweiz),Deutschland,NA,NA,Schweiz,Schweiz,BS,Am Ring,europe,Germany,basel,Am Ring
2024-11,Wegzug,2024,11,Schweizer,M,52,Schweiz,Schweiz,BS,Gundeldingen,Schweiz,Schweiz,BE,NA,basel,Gundeldingen,switzerland,Bern
2024-11,Wegzug,2024,11,Schweizer,M,52,Schweiz,Schweiz,BS,Am Ring,Schweiz,Schweiz,LU,NA,basel,Am Ring,switzerland,Luzern
2024-11,Wegzug,2024,11,Ausländer,M,52,Schweiz,Schweiz,BS,Matthäus,Asien,Irak,Ausland,NA,basel,Matthäus,world,Iraq
2024-11,Wegzug,2024,11,Ausländer,W,52,Schweiz,Schweiz,BS,Vorstädte,NA,NA,NA,NA,basel,Vorstädte,NA,NA
2024-11,Wegzug,2024,11,Ausländer,M,52,Schweiz,Schweiz,BS,Iselin,Schweiz,Schweiz,SO,NA,basel,Iselin,switzerland,Solothurn
2024-11,Wegzug,2024,11,Schweizer,W,52,Schweiz,Schweiz,BS,Riehen,Schweiz,Schweiz,BL,NA,basel,Riehen,switzerland,Basel-Landschaft
2024-11,Zuzug,2024,11,Ausländer,M,52,Schweiz,Schweiz,BL,NA,Schweiz,Schweiz,BS,Gundeldingen,switzerland,Basel-Landschaft,basel,Gundeldingen
2024-11,Zuzug,2024,11,Ausländer,W,52,Afrika,Kongo (Kinshasa),NA,NA,Schweiz,Schweiz,BS,Iselin,world,Dem. Rep. Congo,basel,Iselin
2024-11,Zuzug,2024,11,Ausländer,M,53,Nordamerika,Kanada,NA,NA,Schweiz,Schweiz,BS,Gotthelf,world,Canada,basel,Gotthelf
2024-11,Zuzug,2024,11,Schweizer,W,53,Schweiz,Schweiz,BL,NA,Schweiz,Schweiz,BS,Vorstädte,switzerland,Basel-Landschaft,basel,Vorstädte
2024-11,Wegzug,2024,11,Ausländer,W,53,Schweiz,Schweiz,BS,Altstadt Kleinbasel,Europa (ohne Schweiz),Spanien,Ausland,NA,basel,Altstadt Kleinbasel,europe,Spain
2024-11,Wegzug,2024,11,Ausländer,M,53,Schweiz,Schweiz,BS,Iselin,Schweiz,Schweiz,BL,NA,basel,Iselin,switzerland,Basel-Landschaft
2024-11,Wegzug,2024,11,Ausländer,M,53,Schweiz,Schweiz,BS,Matthäus,Europa (ohne Schweiz),Portugal,Ausland,NA,basel,Matthäus,europe,Portugal
2024-11,Wegzug,2024,11,Schweizer,M,53,Schweiz,Schweiz,BS,Am Ring,Schweiz,Schweiz,VD,NA,basel,Am Ring,switzerland,Vaud
2024-11,Wegzug,2024,11,Schweizer,M,53,Schweiz,Schweiz,BS,Gundeldingen,Schweiz,Schweiz,BL,NA,basel,Gundeldingen,switzerland,Basel-Landschaft
2024-11,Zuzug,2024,11,Schweizer,W,53,Schweiz,Schweiz,ZH,NA,Schweiz,Schweiz,BS,St. Alban,switzerland,Zürich,basel,St. Alban
2024-11,Zuzug,2024,11,Ausländer,W,53,Europa (ohne Schweiz),Litauen,NA,NA,Schweiz,Schweiz,BS,St. Alban,europe,Lithuania,basel,St. Alban
2024-11,Zuzug,2024,11,Ausländer,M,53,Europa (ohne Schweiz),Niederlande,NA,NA,Schweiz,Schweiz,BS,Clara,europe,Netherlands,basel,Clara
2024-11,Zuzug,2024,11,Ausländer,W,53,Nordamerika,Kanada,NA,NA,Schweiz,Schweiz,BS,Gotthelf,world,Canada,basel,Gotthelf
2024-11,Zuzug,2024,11,Ausländer,M,53,Europa (ohne Schweiz),Griechenland,NA,NA,Schweiz,Schweiz,BS,Iselin,europe,Greece,basel,Iselin
2024-11,Wegzug,2024,11,Schweizer,M,53,Schweiz,Schweiz,BS,Riehen,Schweiz,Schweiz,AG,NA,basel,Riehen,switzerland,Aargau
2024-11,Wegzug,2024,11,Schweizer,M,53,Schweiz,Schweiz,BS,Riehen,Schweiz,Schweiz,BL,NA,basel,Riehen,switzerland,Basel-Landschaft
2024-11,Wegzug,2024,11,Schweizer,M,53,Schweiz,Schweiz,BS,Clara,Schweiz,Schweiz,BL,NA,basel,Clara,switzerland,Basel-Landschaft
2024-11,Wegzug,2024,11,Ausländer,W,53,Schweiz,Schweiz,BS,Iselin,Schweiz,Schweiz,BL,NA,basel,Iselin,switzerland,Basel-Landschaft
2024-11,Wegzug,2024,11,Schweizer,W,53,Schweiz,Schweiz,BS,Iselin,Schweiz,Schweiz,BL,NA,basel,Iselin,switzerland,Basel-Landschaft
2024-11,Wegzug,2024,11,Ausländer,W,53,Schweiz,Schweiz,BS,Gundeldingen,Schweiz,Schweiz,ZH,NA,basel,Gundeldingen,switzerland,Zürich
2024-11,Zuzug,2024,11,Ausländer,M,53,Europa (ohne Schweiz),Niederlande,NA,NA,Schweiz,Schweiz,BS,Rosental,europe,Netherlands,basel,Rosental
2024-11,Zuzug,2024,11,Ausländer,W,53,Europa (ohne Schweiz),Frankreich,NA,NA,Schweiz,Schweiz,BS,Am Ring,europe,France,basel,Am Ring
2024-11,Zuzug,2024,11,Schweizer,W,53,Schweiz,Schweiz,BL,NA,Schweiz,Schweiz,BS,St. Johann,switzerland,Basel-Landschaft,basel,St. Johann
2024-11,Zuzug,2024,11,Ausländer,M,53,Europa (ohne Schweiz),Italien,NA,NA,Schweiz,Schweiz,BS,Gundeldingen,europe,Italy,basel,Gundeldingen
2024-11,Zuzug,2024,11,Schweizer,M,53,Schweiz,Schweiz,BE,NA,Schweiz,Schweiz,BS,Altstadt Grossbasel,switzerland,Bern,basel,Altstadt Grossbasel
2024-11,Zuzug,2024,11,Ausländer,M,54,Schweiz,Schweiz,BL,NA,Schweiz,Schweiz,BS,Rosental,switzerland,Basel-Landschaft,basel,Rosental
2024-11,Zuzug,2024,11,Ausländer,W,54,Europa (ohne Schweiz),Rumänien,NA,NA,Schweiz,Schweiz,BS,Iselin,europe,Romania,basel,Iselin
2024-11,Zuzug,2024,11,Ausländer,W,54,Europa (ohne Schweiz),Deutschland,NA,NA,Schweiz,Schweiz,BS,Bruderholz,europe,Germany,basel,Bruderholz
2024-11,Zuzug,2024,11,Ausländer,M,54,Schweiz,Schweiz,BL,NA,Schweiz,Schweiz,BS,Bruderholz,switzerland,Basel-Landschaft,basel,Bruderholz
2024-11,Wegzug,2024,11,Schweizer,M,54,Schweiz,Schweiz,BS,Matthäus,Schweiz,Schweiz,BL,NA,basel,Matthäus,switzerland,Basel-Landschaft
2024-11,Wegzug,2024,11,Schweizer,W,54,Schweiz,Schweiz,BS,Riehen,Europa (ohne Schweiz),Belgien,Ausland,NA,basel,Riehen,europe,Belgium
2024-11,Wegzug,2024,11,Ausländer,W,54,Schweiz,Schweiz,BS,St. Johann,NA,NA,NA,NA,basel,St. Johann,NA,NA
2024-11,Wegzug,2024,11,Ausländer,M,54,Schweiz,Schweiz,BS,Breite,Europa (ohne Schweiz),Frankreich,Ausland,NA,basel,Breite,europe,France
2024-11,Zuzug,2024,11,Ausländer,W,54,Europa (ohne Schweiz),Deutschland,NA,NA,Schweiz,Schweiz,BS,Vorstädte,europe,Germany,basel,Vorstädte
2024-11,Zuzug,2024,11,Ausländer,W,54,Schweiz,Schweiz,JU,NA,Schweiz,Schweiz,BS,St. Johann,switzerland,Jura,basel,St. Johann
2024-11,Zuzug,2024,11,Ausländer,M,54,Europa (ohne Schweiz),Frankreich,NA,NA,Schweiz,Schweiz,BS,Breite,europe,France,basel,Breite
2024-11,Wegzug,2024,11,Ausländer,M,54,Schweiz,Schweiz,BS,Bruderholz,Schweiz,Schweiz,ZG,NA,basel,Bruderholz,switzerland,Zug
2024-11,Wegzug,2024,11,Ausländer,M,54,Schweiz,Schweiz,BS,Kleinhüningen,Schweiz,Schweiz,BL,NA,basel,Kleinhüningen,switzerland,Basel-Landschaft
2024-11,Zuzug,2024,11,Ausländer,W,54,Europa (ohne Schweiz),Frankreich,NA,NA,Schweiz,Schweiz,BS,Am Ring,europe,France,basel,Am Ring
2024-11,Zuzug,2024,11,Schweizer,M,54,Schweiz,Schweiz,BL,NA,Schweiz,Schweiz,BS,Gundeldingen,switzerland,Basel-Landschaft,basel,Gundeldingen
2024-11,Zuzug,2024,11,Ausländer,W,54,Schweiz,Schweiz,ZH,NA,Schweiz,Schweiz,BS,Iselin,switzerland,Zürich,basel,Iselin
2024-11,Zuzug,2024,11,Ausländer,M,55,Europa (ohne Schweiz),Schweden,NA,NA,Schweiz,Schweiz,BS,St. Alban,europe,Sweden,basel,St. Alban
2024-11,Wegzug,2024,11,Ausländer,W,55,Schweiz,Schweiz,BS,St. Alban,Schweiz,Schweiz,BE,NA,basel,St. Alban,switzerland,Bern
2024-11,Zuzug,2024,11,Ausländer,W,55,Lateinamerika und Karibik,Kolumbien,NA,NA,Schweiz,Schweiz,BS,Breite,world,Colombia,basel,Breite
2024-11,Wegzug,2024,11,Ausländer,M,55,Schweiz,Schweiz,BS,Matthäus,Europa (ohne Schweiz),Slowakische Republik,Ausland,NA,basel,Matthäus,europe,Slovakia
2024-11,Wegzug,2024,11,Schweizer,W,55,Schweiz,Schweiz,BS,Riehen,Schweiz,Schweiz,AG,NA,basel,Riehen,switzerland,Aargau
2024-11,Wegzug,2024,11,Ausländer,W,55,Schweiz,Schweiz,BS,Riehen,Europa (ohne Schweiz),Polen,Ausland,NA,basel,Riehen,europe,Poland
2024-11,Wegzug,2024,11,Ausländer,W,55,Schweiz,Schweiz,BS,Klybeck,Schweiz,Schweiz,ZH,NA,basel,Klybeck,switzerland,Zürich
2024-11,Wegzug,2024,11,Schweizer,M,55,Schweiz,Schweiz,BS,Altstadt Grossbasel,Schweiz,Schweiz,BL,NA,basel,Altstadt Grossbasel,switzerland,Basel-Landschaft
2024-11,Wegzug,2024,11,Ausländer,W,55,Schweiz,Schweiz,BS,Am Ring,Europa (ohne Schweiz),Deutschland,Ausland,NA,basel,Am Ring,europe,Germany
2024-11,Wegzug,2024,11,Schweizer,M,55,Schweiz,Schweiz,BS,Gotthelf,Schweiz,Schweiz,SG,NA,basel,Gotthelf,switzerland,St. Gallen
2024-11,Wegzug,2024,11,Ausländer,W,55,Schweiz,Schweiz,BS,Bruderholz,Schweiz,Schweiz,ZG,NA,basel,Bruderholz,switzerland,Zug
2024-11,Wegzug,2024,11,Schweizer,W,55,Schweiz,Schweiz,BS,Bruderholz,Schweiz,Schweiz,BL,NA,basel,Bruderholz,switzerland,Basel-Landschaft
2024-11,Zuzug,2024,11,Schweizer,M,55,Schweiz,Schweiz,JU,NA,Schweiz,Schweiz,BS,Iselin,switzerland,Jura,basel,Iselin
2024-11,Zuzug,2024,11,Ausländer,M,56,Europa (ohne Schweiz),Spanien,NA,NA,Schweiz,Schweiz,BS,Am Ring,europe,Spain,basel,Am Ring
2024-11,Zuzug,2024,11,Schweizer,W,56,Schweiz,Schweiz,BL,NA,Schweiz,Schweiz,BS,Breite,switzerland,Basel-Landschaft,basel,Breite
2024-11,Wegzug,2024,11,Ausländer,W,56,Schweiz,Schweiz,BS,Hirzbrunnen,Schweiz,Schweiz,AG,NA,basel,Hirzbrunnen,switzerland,Aargau
2024-11,Wegzug,2024,11,Ausländer,M,56,Schweiz,Schweiz,BS,Am Ring,Asien,Singapur,Ausland,NA,basel,Am Ring,world,Malaysia
2024-11,Zuzug,2024,11,Ausländer,M,56,Asien,Israel,NA,NA,Schweiz,Schweiz,BS,Iselin,world,Israel,basel,Iselin
2024-11,Wegzug,2024,11,Ausländer,W,56,Schweiz,Schweiz,BS,Kleinhüningen,Schweiz,Schweiz,BL,NA,basel,Kleinhüningen,switzerland,Basel-Landschaft
2024-11,Wegzug,2024,11,Ausländer,W,56,Schweiz,Schweiz,BS,Am Ring,Asien,Singapur,Ausland,NA,basel,Am Ring,world,Malaysia
2024-11,Wegzug,2024,11,Schweizer,M,56,Schweiz,Schweiz,BS,Iselin,Schweiz,Schweiz,ZH,NA,basel,Iselin,switzerland,Zürich
2024-11,Wegzug,2024,11,Schweizer,M,56,Schweiz,Schweiz,BS,Iselin,Afrika,Marokko,Ausland,NA,basel,Iselin,world,Morocco
2024-11,Wegzug,2024,11,Schweizer,W,56,Schweiz,Schweiz,BS,St. Johann,Schweiz,Schweiz,BL,NA,basel,St. Johann,switzerland,Basel-Landschaft
2024-11,Zuzug,2024,11,Schweizer,W,56,Schweiz,Schweiz,JU,NA,Schweiz,Schweiz,BS,Iselin,switzerland,Jura,basel,Iselin
2024-11,Zuzug,2024,11,Schweizer,W,56,Schweiz,Schweiz,SO,NA,Schweiz,Schweiz,BS,Matthäus,switzerland,Solothurn,basel,Matthäus
2024-11,Zuzug,2024,11,Ausländer,M,56,Schweiz,Schweiz,ZH,NA,Schweiz,Schweiz,BS,Gundeldingen,switzerland,Zürich,basel,Gundeldingen
2024-11,Zuzug,2024,11,Ausländer,W,56,Schweiz,Schweiz,AG,NA,Schweiz,Schweiz,BS,Iselin,switzerland,Aargau,basel,Iselin
2024-11,Zuzug,2024,11,Schweizer,W,56,Schweiz,Schweiz,BL,NA,Schweiz,Schweiz,BS,St. Alban,switzerland,Basel-Landschaft,basel,St. Alban
2024-11,Wegzug,2024,11,Schweizer,W,57,Schweiz,Schweiz,BS,Riehen,Schweiz,Schweiz,ZG,NA,basel,Riehen,switzerland,Zug
2024-11,Wegzug,2024,11,Schweizer,M,57,Schweiz,Schweiz,BS,Kleinhüningen,Lateinamerika und Karibik,Brasilien,Ausland,NA,basel,Kleinhüningen,world,Brazil
2024-11,Zuzug,2024,11,Schweizer,W,57,Schweiz,Schweiz,BL,NA,Schweiz,Schweiz,BS,Breite,switzerland,Basel-Landschaft,basel,Breite
2024-11,Zuzug,2024,11,Ausländer,W,57,Schweiz,Schweiz,BL,NA,Schweiz,Schweiz,BS,Gotthelf,switzerland,Basel-Landschaft,basel,Gotthelf
2024-11,Wegzug,2024,11,Schweizer,M,57,Schweiz,Schweiz,BS,Gotthelf,Schweiz,Schweiz,BE,NA,basel,Gotthelf,switzerland,Bern
2024-11,Wegzug,2024,11,Ausländer,W,57,Schweiz,Schweiz,BS,St. Johann,Europa (ohne Schweiz),Portugal,Ausland,NA,basel,St. Johann,europe,Portugal
2024-11,Zuzug,2024,11,Ausländer,M,57,Europa (ohne Schweiz),Frankreich,NA,NA,Schweiz,Schweiz,BS,Riehen,europe,France,basel,Riehen
2024-11,Zuzug,2024,11,Ausländer,M,57,Asien,Sri Lanka,NA,NA,Schweiz,Schweiz,BS,Matthäus,world,Sri Lanka,basel,Matthäus
2024-11,Zuzug,2024,11,Schweizer,M,58,Afrika,Kongo (Kinshasa),NA,NA,Schweiz,Schweiz,BS,Bachletten,world,Dem. Rep. Congo,basel,Bachletten
2024-11,Zuzug,2024,11,Ausländer,M,58,Europa (ohne Schweiz),Deutschland,NA,NA,Schweiz,Schweiz,BS,Matthäus,europe,Germany,basel,Matthäus
2024-11,Wegzug,2024,11,Ausländer,W,58,Schweiz,Schweiz,BS,Hirzbrunnen,Europa (ohne Schweiz),Spanien,Ausland,NA,basel,Hirzbrunnen,europe,Spain
2024-11,Wegzug,2024,11,Schweizer,M,58,Schweiz,Schweiz,BS,Breite,Schweiz,Schweiz,BL,NA,basel,Breite,switzerland,Basel-Landschaft
2024-11,Wegzug,2024,11,Schweizer,M,58,Schweiz,Schweiz,BS,Klybeck,NA,NA,NA,NA,basel,Klybeck,NA,NA
2024-11,Wegzug,2024,11,Schweizer,M,58,Schweiz,Schweiz,BS,Riehen,Schweiz,Schweiz,AG,NA,basel,Riehen,switzerland,Aargau
2024-11,Zuzug,2024,11,Ausländer,M,58,Europa (ohne Schweiz),Deutschland,NA,NA,Schweiz,Schweiz,BS,Am Ring,europe,Germany,basel,Am Ring
2024-11,Zuzug,2024,11,Schweizer,W,58,Schweiz,Schweiz,TI,NA,Schweiz,Schweiz,BS,Riehen,switzerland,Ticino,basel,Riehen
2024-11,Wegzug,2024,11,Schweizer,M,58,Schweiz,Schweiz,BS,St. Alban,NA,NA,NA,NA,basel,St. Alban,NA,NA
2024-11,Wegzug,2024,11,Schweizer,W,58,Schweiz,Schweiz,BS,St. Johann,Europa (ohne Schweiz),Kroatien,Ausland,NA,basel,St. Johann,europe,Croatia
2024-11,Wegzug,2024,11,Ausländer,W,58,Schweiz,Schweiz,BS,St. Johann,Schweiz,Schweiz,SZ,NA,basel,St. Johann,switzerland,Schwyz
2024-11,Wegzug,2024,11,Schweizer,M,58,Schweiz,Schweiz,BS,Rosental,Asien,Thailand,Ausland,NA,basel,Rosental,world,Thailand
2024-11,Wegzug,2024,11,Schweizer,M,58,Schweiz,Schweiz,BS,Gotthelf,Schweiz,Schweiz,BL,NA,basel,Gotthelf,switzerland,Basel-Landschaft
2024-11,Wegzug,2024,11,Ausländer,M,58,Schweiz,Schweiz,BS,St. Johann,Europa (ohne Schweiz),Rumänien,Ausland,NA,basel,St. Johann,europe,Romania
2024-11,Zuzug,2024,11,Ausländer,W,59,Europa (ohne Schweiz),Deutschland,NA,NA,Schweiz,Schweiz,BS,Rosental,europe,Germany,basel,Rosental
2024-11,Wegzug,2024,11,Schweizer,M,59,Schweiz,Schweiz,BS,Gotthelf,Schweiz,Schweiz,ZH,NA,basel,Gotthelf,switzerland,Zürich
2024-11,Wegzug,2024,11,Schweizer,M,59,Schweiz,Schweiz,BS,Clara,Schweiz,Schweiz,BL,NA,basel,Clara,switzerland,Basel-Landschaft
2024-11,Wegzug,2024,11,Ausländer,M,59,Schweiz,Schweiz,BS,Gundeldingen,Schweiz,Schweiz,BL,NA,basel,Gundeldingen,switzerland,Basel-Landschaft
2024-11,Wegzug,2024,11,Ausländer,W,59,Schweiz,Schweiz,BS,Clara,Schweiz,Schweiz,SO,NA,basel,Clara,switzerland,Solothurn
2024-11,Zuzug,2024,11,Schweizer,M,59,Schweiz,Schweiz,GR,NA,Schweiz,Schweiz,BS,Vorstädte,switzerland,Graubünden,basel,Vorstädte
2024-11,Zuzug,2024,11,Schweizer,W,59,Europa (ohne Schweiz),Spanien,NA,NA,Schweiz,Schweiz,BS,St. Johann,europe,Spain,basel,St. Johann
2024-11,Wegzug,2024,11,Schweizer,W,59,Schweiz,Schweiz,BS,Wettstein,Schweiz,Schweiz,BL,NA,basel,Wettstein,switzerland,Basel-Landschaft
2024-11,Wegzug,2024,11,Schweizer,W,59,Schweiz,Schweiz,BS,Am Ring,Schweiz,Schweiz,BL,NA,basel,Am Ring,switzerland,Basel-Landschaft
2024-11,Wegzug,2024,11,Schweizer,W,59,Schweiz,Schweiz,BS,Kleinhüningen,Afrika,Tunesien,Ausland,NA,basel,Kleinhüningen,world,Tunisia
2024-11,Wegzug,2024,11,Schweizer,M,59,Schweiz,Schweiz,BS,St. Johann,Europa (ohne Schweiz),Serbien,Ausland,NA,basel,St. Johann,europe,Serbia
2024-11,Zuzug,2024,11,Schweizer,W,59,Schweiz,Schweiz,BL,NA,Schweiz,Schweiz,BS,Gundeldingen,switzerland,Basel-Landschaft,basel,Gundeldingen
2024-11,Zuzug,2024,11,Schweizer,W,59,Schweiz,Schweiz,ZH,NA,Schweiz,Schweiz,BS,Riehen,switzerland,Zürich,basel,Riehen
2024-11,Zuzug,2024,11,Ausländer,W,59,Nordamerika,Kanada,NA,NA,Schweiz,Schweiz,BS,Vorstädte,world,Canada,basel,Vorstädte
2024-11,Zuzug,2024,11,Schweizer,M,60,Afrika,Aegypten,NA,NA,Schweiz,Schweiz,BS,St. Alban,world,Egypt,basel,St. Alban
2024-11,Zuzug,2024,11,Ausländer,M,60,Schweiz,Schweiz,AG,NA,Schweiz,Schweiz,BS,Matthäus,switzerland,Aargau,basel,Matthäus
2024-11,Wegzug,2024,11,Ausländer,M,60,Schweiz,Schweiz,BS,Hirzbrunnen,Europa (ohne Schweiz),Spanien,Ausland,NA,basel,Hirzbrunnen,europe,Spain
2024-11,Wegzug,2024,11,Schweizer,M,60,Schweiz,Schweiz,BS,Clara,Schweiz,Schweiz,SO,NA,basel,Clara,switzerland,Solothurn
2024-11,Wegzug,2024,11,Schweizer,M,60,Schweiz,Schweiz,BS,St. Alban,Schweiz,Schweiz,BL,NA,basel,St. Alban,switzerland,Basel-Landschaft
2024-11,Wegzug,2024,11,Ausländer,W,60,Schweiz,Schweiz,BS,Bruderholz,Europa (ohne Schweiz),Slowakische Republik,Ausland,NA,basel,Bruderholz,europe,Slovakia
2024-11,Wegzug,2024,11,Schweizer,M,60,Schweiz,Schweiz,BS,Vorstädte,Schweiz,Schweiz,SZ,NA,basel,Vorstädte,switzerland,Schwyz
2024-11,Wegzug,2024,11,Ausländer,M,60,Schweiz,Schweiz,BS,St. Johann,Europa (ohne Schweiz),Portugal,Ausland,NA,basel,St. Johann,europe,Portugal
2024-11,Wegzug,2024,11,Schweizer,M,60,Schweiz,Schweiz,BS,St. Alban,Nordamerika,Kanada,Ausland,NA,basel,St. Alban,world,Canada
2024-11,Zuzug,2024,11,Ausländer,M,60,Europa (ohne Schweiz),Deutschland,NA,NA,Schweiz,Schweiz,BS,Iselin,europe,Germany,basel,Iselin
2024-11,Zuzug,2024,11,Ausländer,W,61,Schweiz,Schweiz,AG,NA,Schweiz,Schweiz,BS,Am Ring,switzerland,Aargau,basel,Am Ring
2024-11,Wegzug,2024,11,Ausländer,W,61,Schweiz,Schweiz,BS,St. Johann,Europa (ohne Schweiz),Spanien,Ausland,NA,basel,St. Johann,europe,Spain
2024-11,Wegzug,2024,11,Ausländer,W,61,Schweiz,Schweiz,BS,Bachletten,Europa (ohne Schweiz),Polen,Ausland,NA,basel,Bachletten,europe,Poland
2024-11,Zuzug,2024,11,Schweizer,W,61,Schweiz,Schweiz,ZH,NA,Schweiz,Schweiz,BS,St. Johann,switzerland,Zürich,basel,St. Johann
2024-11,Zuzug,2024,11,Schweizer,M,61,Afrika,Aegypten,NA,NA,Schweiz,Schweiz,BS,Matthäus,world,Egypt,basel,Matthäus
2024-11,Wegzug,2024,11,Ausländer,W,61,Schweiz,Schweiz,BS,Riehen,Asien,Thailand,Ausland,NA,basel,Riehen,world,Thailand
2024-11,Wegzug,2024,11,Schweizer,M,61,Schweiz,Schweiz,BS,Bettingen,Schweiz,Schweiz,BL,NA,basel,Bettingen,switzerland,Basel-Landschaft
2024-11,Wegzug,2024,11,Ausländer,M,61,Schweiz,Schweiz,BS,Bruderholz,Europa (ohne Schweiz),Frankreich,Ausland,NA,basel,Bruderholz,europe,France
2024-11,Wegzug,2024,11,Schweizer,M,61,Schweiz,Schweiz,BS,Wettstein,Schweiz,Schweiz,BL,NA,basel,Wettstein,switzerland,Basel-Landschaft
2024-11,Wegzug,2024,11,Schweizer,W,61,Schweiz,Schweiz,BS,Breite,Schweiz,Schweiz,BL,NA,basel,Breite,switzerland,Basel-Landschaft
2024-11,Wegzug,2024,11,Ausländer,W,61,Schweiz,Schweiz,BS,St. Alban,Europa (ohne Schweiz),Deutschland,Ausland,NA,basel,St. Alban,europe,Germany
2024-11,Wegzug,2024,11,Schweizer,M,61,Schweiz,Schweiz,BS,St. Johann,Schweiz,Schweiz,NW,NA,basel,St. Johann,switzerland,Nidwalden
2024-11,Wegzug,2024,11,Schweizer,M,61,Schweiz,Schweiz,BS,Clara,Schweiz,Schweiz,BL,NA,basel,Clara,switzerland,Basel-Landschaft
2024-11,Zuzug,2024,11,Ausländer,M,61,Nordamerika,Kanada,NA,NA,Schweiz,Schweiz,BS,Rosental,world,Canada,basel,Rosental
2024-11,Zuzug,2024,11,Schweizer,W,61,Europa (ohne Schweiz),Spanien,NA,NA,Schweiz,Schweiz,BS,Kleinhüningen,europe,Spain,basel,Kleinhüningen
2024-11,Zuzug,2024,11,Ausländer,W,62,NA,NA,NA,NA,Schweiz,Schweiz,BS,Riehen,NA,NA,basel,Riehen
2024-11,Zuzug,2024,11,Ausländer,W,62,Schweiz,Schweiz,GR,NA,Schweiz,Schweiz,BS,Riehen,switzerland,Graubünden,basel,Riehen
2024-11,Zuzug,2024,11,Ausländer,W,62,NA,NA,NA,NA,Schweiz,Schweiz,BS,Gundeldingen,NA,NA,basel,Gundeldingen
2024-11,Wegzug,2024,11,Ausländer,M,62,Schweiz,Schweiz,BS,Vorstädte,NA,NA,NA,NA,basel,Vorstädte,NA,NA
2024-11,Wegzug,2024,11,Ausländer,M,62,Schweiz,Schweiz,BS,Gundeldingen,Europa (ohne Schweiz),Niederlande,Ausland,NA,basel,Gundeldingen,europe,Netherlands
2024-11,Wegzug,2024,11,Ausländer,W,62,Schweiz,Schweiz,BS,Riehen,Schweiz,Schweiz,BL,NA,basel,Riehen,switzerland,Basel-Landschaft
2024-11,Wegzug,2024,11,Schweizer,M,62,Schweiz,Schweiz,BS,Gundeldingen,Schweiz,Schweiz,BL,NA,basel,Gundeldingen,switzerland,Basel-Landschaft
2024-11,Wegzug,2024,11,Schweizer,M,62,Schweiz,Schweiz,BS,Bachletten,Schweiz,Schweiz,AG,NA,basel,Bachletten,switzerland,Aargau
2024-11,Wegzug,2024,11,Schweizer,W,62,Schweiz,Schweiz,BS,Bachletten,Schweiz,Schweiz,AG,NA,basel,Bachletten,switzerland,Aargau
2024-11,Zuzug,2024,11,Schweizer,M,62,Europa (ohne Schweiz),Frankreich,NA,NA,Schweiz,Schweiz,BS,St. Alban,europe,France,basel,St. Alban
2024-11,Zuzug,2024,11,Ausländer,M,62,Schweiz,Schweiz,BE,NA,Schweiz,Schweiz,BS,Iselin,switzerland,Bern,basel,Iselin
2024-11,Zuzug,2024,11,Ausländer,W,63,Europa (ohne Schweiz),Deutschland,NA,NA,Schweiz,Schweiz,BS,Iselin,europe,Germany,basel,Iselin
2024-11,Zuzug,2024,11,Ausländer,W,63,Europa (ohne Schweiz),Ukraine,NA,NA,Schweiz,Schweiz,BS,Vorstädte,europe,Ukraine,basel,Vorstädte
2024-11,Wegzug,2024,11,Ausländer,W,63,Schweiz,Schweiz,BS,Bruderholz,Schweiz,Schweiz,BL,NA,basel,Bruderholz,switzerland,Basel-Landschaft
2024-11,Wegzug,2024,11,Ausländer,M,63,Schweiz,Schweiz,BS,Bachletten,Schweiz,Schweiz,ZG,NA,basel,Bachletten,switzerland,Zug
2024-11,Wegzug,2024,11,Schweizer,W,63,Schweiz,Schweiz,BS,St. Alban,Schweiz,Schweiz,BL,NA,basel,St. Alban,switzerland,Basel-Landschaft
2024-11,Wegzug,2024,11,Ausländer,M,63,Schweiz,Schweiz,BS,Gundeldingen,Europa (ohne Schweiz),Ukraine,Ausland,NA,basel,Gundeldingen,europe,Ukraine
2024-11,Wegzug,2024,11,Ausländer,M,63,Schweiz,Schweiz,BS,Altstadt Kleinbasel,Schweiz,Schweiz,VS,NA,basel,Altstadt Kleinbasel,switzerland,Valais
2024-11,Wegzug,2024,11,Ausländer,M,63,Schweiz,Schweiz,BS,Kleinhüningen,Nordamerika,Vereinigte Staaten von Amerika,Ausland,NA,basel,Kleinhüningen,world,United States of America
2024-11,Wegzug,2024,11,Ausländer,W,63,Schweiz,Schweiz,BS,Bachletten,Schweiz,Schweiz,ZG,NA,basel,Bachletten,switzerland,Zug
2024-11,Wegzug,2024,11,Schweizer,M,63,Schweiz,Schweiz,BS,Wettstein,Schweiz,Schweiz,BL,NA,basel,Wettstein,switzerland,Basel-Landschaft
2024-11,Zuzug,2024,11,Ausländer,M,63,Europa (ohne Schweiz),Deutschland,NA,NA,Schweiz,Schweiz,BS,St. Johann,europe,Germany,basel,St. Johann
2024-11,Zuzug,2024,11,Ausländer,M,63,Europa (ohne Schweiz),Frankreich,NA,NA,Schweiz,Schweiz,BS,Matthäus,europe,France,basel,Matthäus
2024-11,Zuzug,2024,11,Schweizer,W,64,Schweiz,Schweiz,ZH,NA,Schweiz,Schweiz,BS,Bachletten,switzerland,Zürich,basel,Bachletten
2024-11,Zuzug,2024,11,Ausländer,W,64,Europa (ohne Schweiz),Ukraine,NA,NA,Schweiz,Schweiz,BS,Vorstädte,europe,Ukraine,basel,Vorstädte
2024-11,Wegzug,2024,11,Ausländer,W,64,Schweiz,Schweiz,BS,Iselin,Europa (ohne Schweiz),Polen,Ausland,NA,basel,Iselin,europe,Poland
2024-11,Wegzug,2024,11,Ausländer,W,64,Schweiz,Schweiz,BS,Matthäus,Europa (ohne Schweiz),Dänemark,Ausland,NA,basel,Matthäus,europe,Denmark
2024-11,Wegzug,2024,11,Schweizer,M,64,Schweiz,Schweiz,BS,Iselin,Schweiz,Schweiz,BL,NA,basel,Iselin,switzerland,Basel-Landschaft
2024-11,Wegzug,2024,11,Ausländer,M,64,Schweiz,Schweiz,BS,St. Johann,NA,NA,NA,NA,basel,St. Johann,NA,NA
2024-11,Wegzug,2024,11,Schweizer,W,64,Schweiz,Schweiz,BS,Riehen,Schweiz,Schweiz,LU,NA,basel,Riehen,switzerland,Luzern
2024-11,Zuzug,2024,11,Schweizer,W,64,Schweiz,Schweiz,JU,NA,Schweiz,Schweiz,BS,Iselin,switzerland,Jura,basel,Iselin
2024-11,Zuzug,2024,11,Schweizer,M,64,Asien,Philippinen,NA,NA,Schweiz,Schweiz,BS,Rosental,world,Philippines,basel,Rosental
2024-11,Zuzug,2024,11,Schweizer,W,65,Schweiz,Schweiz,AG,NA,Schweiz,Schweiz,BS,Breite,switzerland,Aargau,basel,Breite
2024-11,Wegzug,2024,11,Ausländer,M,65,Schweiz,Schweiz,BS,Riehen,Europa (ohne Schweiz),Deutschland,Ausland,NA,basel,Riehen,europe,Germany
2024-11,Wegzug,2024,11,Schweizer,W,65,Schweiz,Schweiz,BS,Matthäus,Europa (ohne Schweiz),Frankreich,Ausland,NA,basel,Matthäus,europe,France
2024-11,Wegzug,2024,11,Ausländer,M,65,Schweiz,Schweiz,BS,Iselin,Europa (ohne Schweiz),Italien,Ausland,NA,basel,Iselin,europe,Italy
2024-11,Wegzug,2024,11,Schweizer,W,65,Schweiz,Schweiz,BS,Bruderholz,Schweiz,Schweiz,BL,NA,basel,Bruderholz,switzerland,Basel-Landschaft
2024-11,Zuzug,2024,11,Ausländer,M,65,Schweiz,Schweiz,LU,NA,Schweiz,Schweiz,BS,Hirzbrunnen,switzerland,Luzern,basel,Hirzbrunnen
2024-11,Zuzug,2024,11,Schweizer,W,65,Schweiz,Schweiz,BL,NA,Schweiz,Schweiz,BS,Vorstädte,switzerland,Basel-Landschaft,basel,Vorstädte
2024-11,Zuzug,2024,11,Schweizer,M,65,Schweiz,Schweiz,BL,NA,Schweiz,Schweiz,BS,Vorstädte,switzerland,Basel-Landschaft,basel,Vorstädte
2024-11,Zuzug,2024,11,Ausländer,M,65,Europa (ohne Schweiz),Ukraine,NA,NA,Schweiz,Schweiz,BS,Vorstädte,europe,Ukraine,basel,Vorstädte
2024-11,Wegzug,2024,11,Ausländer,M,65,Schweiz,Schweiz,BS,St. Johann,Europa (ohne Schweiz),Spanien,Ausland,NA,basel,St. Johann,europe,Spain
2024-11,Zuzug,2024,11,Ausländer,M,65,Europa (ohne Schweiz),Ukraine,NA,NA,Schweiz,Schweiz,BS,Gundeldingen,europe,Ukraine,basel,Gundeldingen
2024-11,Zuzug,2024,11,Schweizer,M,66,Europa (ohne Schweiz),Deutschland,NA,NA,Schweiz,Schweiz,BS,Am Ring,europe,Germany,basel,Am Ring
2024-11,Wegzug,2024,11,Schweizer,W,66,Schweiz,Schweiz,BS,Klybeck,Europa (ohne Schweiz),Bosnien-Herzegowina,Ausland,NA,basel,Klybeck,europe,Bosnia and Herz.
2024-11,Zuzug,2024,11,Schweizer,W,66,Schweiz,Schweiz,BE,NA,Schweiz,Schweiz,BS,St. Johann,switzerland,Bern,basel,St. Johann
2024-11,Wegzug,2024,11,Ausländer,W,66,Schweiz,Schweiz,BS,Kleinhüningen,Nordamerika,Vereinigte Staaten von Amerika,Ausland,NA,basel,Kleinhüningen,world,United States of America
2024-11,Wegzug,2024,11,Ausländer,M,66,Schweiz,Schweiz,BS,Gundeldingen,Schweiz,Schweiz,BL,NA,basel,Gundeldingen,switzerland,Basel-Landschaft
2024-11,Wegzug,2024,11,Schweizer,M,66,Schweiz,Schweiz,BS,Riehen,Asien,Thailand,Ausland,NA,basel,Riehen,world,Thailand
2024-11,Wegzug,2024,11,Ausländer,M,66,Schweiz,Schweiz,BS,Gundeldingen,Schweiz,Schweiz,ZH,NA,basel,Gundeldingen,switzerland,Zürich
2024-11,Zuzug,2024,11,Schweizer,W,66,Europa (ohne Schweiz),Italien,NA,NA,Schweiz,Schweiz,BS,Riehen,europe,Italy,basel,Riehen
2024-11,Zuzug,2024,11,Schweizer,M,67,Schweiz,Schweiz,BL,NA,Schweiz,Schweiz,BS,Am Ring,switzerland,Basel-Landschaft,basel,Am Ring
2024-11,Wegzug,2024,11,Schweizer,W,67,Schweiz,Schweiz,BS,Matthäus,Schweiz,Schweiz,BL,NA,basel,Matthäus,switzerland,Basel-Landschaft
2024-11,Wegzug,2024,11,Ausländer,W,67,Schweiz,Schweiz,BS,Iselin,Europa (ohne Schweiz),Serbien,Ausland,NA,basel,Iselin,europe,Serbia
2024-11,Zuzug,2024,11,Ausländer,M,67,Europa (ohne Schweiz),Deutschland,NA,NA,Schweiz,Schweiz,BS,Iselin,europe,Germany,basel,Iselin
2024-11,Zuzug,2024,11,Schweizer,W,67,Schweiz,Schweiz,BL,NA,Schweiz,Schweiz,BS,St. Alban,switzerland,Basel-Landschaft,basel,St. Alban
2024-11,Zuzug,2024,11,Schweizer,W,67,Schweiz,Schweiz,SH,NA,Schweiz,Schweiz,BS,St. Johann,switzerland,Schaffhausen,basel,St. Johann
2024-11,Zuzug,2024,11,Ausländer,W,68,Asien,Nepal,NA,NA,Schweiz,Schweiz,BS,Riehen,world,Nepal,basel,Riehen
2024-11,Zuzug,2024,11,Schweizer,M,68,Schweiz,Schweiz,AG,NA,Schweiz,Schweiz,BS,Am Ring,switzerland,Aargau,basel,Am Ring
2024-11,Wegzug,2024,11,Ausländer,M,68,Schweiz,Schweiz,BS,Iselin,NA,NA,NA,NA,basel,Iselin,NA,NA
2024-11,Wegzug,2024,11,Ausländer,M,68,Schweiz,Schweiz,BS,Iselin,Europa (ohne Schweiz),Serbien,Ausland,NA,basel,Iselin,europe,Serbia
2024-11,Wegzug,2024,11,Schweizer,W,68,Schweiz,Schweiz,BS,Clara,Schweiz,Schweiz,FR,NA,basel,Clara,switzerland,Fribourg
2024-11,Wegzug,2024,11,Ausländer,W,68,Schweiz,Schweiz,BS,Bachletten,Europa (ohne Schweiz),Rumänien,Ausland,NA,basel,Bachletten,europe,Romania
2024-11,Zuzug,2024,11,Ausländer,W,68,Europa (ohne Schweiz),Litauen,NA,NA,Schweiz,Schweiz,BS,Vorstädte,europe,Lithuania,basel,Vorstädte
2024-11,Zuzug,2024,11,Schweizer,W,68,Asien,Japan,NA,NA,Schweiz,Schweiz,BS,St. Alban,world,Japan,basel,St. Alban
2024-11,Zuzug,2024,11,Schweizer,M,69,Schweiz,Schweiz,SO,NA,Schweiz,Schweiz,BS,Breite,switzerland,Solothurn,basel,Breite
2024-11,Wegzug,2024,11,Ausländer,W,69,Schweiz,Schweiz,BS,Riehen,Nordamerika,Vereinigte Staaten von Amerika,Ausland,NA,basel,Riehen,world,United States of America
2024-11,Zuzug,2024,11,Ausländer,W,69,Europa (ohne Schweiz),Oesterreich,NA,NA,Schweiz,Schweiz,BS,St. Alban,europe,Austria,basel,St. Alban
2024-11,Zuzug,2024,11,Schweizer,M,69,Europa (ohne Schweiz),Spanien,NA,NA,Schweiz,Schweiz,BS,Kleinhüningen,europe,Spain,basel,Kleinhüningen
2024-11,Wegzug,2024,11,Ausländer,W,69,Schweiz,Schweiz,BS,St. Alban,Europa (ohne Schweiz),Slowakische Republik,Ausland,NA,basel,St. Alban,europe,Slovakia
2024-11,Wegzug,2024,11,Schweizer,M,69,Schweiz,Schweiz,BS,Gundeldingen,Schweiz,Schweiz,ZH,NA,basel,Gundeldingen,switzerland,Zürich
2024-11,Wegzug,2024,11,Schweizer,W,69,Schweiz,Schweiz,BS,Riehen,Schweiz,Schweiz,BL,NA,basel,Riehen,switzerland,Basel-Landschaft
2024-11,Wegzug,2024,11,Ausländer,W,69,Schweiz,Schweiz,BS,St. Alban,Schweiz,Schweiz,SZ,NA,basel,St. Alban,switzerland,Schwyz
2024-11,Wegzug,2024,11,Schweizer,M,70,Schweiz,Schweiz,BS,Am Ring,Europa (ohne Schweiz),Frankreich,Ausland,NA,basel,Am Ring,europe,France
2024-11,Zuzug,2024,11,Schweizer,W,70,Schweiz,Schweiz,LU,NA,Schweiz,Schweiz,BS,Bachletten,switzerland,Luzern,basel,Bachletten
2024-11,Zuzug,2024,11,Schweizer,W,71,Europa (ohne Schweiz),Serbien,NA,NA,Schweiz,Schweiz,BS,Iselin,europe,Serbia,basel,Iselin
2024-11,Wegzug,2024,11,Schweizer,W,71,Schweiz,Schweiz,BS,St. Alban,Schweiz,Schweiz,BL,NA,basel,St. Alban,switzerland,Basel-Landschaft
2024-11,Zuzug,2024,11,Schweizer,M,71,Asien,Thailand,NA,NA,Schweiz,Schweiz,BS,Clara,world,Thailand,basel,Clara
2024-11,Zuzug,2024,11,Schweizer,M,72,Schweiz,Schweiz,BL,NA,Schweiz,Schweiz,BS,Gundeldingen,switzerland,Basel-Landschaft,basel,Gundeldingen
2024-11,Wegzug,2024,11,Schweizer,W,72,Schweiz,Schweiz,BS,Bachletten,Schweiz,Schweiz,BL,NA,basel,Bachletten,switzerland,Basel-Landschaft
2024-11,Zuzug,2024,11,Ausländer,W,72,Schweiz,Schweiz,OW,NA,Schweiz,Schweiz,BS,St. Johann,switzerland,Obwalden,basel,St. Johann
2024-11,Zuzug,2024,11,Ausländer,M,73,Europa (ohne Schweiz),Ukraine,NA,NA,Schweiz,Schweiz,BS,Vorstädte,europe,Ukraine,basel,Vorstädte
2024-11,Zuzug,2024,11,Schweizer,W,73,Schweiz,Schweiz,ZH,NA,Schweiz,Schweiz,BS,Vorstädte,switzerland,Zürich,basel,Vorstädte
2024-11,Wegzug,2024,11,Schweizer,W,74,Schweiz,Schweiz,BS,St. Alban,Schweiz,Schweiz,SG,NA,basel,St. Alban,switzerland,St. Gallen
2024-11,Wegzug,2024,11,Schweizer,W,75,Schweiz,Schweiz,BS,Gotthelf,Europa (ohne Schweiz),Serbien,Ausland,NA,basel,Gotthelf,europe,Serbia
2024-11,Wegzug,2024,11,Ausländer,M,75,Schweiz,Schweiz,BS,Clara,Europa (ohne Schweiz),Serbien,Ausland,NA,basel,Clara,europe,Serbia
2024-11,Zuzug,2024,11,Ausländer,W,76,Europa (ohne Schweiz),Ukraine,NA,NA,Schweiz,Schweiz,BS,Vorstädte,europe,Ukraine,basel,Vorstädte
2024-11,Wegzug,2024,11,Schweizer,W,76,Schweiz,Schweiz,BS,Bruderholz,Schweiz,Schweiz,BL,NA,basel,Bruderholz,switzerland,Basel-Landschaft
2024-11,Wegzug,2024,11,Schweizer,W,76,Schweiz,Schweiz,BS,Hirzbrunnen,Schweiz,Schweiz,BL,NA,basel,Hirzbrunnen,switzerland,Basel-Landschaft
2024-11,Wegzug,2024,11,Schweizer,W,76,Schweiz,Schweiz,BS,Riehen,Europa (ohne Schweiz),Deutschland,Ausland,NA,basel,Riehen,europe,Germany
2024-11,Zuzug,2024,11,Schweizer,M,77,Schweiz,Schweiz,SO,NA,Schweiz,Schweiz,BS,Riehen,switzerland,Solothurn,basel,Riehen
2024-11,Zuzug,2024,11,Schweizer,W,78,Schweiz,Schweiz,TI,NA,Schweiz,Schweiz,BS,Riehen,switzerland,Ticino,basel,Riehen
2024-11,Wegzug,2024,11,Schweizer,W,78,Schweiz,Schweiz,BS,St. Alban,Schweiz,Schweiz,BL,NA,basel,St. Alban,switzerland,Basel-Landschaft
2024-11,Wegzug,2024,11,Ausländer,W,78,Schweiz,Schweiz,BS,Riehen,Europa (ohne Schweiz),Deutschland,Ausland,NA,basel,Riehen,europe,Germany
2024-11,Zuzug,2024,11,Ausländer,W,79,Europa (ohne Schweiz),Spanien,NA,NA,Schweiz,Schweiz,BS,Breite,europe,Spain,basel,Breite
2024-11,Zuzug,2024,11,Schweizer,M,79,Schweiz,Schweiz,TI,NA,Schweiz,Schweiz,BS,Riehen,switzerland,Ticino,basel,Riehen
2024-11,Wegzug,2024,11,Schweizer,M,79,Schweiz,Schweiz,BS,St. Alban,Schweiz,Schweiz,BL,NA,basel,St. Alban,switzerland,Basel-Landschaft
2024-11,Wegzug,2024,11,Schweizer,M,79,Schweiz,Schweiz,BS,Bruderholz,Schweiz,Schweiz,BL,NA,basel,Bruderholz,switzerland,Basel-Landschaft
2024-11,Wegzug,2024,11,Schweizer,M,79,Schweiz,Schweiz,BS,Gotthelf,Europa (ohne Schweiz),Serbien,Ausland,NA,basel,Gotthelf,europe,Serbia
2024-11,Zuzug,2024,11,Ausländer,W,80,Europa (ohne Schweiz),Spanien,NA,NA,Schweiz,Schweiz,BS,Iselin,europe,Spain,basel,Iselin
2024-11,Wegzug,2024,11,Schweizer,M,80,Schweiz,Schweiz,BS,Matthäus,Schweiz,Schweiz,BL,NA,basel,Matthäus,switzerland,Basel-Landschaft
2024-11,Wegzug,2024,11,Schweizer,M,81,Schweiz,Schweiz,BS,Riehen,Schweiz,Schweiz,ZH,NA,basel,Riehen,switzerland,Zürich
2024-11,Zuzug,2024,11,Schweizer,W,82,Schweiz,Schweiz,BL,NA,Schweiz,Schweiz,BS,Klybeck,switzerland,Basel-Landschaft,basel,Klybeck
2024-11,Zuzug,2024,11,Schweizer,M,82,Schweiz,Schweiz,BL,NA,Schweiz,Schweiz,BS,Kleinhüningen,switzerland,Basel-Landschaft,basel,Kleinhüningen
2024-11,Wegzug,2024,11,Ausländer,W,83,Schweiz,Schweiz,BS,St. Alban,Europa (ohne Schweiz),Ukraine,Ausland,NA,basel,St. Alban,europe,Ukraine
2024-11,Zuzug,2024,11,Schweizer,W,83,Schweiz,Schweiz,BL,NA,Schweiz,Schweiz,BS,St. Alban,switzerland,Basel-Landschaft,basel,St. Alban
2024-11,Wegzug,2024,11,Schweizer,W,84,Schweiz,Schweiz,BS,Klybeck,NA,NA,NA,NA,basel,Klybeck,NA,NA
2024-11,Zuzug,2024,11,Schweizer,W,84,Schweiz,Schweiz,BL,NA,Schweiz,Schweiz,BS,Altstadt Grossbasel,switzerland,Basel-Landschaft,basel,Altstadt Grossbasel
2024-11,Wegzug,2024,11,Ausländer,W,85,Schweiz,Schweiz,BS,Riehen,Europa (ohne Schweiz),Weissrussland,Ausland,NA,basel,Riehen,europe,Belarus
2024-11,Zuzug,2024,11,Schweizer,M,86,Schweiz,Schweiz,TI,NA,Schweiz,Schweiz,BS,Am Ring,switzerland,Ticino,basel,Am Ring
2024-11,Zuzug,2024,11,Ausländer,W,87,Schweiz,Schweiz,BL,NA,Schweiz,Schweiz,BS,Gundeldingen,switzerland,Basel-Landschaft,basel,Gundeldingen
2024-11,Wegzug,2024,11,Schweizer,M,87,Schweiz,Schweiz,BS,Iselin,Schweiz,Schweiz,ZH,NA,basel,Iselin,switzerland,Zürich
2024-11,Wegzug,2024,11,Schweizer,W,87,Schweiz,Schweiz,BS,Hirzbrunnen,NA,NA,NA,NA,basel,Hirzbrunnen,NA,NA
2024-11,Zuzug,2024,11,Schweizer,W,87,Europa (ohne Schweiz),Deutschland,NA,NA,Schweiz,Schweiz,BS,Am Ring,europe,Germany,basel,Am Ring
2024-11,Wegzug,2024,11,Schweizer,W,88,Schweiz,Schweiz,BS,Hirzbrunnen,Schweiz,Schweiz,AG,NA,basel,Hirzbrunnen,switzerland,Aargau
2024-11,Wegzug,2024,11,Schweizer,M,89,Schweiz,Schweiz,BS,Hirzbrunnen,NA,NA,NA,NA,basel,Hirzbrunnen,NA,NA
2024-11,Zuzug,2024,11,Schweizer,M,89,Schweiz,Schweiz,LU,NA,Schweiz,Schweiz,BS,St. Alban,switzerland,Luzern,basel,St. Alban
2024-11,Wegzug,2024,11,Schweizer,M,89,Schweiz,Schweiz,BS,Gotthelf,Lateinamerika und Karibik,Dominikanische Republik,Ausland,NA,basel,Gotthelf,world,Dominican Rep.
2024-11,Zuzug,2024,11,Schweizer,W,89,Schweiz,Schweiz,LU,NA,Schweiz,Schweiz,BS,St. Alban,switzerland,Luzern,basel,St. Alban
2024-11,Zuzug,2024,11,Schweizer,M,90,Schweiz,Schweiz,BL,NA,Schweiz,Schweiz,BS,Altstadt Grossbasel,switzerland,Basel-Landschaft,basel,Altstadt Grossbasel
2024-11,Zuzug,2024,11,Schweizer,W,90,Schweiz,Schweiz,BL,NA,Schweiz,Schweiz,BS,Iselin,switzerland,Basel-Landschaft,basel,Iselin
2024-11,Wegzug,2024,11,Schweizer,W,93,Schweiz,Schweiz,BS,Matthäus,Schweiz,Schweiz,JU,NA,basel,Matthäus,switzerland,Jura
2024-11,Zuzug,2024,11,Schweizer,W,93,Schweiz,Schweiz,TI,NA,Schweiz,Schweiz,BS,Am Ring,switzerland,Ticino,basel,Am Ring
2024-11,Wegzug,2024,11,Schweizer,W,94,Schweiz,Schweiz,BS,Gundeldingen,NA,NA,NA,NA,basel,Gundeldingen,NA,NA
2024-11,Wegzug,2024,11,Schweizer,M,96,Schweiz,Schweiz,BS,Bachletten,Schweiz,Schweiz,BL,NA,basel,Bachletten,switzerland,Basel-Landschaft
