JahrMonat,Wanderungstyp,Jahr,Monat,Staatsangehoerigkeit,Geschlecht,Alter,VonKontinent,VonLand,VonKanton,VonWohnviertel,NachKontinent,NachLand,NachKanton,NachWohnviertel,StartKarte,StartRegion,EndKarte,EndRegion
2025-3,Wegzug,2025,3,Ausländer,M,0,Schweiz,Schweiz,BS,St. Johann,Europa (ohne Schweiz),Deutschland,Ausland,NA,basel,St. Johann,europe,Germany
2025-3,Wegzug,2025,3,Schweizer,M,0,Schweiz,Schweiz,BS,Clara,Schweiz,Schweiz,BL,NA,basel,Clara,switzerland,Basel-Landschaft
2025-3,Zuzug,2025,3,Schweizer,W,1,Schweiz,Schweiz,SO,NA,Schweiz,Schweiz,BS,St. Johann,switzerland,Solothurn,basel,St. Johann
2025-3,Zuzug,2025,3,Ausländer,M,1,Europa (ohne Schweiz),Deutschland,NA,NA,Schweiz,Schweiz,BS,Iselin,europe,Germany,basel,Iselin
2025-3,Zuzug,2025,3,Ausländer,M,1,Schweiz,Schweiz,ZH,NA,Schweiz,Schweiz,BS,St. Alban,switzerland,Zürich,basel,St. Alban
2025-3,Zuzug,2025,3,Ausländer,W,1,Europa (ohne Schweiz),Deutschland,NA,NA,Schweiz,Schweiz,BS,Bruderholz,europe,Germany,basel,Bruderholz
2025-3,Zuzug,2025,3,Ausländer,W,1,Europa (ohne Schweiz),Deutschland,NA,NA,Schweiz,Schweiz,BS,Hirzbrunnen,europe,Germany,basel,Hirzbrunnen
2025-3,Zuzug,2025,3,Schweizer,W,1,Schweiz,Schweiz,BL,NA,Schweiz,Schweiz,BS,Hirzbrunnen,switzerland,Basel-Landschaft,basel,Hirzbrunnen
2025-3,Wegzug,2025,3,Ausländer,M,1,Schweiz,Schweiz,BS,Klybeck,NA,NA,NA,NA,basel,Klybeck,NA,NA
2025-3,Zuzug,2025,3,Ausländer,M,1,Europa (ohne Schweiz),Spanien,NA,NA,Schweiz,Schweiz,BS,Rosental,europe,Spain,basel,Rosental
2025-3,Zuzug,2025,3,Ausländer,W,1,Schweiz,Schweiz,SO,NA,Schweiz,Schweiz,BS,Gundeldingen,switzerland,Solothurn,basel,Gundeldingen
2025-3,Zuzug,2025,3,Schweizer,W,1,Schweiz,Schweiz,BL,NA,Schweiz,Schweiz,BS,Bachletten,switzerland,Basel-Landschaft,basel,Bachletten
2025-3,Wegzug,2025,3,Ausländer,M,1,Schweiz,Schweiz,BS,St. Johann,Europa (ohne Schweiz),Frankreich,Ausland,NA,basel,St. Johann,europe,France
2025-3,Wegzug,2025,3,Ausländer,W,1,Schweiz,Schweiz,BS,Wettstein,Schweiz,Schweiz,BL,NA,basel,Wettstein,switzerland,Basel-Landschaft
2025-3,Wegzug,2025,3,Schweizer,M,1,Schweiz,Schweiz,BS,Am Ring,Schweiz,Schweiz,BL,NA,basel,Am Ring,switzerland,Basel-Landschaft
2025-3,Wegzug,2025,3,Schweizer,W,1,Schweiz,Schweiz,BS,Bruderholz,Schweiz,Schweiz,AG,NA,basel,Bruderholz,switzerland,Aargau
2025-3,Zuzug,2025,3,Ausländer,M,2,Europa (ohne Schweiz),Deutschland,NA,NA,Schweiz,Schweiz,BS,Riehen,europe,Germany,basel,Riehen
2025-3,Wegzug,2025,3,Schweizer,M,2,Schweiz,Schweiz,BS,Iselin,Europa (ohne Schweiz),Deutschland,Ausland,NA,basel,Iselin,europe,Germany
2025-3,Wegzug,2025,3,Schweizer,M,2,Schweiz,Schweiz,BS,Gotthelf,Schweiz,Schweiz,TI,NA,basel,Gotthelf,switzerland,Ticino
2025-3,Zuzug,2025,3,Schweizer,W,2,Schweiz,Schweiz,BL,NA,Schweiz,Schweiz,BS,Bachletten,switzerland,Basel-Landschaft,basel,Bachletten
2025-3,Zuzug,2025,3,Ausländer,W,2,Europa (ohne Schweiz),Rumänien,NA,NA,Schweiz,Schweiz,BS,Gundeldingen,europe,Romania,basel,Gundeldingen
2025-3,Zuzug,2025,3,Schweizer,W,2,Schweiz,Schweiz,VS,NA,Schweiz,Schweiz,BS,Riehen,switzerland,Valais,basel,Riehen
2025-3,Zuzug,2025,3,Ausländer,M,2,Europa (ohne Schweiz),Finnland,NA,NA,Schweiz,Schweiz,BS,Bruderholz,europe,Finland,basel,Bruderholz
2025-3,Wegzug,2025,3,Ausländer,W,2,Schweiz,Schweiz,BS,Matthäus,Europa (ohne Schweiz),Deutschland,Ausland,NA,basel,Matthäus,europe,Germany
2025-3,Wegzug,2025,3,Schweizer,M,2,Schweiz,Schweiz,BS,Hirzbrunnen,Schweiz,Schweiz,SO,NA,basel,Hirzbrunnen,switzerland,Solothurn
2025-3,Wegzug,2025,3,Ausländer,M,2,Schweiz,Schweiz,BS,Wettstein,Schweiz,Schweiz,BL,NA,basel,Wettstein,switzerland,Basel-Landschaft
2025-3,Wegzug,2025,3,Ausländer,W,2,Schweiz,Schweiz,BS,Rosental,Europa (ohne Schweiz),Frankreich,Ausland,NA,basel,Rosental,europe,France
2025-3,Wegzug,2025,3,Ausländer,M,2,Schweiz,Schweiz,BS,Klybeck,Europa (ohne Schweiz),Rumänien,Ausland,NA,basel,Klybeck,europe,Romania
2025-3,Zuzug,2025,3,Schweizer,M,2,Europa (ohne Schweiz),Grossbritannien,NA,NA,Schweiz,Schweiz,BS,Gotthelf,europe,United Kingdom,basel,Gotthelf
2025-3,Zuzug,2025,3,Schweizer,M,2,Schweiz,Schweiz,SO,NA,Schweiz,Schweiz,BS,Riehen,switzerland,Solothurn,basel,Riehen
2025-3,Zuzug,2025,3,Schweizer,M,2,Europa (ohne Schweiz),Deutschland,NA,NA,Schweiz,Schweiz,BS,Riehen,europe,Germany,basel,Riehen
2025-3,Wegzug,2025,3,Schweizer,M,2,Schweiz,Schweiz,BS,Iselin,Europa (ohne Schweiz),Deutschland,Ausland,NA,basel,Iselin,europe,Germany
2025-3,Zuzug,2025,3,Ausländer,W,3,Europa (ohne Schweiz),Spanien,NA,NA,Schweiz,Schweiz,BS,Matthäus,europe,Spain,basel,Matthäus
2025-3,Zuzug,2025,3,Ausländer,W,3,Europa (ohne Schweiz),Moldawien,NA,NA,Schweiz,Schweiz,BS,Am Ring,europe,Moldova,basel,Am Ring
2025-3,Wegzug,2025,3,Ausländer,W,3,Schweiz,Schweiz,BS,St. Johann,Europa (ohne Schweiz),Deutschland,Ausland,NA,basel,St. Johann,europe,Germany
2025-3,Zuzug,2025,3,Ausländer,W,3,Schweiz,Schweiz,ZH,NA,Schweiz,Schweiz,BS,Gundeldingen,switzerland,Zürich,basel,Gundeldingen
2025-3,Zuzug,2025,3,Ausländer,W,3,Schweiz,Schweiz,SO,NA,Schweiz,Schweiz,BS,Gundeldingen,switzerland,Solothurn,basel,Gundeldingen
2025-3,Wegzug,2025,3,Ausländer,M,3,Schweiz,Schweiz,BS,St. Alban,Asien,Korea (Süd-),Ausland,NA,basel,St. Alban,world,South Korea
2025-3,Wegzug,2025,3,Schweizer,M,3,Schweiz,Schweiz,BS,Hirzbrunnen,Schweiz,Schweiz,BL,NA,basel,Hirzbrunnen,switzerland,Basel-Landschaft
2025-3,Zuzug,2025,3,Schweizer,M,3,Schweiz,Schweiz,BE,NA,Schweiz,Schweiz,BS,Wettstein,switzerland,Bern,basel,Wettstein
2025-3,Zuzug,2025,3,Schweizer,M,4,Schweiz,Schweiz,BL,NA,Schweiz,Schweiz,BS,Riehen,switzerland,Basel-Landschaft,basel,Riehen
2025-3,Zuzug,2025,3,Schweizer,M,4,Europa (ohne Schweiz),Frankreich,NA,NA,Schweiz,Schweiz,BS,St. Johann,europe,France,basel,St. Johann
2025-3,Zuzug,2025,3,Schweizer,W,4,Schweiz,Schweiz,VS,NA,Schweiz,Schweiz,BS,Riehen,switzerland,Valais,basel,Riehen
2025-3,Zuzug,2025,3,Schweizer,M,4,Schweiz,Schweiz,BL,NA,Schweiz,Schweiz,BS,Riehen,switzerland,Basel-Landschaft,basel,Riehen
2025-3,Wegzug,2025,3,Ausländer,W,4,Schweiz,Schweiz,BS,Am Ring,NA,NA,NA,NA,basel,Am Ring,NA,NA
2025-3,Wegzug,2025,3,Schweizer,W,4,Schweiz,Schweiz,BS,St. Johann,Asien,Singapur,Ausland,NA,basel,St. Johann,world,Malaysia
2025-3,Zuzug,2025,3,Ausländer,M,4,Schweiz,Schweiz,SO,NA,Schweiz,Schweiz,BS,Gundeldingen,switzerland,Solothurn,basel,Gundeldingen
2025-3,Zuzug,2025,3,Schweizer,W,4,Schweiz,Schweiz,BL,NA,Schweiz,Schweiz,BS,Bachletten,switzerland,Basel-Landschaft,basel,Bachletten
2025-3,Wegzug,2025,3,Schweizer,W,4,Schweiz,Schweiz,BS,St. Johann,Afrika,Südafrika,Ausland,NA,basel,St. Johann,world,South Africa
2025-3,Wegzug,2025,3,Schweizer,M,4,Schweiz,Schweiz,BS,Am Ring,Schweiz,Schweiz,BL,NA,basel,Am Ring,switzerland,Basel-Landschaft
2025-3,Wegzug,2025,3,Schweizer,W,4,Schweiz,Schweiz,BS,Bachletten,Schweiz,Schweiz,BL,NA,basel,Bachletten,switzerland,Basel-Landschaft
2025-3,Zuzug,2025,3,Ausländer,M,4,Europa (ohne Schweiz),Deutschland,NA,NA,Schweiz,Schweiz,BS,Hirzbrunnen,europe,Germany,basel,Hirzbrunnen
2025-3,Zuzug,2025,3,Ausländer,W,4,Schweiz,Schweiz,BL,NA,Schweiz,Schweiz,BS,Am Ring,switzerland,Basel-Landschaft,basel,Am Ring
2025-3,Zuzug,2025,3,Ausländer,M,4,Europa (ohne Schweiz),Ukraine,NA,NA,Schweiz,Schweiz,BS,Klybeck,europe,Ukraine,basel,Klybeck
2025-3,Zuzug,2025,3,Ausländer,M,4,Nordamerika,Vereinigte Staaten von Amerika,NA,NA,Schweiz,Schweiz,BS,St. Johann,world,United States of America,basel,St. Johann
2025-3,Zuzug,2025,3,Schweizer,M,4,Schweiz,Schweiz,BL,NA,Schweiz,Schweiz,BS,Bachletten,switzerland,Basel-Landschaft,basel,Bachletten
2025-3,Wegzug,2025,3,Schweizer,W,4,Schweiz,Schweiz,BS,Bachletten,Schweiz,Schweiz,BL,NA,basel,Bachletten,switzerland,Basel-Landschaft
2025-3,Zuzug,2025,3,Ausländer,M,5,Europa (ohne Schweiz),Deutschland,NA,NA,Schweiz,Schweiz,BS,Riehen,europe,Germany,basel,Riehen
2025-3,Wegzug,2025,3,Schweizer,M,5,Schweiz,Schweiz,BS,Iselin,Schweiz,Schweiz,BL,NA,basel,Iselin,switzerland,Basel-Landschaft
2025-3,Zuzug,2025,3,Ausländer,W,5,Europa (ohne Schweiz),Finnland,NA,NA,Schweiz,Schweiz,BS,Bruderholz,europe,Finland,basel,Bruderholz
2025-3,Zuzug,2025,3,Schweizer,M,5,Schweiz,Schweiz,BL,NA,Schweiz,Schweiz,BS,Am Ring,switzerland,Basel-Landschaft,basel,Am Ring
2025-3,Wegzug,2025,3,Schweizer,M,5,Schweiz,Schweiz,BS,Hirzbrunnen,Schweiz,Schweiz,SO,NA,basel,Hirzbrunnen,switzerland,Solothurn
2025-3,Wegzug,2025,3,Schweizer,W,5,Schweiz,Schweiz,BS,Am Ring,Schweiz,Schweiz,SO,NA,basel,Am Ring,switzerland,Solothurn
2025-3,Wegzug,2025,3,Schweizer,M,5,Schweiz,Schweiz,BS,Hirzbrunnen,Schweiz,Schweiz,BL,NA,basel,Hirzbrunnen,switzerland,Basel-Landschaft
2025-3,Zuzug,2025,3,Ausländer,M,5,Asien,Indien,NA,NA,Schweiz,Schweiz,BS,St. Johann,world,India,basel,St. Johann
2025-3,Zuzug,2025,3,Schweizer,W,5,Europa (ohne Schweiz),Deutschland,NA,NA,Schweiz,Schweiz,BS,Riehen,europe,Germany,basel,Riehen
2025-3,Zuzug,2025,3,Ausländer,M,5,Europa (ohne Schweiz),Deutschland,NA,NA,Schweiz,Schweiz,BS,Wettstein,europe,Germany,basel,Wettstein
2025-3,Zuzug,2025,3,Ausländer,M,6,Europa (ohne Schweiz),Deutschland,NA,NA,Schweiz,Schweiz,BS,Hirzbrunnen,europe,Germany,basel,Hirzbrunnen
2025-3,Zuzug,2025,3,Ausländer,W,6,Europa (ohne Schweiz),Slowenien,NA,NA,Schweiz,Schweiz,BS,Kleinhüningen,europe,Slovenia,basel,Kleinhüningen
2025-3,Zuzug,2025,3,Schweizer,M,6,Schweiz,Schweiz,BL,NA,Schweiz,Schweiz,BS,Riehen,switzerland,Basel-Landschaft,basel,Riehen
2025-3,Wegzug,2025,3,Schweizer,W,6,Schweiz,Schweiz,BS,Iselin,Schweiz,Schweiz,BL,NA,basel,Iselin,switzerland,Basel-Landschaft
2025-3,Wegzug,2025,3,Schweizer,M,7,Schweiz,Schweiz,BS,Hirzbrunnen,Schweiz,Schweiz,SO,NA,basel,Hirzbrunnen,switzerland,Solothurn
2025-3,Wegzug,2025,3,Ausländer,M,7,Schweiz,Schweiz,BS,St. Alban,Asien,Japan,Ausland,NA,basel,St. Alban,world,Japan
2025-3,Zuzug,2025,3,Ausländer,M,7,Europa (ohne Schweiz),Moldawien,NA,NA,Schweiz,Schweiz,BS,Am Ring,europe,Moldova,basel,Am Ring
2025-3,Wegzug,2025,3,Ausländer,W,8,Schweiz,Schweiz,BS,St. Alban,Asien,Japan,Ausland,NA,basel,St. Alban,world,Japan
2025-3,Wegzug,2025,3,Schweizer,W,8,Schweiz,Schweiz,BS,Gotthelf,Schweiz,Schweiz,ZH,NA,basel,Gotthelf,switzerland,Zürich
2025-3,Zuzug,2025,3,Ausländer,M,8,Europa (ohne Schweiz),Spanien,NA,NA,Schweiz,Schweiz,BS,Matthäus,europe,Spain,basel,Matthäus
2025-3,Wegzug,2025,3,Schweizer,W,8,Schweiz,Schweiz,BS,Iselin,Schweiz,Schweiz,BL,NA,basel,Iselin,switzerland,Basel-Landschaft
2025-3,Wegzug,2025,3,Schweizer,W,8,Schweiz,Schweiz,BS,Altstadt Grossbasel,Schweiz,Schweiz,BE,NA,basel,Altstadt Grossbasel,switzerland,Bern
2025-3,Wegzug,2025,3,Schweizer,W,8,Schweiz,Schweiz,BS,Riehen,Schweiz,Schweiz,BL,NA,basel,Riehen,switzerland,Basel-Landschaft
2025-3,Wegzug,2025,3,Schweizer,M,8,Schweiz,Schweiz,BS,Matthäus,Schweiz,Schweiz,BL,NA,basel,Matthäus,switzerland,Basel-Landschaft
2025-3,Wegzug,2025,3,Ausländer,W,8,Schweiz,Schweiz,BS,Rosental,Asien,Indien,Ausland,NA,basel,Rosental,world,India
2025-3,Wegzug,2025,3,Ausländer,M,8,Schweiz,Schweiz,BS,Rosental,Europa (ohne Schweiz),Spanien,Ausland,NA,basel,Rosental,europe,Spain
2025-3,Zuzug,2025,3,Schweizer,M,9,Schweiz,Schweiz,ZH,NA,Schweiz,Schweiz,BS,Hirzbrunnen,switzerland,Zürich,basel,Hirzbrunnen
2025-3,Zuzug,2025,3,Ausländer,M,9,Europa (ohne Schweiz),Moldawien,NA,NA,Schweiz,Schweiz,BS,Am Ring,europe,Moldova,basel,Am Ring
2025-3,Wegzug,2025,3,Ausländer,W,9,Schweiz,Schweiz,BS,St. Johann,Schweiz,Schweiz,BL,NA,basel,St. Johann,switzerland,Basel-Landschaft
2025-3,Zuzug,2025,3,Ausländer,M,9,Europa (ohne Schweiz),Rumänien,NA,NA,Schweiz,Schweiz,BS,Klybeck,europe,Romania,basel,Klybeck
2025-3,Wegzug,2025,3,Schweizer,M,9,Schweiz,Schweiz,BS,Matthäus,Schweiz,Schweiz,BL,NA,basel,Matthäus,switzerland,Basel-Landschaft
2025-3,Zuzug,2025,3,Schweizer,M,9,Schweiz,Schweiz,ZH,NA,Schweiz,Schweiz,BS,Bachletten,switzerland,Zürich,basel,Bachletten
2025-3,Zuzug,2025,3,Ausländer,M,10,Europa (ohne Schweiz),Italien,NA,NA,Schweiz,Schweiz,BS,St. Alban,europe,Italy,basel,St. Alban
2025-3,Zuzug,2025,3,Ausländer,M,10,Europa (ohne Schweiz),Rumänien,NA,NA,Schweiz,Schweiz,BS,Klybeck,europe,Romania,basel,Klybeck
2025-3,Zuzug,2025,3,Schweizer,M,10,Europa (ohne Schweiz),Tschechische Republik,NA,NA,Schweiz,Schweiz,BS,Hirzbrunnen,europe,Czechia,basel,Hirzbrunnen
2025-3,Wegzug,2025,3,Ausländer,M,10,Schweiz,Schweiz,BS,St. Alban,Lateinamerika und Karibik,Brasilien,Ausland,NA,basel,St. Alban,world,Brazil
2025-3,Wegzug,2025,3,Schweizer,M,10,Schweiz,Schweiz,BS,Am Ring,Schweiz,Schweiz,SO,NA,basel,Am Ring,switzerland,Solothurn
2025-3,Zuzug,2025,3,Ausländer,W,11,Schweiz,Schweiz,TI,NA,Schweiz,Schweiz,BS,Gundeldingen,switzerland,Ticino,basel,Gundeldingen
2025-3,Zuzug,2025,3,Ausländer,W,11,Europa (ohne Schweiz),Slowenien,NA,NA,Schweiz,Schweiz,BS,Kleinhüningen,europe,Slovenia,basel,Kleinhüningen
2025-3,Zuzug,2025,3,Ausländer,W,11,Schweiz,Schweiz,BL,NA,Schweiz,Schweiz,BS,Riehen,switzerland,Basel-Landschaft,basel,Riehen
2025-3,Zuzug,2025,3,Schweizer,M,11,Schweiz,Schweiz,ZH,NA,Schweiz,Schweiz,BS,Bachletten,switzerland,Zürich,basel,Bachletten
2025-3,Wegzug,2025,3,Ausländer,M,11,Schweiz,Schweiz,BS,St. Alban,Asien,Japan,Ausland,NA,basel,St. Alban,world,Japan
2025-3,Wegzug,2025,3,Schweizer,M,11,Schweiz,Schweiz,BS,Gotthelf,Schweiz,Schweiz,ZH,NA,basel,Gotthelf,switzerland,Zürich
2025-3,Zuzug,2025,3,Schweizer,W,12,Schweiz,Schweiz,GR,NA,Schweiz,Schweiz,BS,Gundeldingen,switzerland,Graubünden,basel,Gundeldingen
2025-3,Wegzug,2025,3,Schweizer,W,12,Schweiz,Schweiz,BS,Am Ring,Schweiz,Schweiz,SO,NA,basel,Am Ring,switzerland,Solothurn
2025-3,Zuzug,2025,3,Ausländer,W,12,Europa (ohne Schweiz),Italien,NA,NA,Schweiz,Schweiz,BS,St. Alban,europe,Italy,basel,St. Alban
2025-3,Zuzug,2025,3,Ausländer,M,12,Europa (ohne Schweiz),Deutschland,NA,NA,Schweiz,Schweiz,BS,Hirzbrunnen,europe,Germany,basel,Hirzbrunnen
2025-3,Zuzug,2025,3,Ausländer,M,13,Asien,Indien,NA,NA,Schweiz,Schweiz,BS,St. Alban,world,India,basel,St. Alban
2025-3,Zuzug,2025,3,Ausländer,W,13,Europa (ohne Schweiz),Rumänien,NA,NA,Schweiz,Schweiz,BS,Klybeck,europe,Romania,basel,Klybeck
2025-3,Zuzug,2025,3,Schweizer,M,13,Europa (ohne Schweiz),Tschechische Republik,NA,NA,Schweiz,Schweiz,BS,Hirzbrunnen,europe,Czechia,basel,Hirzbrunnen
2025-3,Zuzug,2025,3,Ausländer,W,13,Asien,Afghanistan,NA,NA,Schweiz,Schweiz,BS,St. Alban,world,Afghanistan,basel,St. Alban
2025-3,Wegzug,2025,3,Ausländer,M,13,Schweiz,Schweiz,BS,Bruderholz,Europa (ohne Schweiz),Italien,Ausland,NA,basel,Bruderholz,europe,Italy
2025-3,Zuzug,2025,3,Schweizer,M,13,Schweiz,Schweiz,BL,NA,Schweiz,Schweiz,BS,St. Alban,switzerland,Basel-Landschaft,basel,St. Alban
2025-3,Zuzug,2025,3,Ausländer,M,14,Europa (ohne Schweiz),Deutschland,NA,NA,Schweiz,Schweiz,BS,Riehen,europe,Germany,basel,Riehen
2025-3,Wegzug,2025,3,Schweizer,W,14,Schweiz,Schweiz,BS,Riehen,Schweiz,Schweiz,BL,NA,basel,Riehen,switzerland,Basel-Landschaft
2025-3,Wegzug,2025,3,Ausländer,M,14,Schweiz,Schweiz,BS,Rosental,Asien,Indien,Ausland,NA,basel,Rosental,world,India
2025-3,Zuzug,2025,3,Ausländer,W,14,Europa (ohne Schweiz),Ukraine,NA,NA,Schweiz,Schweiz,BS,Klybeck,europe,Ukraine,basel,Klybeck
2025-3,Wegzug,2025,3,Schweizer,M,14,Schweiz,Schweiz,BS,Hirzbrunnen,Schweiz,Schweiz,SO,NA,basel,Hirzbrunnen,switzerland,Solothurn
2025-3,Wegzug,2025,3,Ausländer,M,14,Schweiz,Schweiz,BS,St. Alban,Lateinamerika und Karibik,Brasilien,Ausland,NA,basel,St. Alban,world,Brazil
2025-3,Wegzug,2025,3,Schweizer,W,14,Schweiz,Schweiz,BS,Gotthelf,Schweiz,Schweiz,ZH,NA,basel,Gotthelf,switzerland,Zürich
2025-3,Zuzug,2025,3,Schweizer,M,14,Schweiz,Schweiz,BL,NA,Schweiz,Schweiz,BS,Am Ring,switzerland,Basel-Landschaft,basel,Am Ring
2025-3,Zuzug,2025,3,Ausländer,W,14,Europa (ohne Schweiz),Ukraine,NA,NA,Schweiz,Schweiz,BS,Klybeck,europe,Ukraine,basel,Klybeck
2025-3,Zuzug,2025,3,Ausländer,M,14,Schweiz,Schweiz,BE,NA,Schweiz,Schweiz,BS,Rosental,switzerland,Bern,basel,Rosental
2025-3,Zuzug,2025,3,Ausländer,M,15,Europa (ohne Schweiz),Rumänien,NA,NA,Schweiz,Schweiz,BS,Klybeck,europe,Romania,basel,Klybeck
2025-3,Zuzug,2025,3,Ausländer,M,15,Schweiz,Schweiz,BL,NA,Schweiz,Schweiz,BS,Iselin,switzerland,Basel-Landschaft,basel,Iselin
2025-3,Wegzug,2025,3,Ausländer,W,15,Schweiz,Schweiz,BS,St. Alban,Asien,Japan,Ausland,NA,basel,St. Alban,world,Japan
2025-3,Wegzug,2025,3,Schweizer,M,15,Schweiz,Schweiz,BS,Matthäus,Schweiz,Schweiz,BL,NA,basel,Matthäus,switzerland,Basel-Landschaft
2025-3,Zuzug,2025,3,Ausländer,W,15,Europa (ohne Schweiz),Deutschland,NA,NA,Schweiz,Schweiz,BS,Riehen,europe,Germany,basel,Riehen
2025-3,Zuzug,2025,3,Schweizer,W,16,Schweiz,Schweiz,BL,NA,Schweiz,Schweiz,BS,St. Alban,switzerland,Basel-Landschaft,basel,St. Alban
2025-3,Zuzug,2025,3,Schweizer,W,16,Schweiz,Schweiz,BL,NA,Schweiz,Schweiz,BS,Am Ring,switzerland,Basel-Landschaft,basel,Am Ring
2025-3,Zuzug,2025,3,Ausländer,M,16,Afrika,Somalia,NA,NA,Schweiz,Schweiz,BS,Rosental,world,Somalia,basel,Rosental
2025-3,Wegzug,2025,3,Schweizer,W,16,Schweiz,Schweiz,BS,Gotthelf,Schweiz,Schweiz,ZH,NA,basel,Gotthelf,switzerland,Zürich
2025-3,Wegzug,2025,3,Schweizer,M,16,Schweiz,Schweiz,BS,Bruderholz,Europa (ohne Schweiz),Frankreich,Ausland,NA,basel,Bruderholz,europe,France
2025-3,Zuzug,2025,3,Schweizer,W,16,Schweiz,Schweiz,BL,NA,Schweiz,Schweiz,BS,Hirzbrunnen,switzerland,Basel-Landschaft,basel,Hirzbrunnen
2025-3,Zuzug,2025,3,Ausländer,W,16,Europa (ohne Schweiz),Ukraine,NA,NA,Schweiz,Schweiz,BS,Klybeck,europe,Ukraine,basel,Klybeck
2025-3,Zuzug,2025,3,Schweizer,M,17,Asien,Iran,NA,NA,Schweiz,Schweiz,BS,Riehen,world,Iran,basel,Riehen
2025-3,Zuzug,2025,3,Ausländer,W,17,Europa (ohne Schweiz),Portugal,NA,NA,Schweiz,Schweiz,BS,Klybeck,europe,Portugal,basel,Klybeck
2025-3,Zuzug,2025,3,Ausländer,M,17,Asien,Afghanistan,NA,NA,Schweiz,Schweiz,BS,Rosental,world,Afghanistan,basel,Rosental
2025-3,Zuzug,2025,3,Schweizer,M,17,Schweiz,Schweiz,GR,NA,Schweiz,Schweiz,BS,Gundeldingen,switzerland,Graubünden,basel,Gundeldingen
2025-3,Wegzug,2025,3,Schweizer,W,17,Schweiz,Schweiz,BS,Iselin,Schweiz,Schweiz,BL,NA,basel,Iselin,switzerland,Basel-Landschaft
2025-3,Wegzug,2025,3,Schweizer,W,17,Schweiz,Schweiz,BS,Gotthelf,Schweiz,Schweiz,ZH,NA,basel,Gotthelf,switzerland,Zürich
2025-3,Zuzug,2025,3,Ausländer,W,18,Europa (ohne Schweiz),Rumänien,NA,NA,Schweiz,Schweiz,BS,Kleinhüningen,europe,Romania,basel,Kleinhüningen
2025-3,Zuzug,2025,3,Ausländer,W,18,Europa (ohne Schweiz),Spanien,NA,NA,Schweiz,Schweiz,BS,Matthäus,europe,Spain,basel,Matthäus
2025-3,Zuzug,2025,3,Schweizer,M,18,Schweiz,Schweiz,BL,NA,Schweiz,Schweiz,BS,Matthäus,switzerland,Basel-Landschaft,basel,Matthäus
2025-3,Zuzug,2025,3,Ausländer,M,18,Europa (ohne Schweiz),Deutschland,NA,NA,Schweiz,Schweiz,BS,Riehen,europe,Germany,basel,Riehen
2025-3,Wegzug,2025,3,Schweizer,M,18,Schweiz,Schweiz,BS,Am Ring,Schweiz,Schweiz,BL,NA,basel,Am Ring,switzerland,Basel-Landschaft
2025-3,Wegzug,2025,3,Schweizer,M,18,Schweiz,Schweiz,BS,Altstadt Kleinbasel,Schweiz,Schweiz,BL,NA,basel,Altstadt Kleinbasel,switzerland,Basel-Landschaft
2025-3,Zuzug,2025,3,Ausländer,W,18,Schweiz,Schweiz,BL,NA,Schweiz,Schweiz,BS,Riehen,switzerland,Basel-Landschaft,basel,Riehen
2025-3,Zuzug,2025,3,Schweizer,M,18,Schweiz,Schweiz,BL,NA,Schweiz,Schweiz,BS,Bachletten,switzerland,Basel-Landschaft,basel,Bachletten
2025-3,Wegzug,2025,3,Ausländer,W,19,Schweiz,Schweiz,BS,Altstadt Grossbasel,Europa (ohne Schweiz),Deutschland,Ausland,NA,basel,Altstadt Grossbasel,europe,Germany
2025-3,Wegzug,2025,3,Schweizer,M,19,Schweiz,Schweiz,BS,Matthäus,Schweiz,Schweiz,BL,NA,basel,Matthäus,switzerland,Basel-Landschaft
2025-3,Zuzug,2025,3,Ausländer,M,19,Europa (ohne Schweiz),Rumänien,NA,NA,Schweiz,Schweiz,BS,Breite,europe,Romania,basel,Breite
2025-3,Wegzug,2025,3,Ausländer,M,19,Schweiz,Schweiz,BS,Bruderholz,Europa (ohne Schweiz),Italien,Ausland,NA,basel,Bruderholz,europe,Italy
2025-3,Wegzug,2025,3,Ausländer,W,19,Schweiz,Schweiz,BS,Matthäus,NA,NA,NA,NA,basel,Matthäus,NA,NA
2025-3,Zuzug,2025,3,Ausländer,M,19,Schweiz,Schweiz,SO,NA,Schweiz,Schweiz,BS,Matthäus,switzerland,Solothurn,basel,Matthäus
2025-3,Zuzug,2025,3,Ausländer,M,19,Europa (ohne Schweiz),Spanien,NA,NA,Schweiz,Schweiz,BS,Klybeck,europe,Spain,basel,Klybeck
2025-3,Zuzug,2025,3,Ausländer,W,19,Europa (ohne Schweiz),Italien,NA,NA,Schweiz,Schweiz,BS,Bachletten,europe,Italy,basel,Bachletten
2025-3,Zuzug,2025,3,Schweizer,M,19,Europa (ohne Schweiz),Frankreich,NA,NA,Schweiz,Schweiz,BS,Iselin,europe,France,basel,Iselin
2025-3,Zuzug,2025,3,Schweizer,M,19,Asien,Iran,NA,NA,Schweiz,Schweiz,BS,Riehen,world,Iran,basel,Riehen
2025-3,Zuzug,2025,3,Ausländer,M,19,Europa (ohne Schweiz),Deutschland,NA,NA,Schweiz,Schweiz,BS,Hirzbrunnen,europe,Germany,basel,Hirzbrunnen
2025-3,Zuzug,2025,3,Ausländer,M,19,Europa (ohne Schweiz),Spanien,NA,NA,Schweiz,Schweiz,BS,Klybeck,europe,Spain,basel,Klybeck
2025-3,Zuzug,2025,3,Ausländer,M,20,Europa (ohne Schweiz),Spanien,NA,NA,Schweiz,Schweiz,BS,Klybeck,europe,Spain,basel,Klybeck
2025-3,Zuzug,2025,3,Ausländer,M,20,Europa (ohne Schweiz),Serbien,NA,NA,Schweiz,Schweiz,BS,Clara,europe,Serbia,basel,Clara
2025-3,Zuzug,2025,3,Ausländer,W,20,Schweiz,Schweiz,BL,NA,Schweiz,Schweiz,BS,Iselin,switzerland,Basel-Landschaft,basel,Iselin
2025-3,Zuzug,2025,3,Ausländer,W,20,Schweiz,Schweiz,AG,NA,Schweiz,Schweiz,BS,Gundeldingen,switzerland,Aargau,basel,Gundeldingen
2025-3,Zuzug,2025,3,Ausländer,W,20,Schweiz,Schweiz,BL,NA,Schweiz,Schweiz,BS,Clara,switzerland,Basel-Landschaft,basel,Clara
2025-3,Wegzug,2025,3,Schweizer,M,20,Schweiz,Schweiz,BS,Gundeldingen,Schweiz,Schweiz,BL,NA,basel,Gundeldingen,switzerland,Basel-Landschaft
2025-3,Zuzug,2025,3,Schweizer,W,20,Schweiz,Schweiz,BL,NA,Schweiz,Schweiz,BS,Gundeldingen,switzerland,Basel-Landschaft,basel,Gundeldingen
2025-3,Zuzug,2025,3,Schweizer,W,20,Schweiz,Schweiz,GR,NA,Schweiz,Schweiz,BS,Altstadt Grossbasel,switzerland,Graubünden,basel,Altstadt Grossbasel
2025-3,Wegzug,2025,3,Schweizer,W,20,Schweiz,Schweiz,BS,Riehen,Schweiz,Schweiz,SO,NA,basel,Riehen,switzerland,Solothurn
2025-3,Wegzug,2025,3,Schweizer,W,20,Schweiz,Schweiz,BS,Bruderholz,Schweiz,Schweiz,AG,NA,basel,Bruderholz,switzerland,Aargau
2025-3,Wegzug,2025,3,Ausländer,W,20,Schweiz,Schweiz,BS,Clara,NA,NA,NA,NA,basel,Clara,NA,NA
2025-3,Zuzug,2025,3,Ausländer,W,20,Europa (ohne Schweiz),Italien,NA,NA,Schweiz,Schweiz,BS,St. Alban,europe,Italy,basel,St. Alban
2025-3,Zuzug,2025,3,Schweizer,W,20,Schweiz,Schweiz,AG,NA,Schweiz,Schweiz,BS,Bruderholz,switzerland,Aargau,basel,Bruderholz
2025-3,Zuzug,2025,3,Schweizer,M,20,Schweiz,Schweiz,BL,NA,Schweiz,Schweiz,BS,St. Alban,switzerland,Basel-Landschaft,basel,St. Alban
2025-3,Zuzug,2025,3,Schweizer,W,20,Schweiz,Schweiz,SG,NA,Schweiz,Schweiz,BS,Klybeck,switzerland,St. Gallen,basel,Klybeck
2025-3,Zuzug,2025,3,Schweizer,M,20,Schweiz,Schweiz,BE,NA,Schweiz,Schweiz,BS,Wettstein,switzerland,Bern,basel,Wettstein
2025-3,Zuzug,2025,3,Schweizer,M,21,Schweiz,Schweiz,SO,NA,Schweiz,Schweiz,BS,Iselin,switzerland,Solothurn,basel,Iselin
2025-3,Zuzug,2025,3,Ausländer,W,21,Schweiz,Schweiz,AG,NA,Schweiz,Schweiz,BS,Gundeldingen,switzerland,Aargau,basel,Gundeldingen
2025-3,Zuzug,2025,3,Schweizer,W,21,Schweiz,Schweiz,ZH,NA,Schweiz,Schweiz,BS,St. Johann,switzerland,Zürich,basel,St. Johann
2025-3,Zuzug,2025,3,Ausländer,M,21,Europa (ohne Schweiz),Spanien,NA,NA,Schweiz,Schweiz,BS,Matthäus,europe,Spain,basel,Matthäus
2025-3,Wegzug,2025,3,Ausländer,W,21,Schweiz,Schweiz,BS,Iselin,Schweiz,Schweiz,BL,NA,basel,Iselin,switzerland,Basel-Landschaft
2025-3,Zuzug,2025,3,Schweizer,W,21,Schweiz,Schweiz,BL,NA,Schweiz,Schweiz,BS,Matthäus,switzerland,Basel-Landschaft,basel,Matthäus
2025-3,Zuzug,2025,3,Schweizer,M,21,Schweiz,Schweiz,LU,NA,Schweiz,Schweiz,BS,St. Alban,switzerland,Luzern,basel,St. Alban
2025-3,Zuzug,2025,3,Schweizer,W,21,Schweiz,Schweiz,BL,NA,Schweiz,Schweiz,BS,Matthäus,switzerland,Basel-Landschaft,basel,Matthäus
2025-3,Zuzug,2025,3,Schweizer,M,21,Lateinamerika und Karibik,Kolumbien,NA,NA,Schweiz,Schweiz,BS,Bachletten,world,Colombia,basel,Bachletten
2025-3,Zuzug,2025,3,Ausländer,W,21,Europa (ohne Schweiz),Deutschland,NA,NA,Schweiz,Schweiz,BS,Klybeck,europe,Germany,basel,Klybeck
2025-3,Zuzug,2025,3,Ausländer,W,21,Europa (ohne Schweiz),Dänemark,NA,NA,Schweiz,Schweiz,BS,Riehen,europe,Denmark,basel,Riehen
2025-3,Zuzug,2025,3,Ausländer,W,21,Schweiz,Schweiz,BL,NA,Schweiz,Schweiz,BS,Altstadt Kleinbasel,switzerland,Basel-Landschaft,basel,Altstadt Kleinbasel
2025-3,Zuzug,2025,3,Ausländer,W,21,Europa (ohne Schweiz),Ungarn,NA,NA,Schweiz,Schweiz,BS,Vorstädte,europe,Hungary,basel,Vorstädte
2025-3,Zuzug,2025,3,Ausländer,M,21,Europa (ohne Schweiz),Rumänien,NA,NA,Schweiz,Schweiz,BS,Kleinhüningen,europe,Romania,basel,Kleinhüningen
2025-3,Zuzug,2025,3,Ausländer,M,21,Europa (ohne Schweiz),Dänemark,NA,NA,Schweiz,Schweiz,BS,Matthäus,europe,Denmark,basel,Matthäus
2025-3,Zuzug,2025,3,Schweizer,W,21,Schweiz,Schweiz,LU,NA,Schweiz,Schweiz,BS,Gundeldingen,switzerland,Luzern,basel,Gundeldingen
2025-3,Wegzug,2025,3,Schweizer,W,21,Schweiz,Schweiz,BS,Bachletten,Schweiz,Schweiz,BL,NA,basel,Bachletten,switzerland,Basel-Landschaft
2025-3,Wegzug,2025,3,Schweizer,W,21,Schweiz,Schweiz,BS,Klybeck,Schweiz,Schweiz,BL,NA,basel,Klybeck,switzerland,Basel-Landschaft
2025-3,Wegzug,2025,3,Ausländer,M,21,Schweiz,Schweiz,BS,Vorstädte,Europa (ohne Schweiz),Deutschland,Ausland,NA,basel,Vorstädte,europe,Germany
2025-3,Wegzug,2025,3,Ausländer,W,21,Schweiz,Schweiz,BS,Matthäus,Europa (ohne Schweiz),Deutschland,Ausland,NA,basel,Matthäus,europe,Germany
2025-3,Wegzug,2025,3,Ausländer,W,21,Schweiz,Schweiz,BS,Gundeldingen,Europa (ohne Schweiz),Deutschland,Ausland,NA,basel,Gundeldingen,europe,Germany
2025-3,Wegzug,2025,3,Ausländer,W,21,Schweiz,Schweiz,BS,Bruderholz,Europa (ohne Schweiz),Italien,Ausland,NA,basel,Bruderholz,europe,Italy
2025-3,Wegzug,2025,3,Schweizer,W,21,Schweiz,Schweiz,BS,Klybeck,Schweiz,Schweiz,BL,NA,basel,Klybeck,switzerland,Basel-Landschaft
2025-3,Wegzug,2025,3,Schweizer,M,21,Schweiz,Schweiz,BS,St. Johann,Schweiz,Schweiz,BL,NA,basel,St. Johann,switzerland,Basel-Landschaft
2025-3,Zuzug,2025,3,Schweizer,M,21,Schweiz,Schweiz,AG,NA,Schweiz,Schweiz,BS,Am Ring,switzerland,Aargau,basel,Am Ring
2025-3,Zuzug,2025,3,Ausländer,W,21,Europa (ohne Schweiz),Frankreich,NA,NA,Schweiz,Schweiz,BS,St. Johann,europe,France,basel,St. Johann
2025-3,Zuzug,2025,3,Schweizer,W,21,Schweiz,Schweiz,AG,NA,Schweiz,Schweiz,BS,Riehen,switzerland,Aargau,basel,Riehen
2025-3,Zuzug,2025,3,Schweizer,W,21,Schweiz,Schweiz,AG,NA,Schweiz,Schweiz,BS,Altstadt Kleinbasel,switzerland,Aargau,basel,Altstadt Kleinbasel
2025-3,Zuzug,2025,3,Schweizer,W,21,Schweiz,Schweiz,SG,NA,Schweiz,Schweiz,BS,St. Johann,switzerland,St. Gallen,basel,St. Johann
2025-3,Zuzug,2025,3,Schweizer,W,22,Schweiz,Schweiz,LU,NA,Schweiz,Schweiz,BS,St. Johann,switzerland,Luzern,basel,St. Johann
2025-3,Zuzug,2025,3,Schweizer,M,22,Schweiz,Schweiz,BL,NA,Schweiz,Schweiz,BS,Breite,switzerland,Basel-Landschaft,basel,Breite
2025-3,Zuzug,2025,3,Ausländer,M,22,Europa (ohne Schweiz),Deutschland,NA,NA,Schweiz,Schweiz,BS,Gotthelf,europe,Germany,basel,Gotthelf
2025-3,Zuzug,2025,3,Ausländer,M,22,Asien,Sri Lanka,NA,NA,Schweiz,Schweiz,BS,Rosental,world,Sri Lanka,basel,Rosental
2025-3,Zuzug,2025,3,Schweizer,M,22,Schweiz,Schweiz,BL,NA,Schweiz,Schweiz,BS,Rosental,switzerland,Basel-Landschaft,basel,Rosental
2025-3,Zuzug,2025,3,Ausländer,M,22,Schweiz,Schweiz,ZH,NA,Schweiz,Schweiz,BS,Altstadt Kleinbasel,switzerland,Zürich,basel,Altstadt Kleinbasel
2025-3,Zuzug,2025,3,Schweizer,W,22,Schweiz,Schweiz,SO,NA,Schweiz,Schweiz,BS,St. Johann,switzerland,Solothurn,basel,St. Johann
2025-3,Zuzug,2025,3,Schweizer,W,22,Schweiz,Schweiz,AG,NA,Schweiz,Schweiz,BS,Altstadt Kleinbasel,switzerland,Aargau,basel,Altstadt Kleinbasel
2025-3,Zuzug,2025,3,Schweizer,W,22,Schweiz,Schweiz,ZH,NA,Schweiz,Schweiz,BS,Matthäus,switzerland,Zürich,basel,Matthäus
2025-3,Zuzug,2025,3,Ausländer,W,22,Europa (ohne Schweiz),Rumänien,NA,NA,Schweiz,Schweiz,BS,Gundeldingen,europe,Romania,basel,Gundeldingen
2025-3,Zuzug,2025,3,Schweizer,W,22,Schweiz,Schweiz,BE,NA,Schweiz,Schweiz,BS,Am Ring,switzerland,Bern,basel,Am Ring
2025-3,Zuzug,2025,3,Ausländer,M,22,Europa (ohne Schweiz),Deutschland,NA,NA,Schweiz,Schweiz,BS,Wettstein,europe,Germany,basel,Wettstein
2025-3,Zuzug,2025,3,Ausländer,M,22,Europa (ohne Schweiz),Spanien,NA,NA,Schweiz,Schweiz,BS,Matthäus,europe,Spain,basel,Matthäus
2025-3,Zuzug,2025,3,Schweizer,W,22,Schweiz,Schweiz,BL,NA,Schweiz,Schweiz,BS,Hirzbrunnen,switzerland,Basel-Landschaft,basel,Hirzbrunnen
2025-3,Wegzug,2025,3,Ausländer,M,22,Schweiz,Schweiz,BS,Matthäus,Europa (ohne Schweiz),Deutschland,Ausland,NA,basel,Matthäus,europe,Germany
2025-3,Wegzug,2025,3,Ausländer,W,22,Schweiz,Schweiz,BS,Vorstädte,Schweiz,Schweiz,ZH,NA,basel,Vorstädte,switzerland,Zürich
2025-3,Wegzug,2025,3,Schweizer,M,22,Schweiz,Schweiz,BS,St. Johann,Schweiz,Schweiz,ZH,NA,basel,St. Johann,switzerland,Zürich
2025-3,Wegzug,2025,3,Schweizer,W,22,Schweiz,Schweiz,BS,Gundeldingen,Schweiz,Schweiz,ZH,NA,basel,Gundeldingen,switzerland,Zürich
2025-3,Wegzug,2025,3,Ausländer,W,22,Schweiz,Schweiz,BS,Vorstädte,Europa (ohne Schweiz),Deutschland,Ausland,NA,basel,Vorstädte,europe,Germany
2025-3,Wegzug,2025,3,Schweizer,W,22,Schweiz,Schweiz,BS,St. Alban,Schweiz,Schweiz,AG,NA,basel,St. Alban,switzerland,Aargau
2025-3,Wegzug,2025,3,Schweizer,W,22,Schweiz,Schweiz,BS,Matthäus,Schweiz,Schweiz,BL,NA,basel,Matthäus,switzerland,Basel-Landschaft
2025-3,Wegzug,2025,3,Schweizer,W,22,Schweiz,Schweiz,BS,St. Johann,Schweiz,Schweiz,ZH,NA,basel,St. Johann,switzerland,Zürich
2025-3,Wegzug,2025,3,Ausländer,W,22,Schweiz,Schweiz,BS,Matthäus,Schweiz,Schweiz,AG,NA,basel,Matthäus,switzerland,Aargau
2025-3,Wegzug,2025,3,Schweizer,M,22,Schweiz,Schweiz,BS,Iselin,Schweiz,Schweiz,BL,NA,basel,Iselin,switzerland,Basel-Landschaft
2025-3,Wegzug,2025,3,Schweizer,W,22,Schweiz,Schweiz,BS,Iselin,Schweiz,Schweiz,TI,NA,basel,Iselin,switzerland,Ticino
2025-3,Wegzug,2025,3,Schweizer,W,22,Schweiz,Schweiz,BS,Matthäus,Schweiz,Schweiz,LU,NA,basel,Matthäus,switzerland,Luzern
2025-3,Wegzug,2025,3,Ausländer,M,22,Schweiz,Schweiz,BS,St. Alban,Schweiz,Schweiz,AG,NA,basel,St. Alban,switzerland,Aargau
2025-3,Zuzug,2025,3,Ausländer,M,22,Schweiz,Schweiz,BL,NA,Schweiz,Schweiz,BS,Matthäus,switzerland,Basel-Landschaft,basel,Matthäus
2025-3,Zuzug,2025,3,Ausländer,W,22,Europa (ohne Schweiz),Deutschland,NA,NA,Schweiz,Schweiz,BS,Bruderholz,europe,Germany,basel,Bruderholz
2025-3,Zuzug,2025,3,Schweizer,M,22,Schweiz,Schweiz,BL,NA,Schweiz,Schweiz,BS,Iselin,switzerland,Basel-Landschaft,basel,Iselin
2025-3,Zuzug,2025,3,Ausländer,M,22,Schweiz,Schweiz,BL,NA,Schweiz,Schweiz,BS,Gotthelf,switzerland,Basel-Landschaft,basel,Gotthelf
2025-3,Zuzug,2025,3,Schweizer,W,22,Schweiz,Schweiz,AG,NA,Schweiz,Schweiz,BS,Gundeldingen,switzerland,Aargau,basel,Gundeldingen
2025-3,Zuzug,2025,3,Schweizer,W,22,Schweiz,Schweiz,BL,NA,Schweiz,Schweiz,BS,Gotthelf,switzerland,Basel-Landschaft,basel,Gotthelf
2025-3,Zuzug,2025,3,Schweizer,M,22,Schweiz,Schweiz,BL,NA,Schweiz,Schweiz,BS,Am Ring,switzerland,Basel-Landschaft,basel,Am Ring
2025-3,Zuzug,2025,3,Schweizer,M,23,Schweiz,Schweiz,BE,NA,Schweiz,Schweiz,BS,Gundeldingen,switzerland,Bern,basel,Gundeldingen
2025-3,Zuzug,2025,3,Schweizer,W,23,Schweiz,Schweiz,AG,NA,Schweiz,Schweiz,BS,Klybeck,switzerland,Aargau,basel,Klybeck
2025-3,Zuzug,2025,3,Ausländer,M,23,Europa (ohne Schweiz),Serbien,NA,NA,Schweiz,Schweiz,BS,Iselin,europe,Serbia,basel,Iselin
2025-3,Zuzug,2025,3,Ausländer,W,23,Europa (ohne Schweiz),Deutschland,NA,NA,Schweiz,Schweiz,BS,Matthäus,europe,Germany,basel,Matthäus
2025-3,Zuzug,2025,3,Ausländer,M,23,Europa (ohne Schweiz),Deutschland,NA,NA,Schweiz,Schweiz,BS,Gotthelf,europe,Germany,basel,Gotthelf
2025-3,Zuzug,2025,3,Ausländer,M,23,Schweiz,Schweiz,BL,NA,Schweiz,Schweiz,BS,Am Ring,switzerland,Basel-Landschaft,basel,Am Ring
2025-3,Zuzug,2025,3,Ausländer,W,23,Europa (ohne Schweiz),Deutschland,NA,NA,Schweiz,Schweiz,BS,Gundeldingen,europe,Germany,basel,Gundeldingen
2025-3,Zuzug,2025,3,Ausländer,W,23,Schweiz,Schweiz,BL,NA,Schweiz,Schweiz,BS,Matthäus,switzerland,Basel-Landschaft,basel,Matthäus
2025-3,Zuzug,2025,3,Ausländer,M,23,Europa (ohne Schweiz),Deutschland,NA,NA,Schweiz,Schweiz,BS,Klybeck,europe,Germany,basel,Klybeck
2025-3,Zuzug,2025,3,Ausländer,W,23,Europa (ohne Schweiz),Luxemburg,NA,NA,Schweiz,Schweiz,BS,Vorstädte,europe,Luxembourg,basel,Vorstädte
2025-3,Zuzug,2025,3,Ausländer,W,23,Europa (ohne Schweiz),Oesterreich,NA,NA,Schweiz,Schweiz,BS,Gundeldingen,europe,Austria,basel,Gundeldingen
2025-3,Zuzug,2025,3,Schweizer,W,23,Schweiz,Schweiz,TG,NA,Schweiz,Schweiz,BS,Vorstädte,switzerland,Thurgau,basel,Vorstädte
2025-3,Zuzug,2025,3,Schweizer,M,23,Schweiz,Schweiz,BL,NA,Schweiz,Schweiz,BS,St. Johann,switzerland,Basel-Landschaft,basel,St. Johann
2025-3,Wegzug,2025,3,Schweizer,M,23,Schweiz,Schweiz,BS,St. Alban,Schweiz,Schweiz,SO,NA,basel,St. Alban,switzerland,Solothurn
2025-3,Wegzug,2025,3,Schweizer,M,23,Schweiz,Schweiz,BS,Bruderholz,Europa (ohne Schweiz),Belgien,Ausland,NA,basel,Bruderholz,europe,Belgium
2025-3,Wegzug,2025,3,Ausländer,M,23,Schweiz,Schweiz,BS,Klybeck,Europa (ohne Schweiz),Deutschland,Ausland,NA,basel,Klybeck,europe,Germany
2025-3,Wegzug,2025,3,Ausländer,W,23,Schweiz,Schweiz,BS,St. Alban,Europa (ohne Schweiz),Deutschland,Ausland,NA,basel,St. Alban,europe,Germany
2025-3,Wegzug,2025,3,Schweizer,M,23,Schweiz,Schweiz,BS,Bruderholz,Schweiz,Schweiz,GR,NA,basel,Bruderholz,switzerland,Graubünden
2025-3,Wegzug,2025,3,Ausländer,M,23,Schweiz,Schweiz,BS,Altstadt Grossbasel,Europa (ohne Schweiz),Frankreich,Ausland,NA,basel,Altstadt Grossbasel,europe,France
2025-3,Wegzug,2025,3,Ausländer,W,23,Schweiz,Schweiz,BS,Wettstein,Europa (ohne Schweiz),Frankreich,Ausland,NA,basel,Wettstein,europe,France
2025-3,Wegzug,2025,3,Schweizer,W,23,Schweiz,Schweiz,BS,Vorstädte,Schweiz,Schweiz,LU,NA,basel,Vorstädte,switzerland,Luzern
2025-3,Zuzug,2025,3,Ausländer,W,23,Europa (ohne Schweiz),Deutschland,NA,NA,Schweiz,Schweiz,BS,Altstadt Grossbasel,europe,Germany,basel,Altstadt Grossbasel
2025-3,Zuzug,2025,3,Schweizer,W,23,Schweiz,Schweiz,BL,NA,Schweiz,Schweiz,BS,Matthäus,switzerland,Basel-Landschaft,basel,Matthäus
2025-3,Zuzug,2025,3,Ausländer,W,23,Europa (ohne Schweiz),Türkei,NA,NA,Schweiz,Schweiz,BS,St. Johann,world,Turkey,basel,St. Johann
2025-3,Zuzug,2025,3,Schweizer,M,23,Schweiz,Schweiz,LU,NA,Schweiz,Schweiz,BS,St. Johann,switzerland,Luzern,basel,St. Johann
2025-3,Zuzug,2025,3,Schweizer,W,23,Schweiz,Schweiz,BE,NA,Schweiz,Schweiz,BS,St. Alban,switzerland,Bern,basel,St. Alban
2025-3,Zuzug,2025,3,Schweizer,M,23,Europa (ohne Schweiz),Deutschland,NA,NA,Schweiz,Schweiz,BS,Riehen,europe,Germany,basel,Riehen
2025-3,Zuzug,2025,3,Schweizer,W,23,Schweiz,Schweiz,SH,NA,Schweiz,Schweiz,BS,Rosental,switzerland,Schaffhausen,basel,Rosental
2025-3,Zuzug,2025,3,Ausländer,W,23,Europa (ohne Schweiz),Portugal,NA,NA,Schweiz,Schweiz,BS,Matthäus,europe,Portugal,basel,Matthäus
2025-3,Zuzug,2025,3,Schweizer,M,23,Schweiz,Schweiz,BL,NA,Schweiz,Schweiz,BS,Gotthelf,switzerland,Basel-Landschaft,basel,Gotthelf
2025-3,Zuzug,2025,3,Ausländer,W,23,Europa (ohne Schweiz),Ungarn,NA,NA,Schweiz,Schweiz,BS,Vorstädte,europe,Hungary,basel,Vorstädte
2025-3,Zuzug,2025,3,Ausländer,M,23,Europa (ohne Schweiz),Deutschland,NA,NA,Schweiz,Schweiz,BS,Clara,europe,Germany,basel,Clara
2025-3,Zuzug,2025,3,Ausländer,M,23,Europa (ohne Schweiz),Deutschland,NA,NA,Schweiz,Schweiz,BS,Hirzbrunnen,europe,Germany,basel,Hirzbrunnen
2025-3,Zuzug,2025,3,Ausländer,W,23,Europa (ohne Schweiz),Deutschland,NA,NA,Schweiz,Schweiz,BS,Vorstädte,europe,Germany,basel,Vorstädte
2025-3,Zuzug,2025,3,Schweizer,M,23,Schweiz,Schweiz,VS,NA,Schweiz,Schweiz,BS,Rosental,switzerland,Valais,basel,Rosental
2025-3,Wegzug,2025,3,Schweizer,W,23,Schweiz,Schweiz,BS,Matthäus,Schweiz,Schweiz,BL,NA,basel,Matthäus,switzerland,Basel-Landschaft
2025-3,Wegzug,2025,3,Ausländer,M,23,Schweiz,Schweiz,BS,Riehen,Europa (ohne Schweiz),Deutschland,Ausland,NA,basel,Riehen,europe,Germany
2025-3,Wegzug,2025,3,Schweizer,W,23,Schweiz,Schweiz,BS,Rosental,Schweiz,Schweiz,BL,NA,basel,Rosental,switzerland,Basel-Landschaft
2025-3,Wegzug,2025,3,Schweizer,W,23,Schweiz,Schweiz,BS,Gundeldingen,Schweiz,Schweiz,BL,NA,basel,Gundeldingen,switzerland,Basel-Landschaft
2025-3,Wegzug,2025,3,Schweizer,W,23,Schweiz,Schweiz,BS,Hirzbrunnen,Nordamerika,Vereinigte Staaten von Amerika,Ausland,NA,basel,Hirzbrunnen,world,United States of America
2025-3,Wegzug,2025,3,Ausländer,M,23,Schweiz,Schweiz,BS,Gundeldingen,Europa (ohne Schweiz),Deutschland,Ausland,NA,basel,Gundeldingen,europe,Germany
2025-3,Wegzug,2025,3,Ausländer,W,23,Schweiz,Schweiz,BS,Gundeldingen,Europa (ohne Schweiz),Deutschland,Ausland,NA,basel,Gundeldingen,europe,Germany
2025-3,Wegzug,2025,3,Schweizer,M,23,Schweiz,Schweiz,BS,Iselin,Europa (ohne Schweiz),Frankreich,Ausland,NA,basel,Iselin,europe,France
2025-3,Wegzug,2025,3,Ausländer,W,23,Schweiz,Schweiz,BS,Rosental,Europa (ohne Schweiz),Deutschland,Ausland,NA,basel,Rosental,europe,Germany
2025-3,Wegzug,2025,3,Schweizer,M,23,Schweiz,Schweiz,BS,Altstadt Grossbasel,Schweiz,Schweiz,VD,NA,basel,Altstadt Grossbasel,switzerland,Vaud
2025-3,Wegzug,2025,3,Schweizer,M,23,Schweiz,Schweiz,BS,Riehen,Schweiz,Schweiz,BL,NA,basel,Riehen,switzerland,Basel-Landschaft
2025-3,Zuzug,2025,3,Ausländer,M,23,Europa (ohne Schweiz),Deutschland,NA,NA,Schweiz,Schweiz,BS,Gotthelf,europe,Germany,basel,Gotthelf
2025-3,Zuzug,2025,3,Ausländer,W,23,Europa (ohne Schweiz),Deutschland,NA,NA,Schweiz,Schweiz,BS,Gundeldingen,europe,Germany,basel,Gundeldingen
2025-3,Zuzug,2025,3,Ausländer,M,23,Europa (ohne Schweiz),Spanien,NA,NA,Schweiz,Schweiz,BS,Gundeldingen,europe,Spain,basel,Gundeldingen
2025-3,Zuzug,2025,3,Ausländer,M,23,Schweiz,Schweiz,ZH,NA,Schweiz,Schweiz,BS,Hirzbrunnen,switzerland,Zürich,basel,Hirzbrunnen
2025-3,Zuzug,2025,3,Schweizer,W,23,Schweiz,Schweiz,BL,NA,Schweiz,Schweiz,BS,Hirzbrunnen,switzerland,Basel-Landschaft,basel,Hirzbrunnen
2025-3,Zuzug,2025,3,Schweizer,W,23,Schweiz,Schweiz,BL,NA,Schweiz,Schweiz,BS,Gotthelf,switzerland,Basel-Landschaft,basel,Gotthelf
2025-3,Zuzug,2025,3,Schweizer,M,23,Schweiz,Schweiz,BL,NA,Schweiz,Schweiz,BS,Iselin,switzerland,Basel-Landschaft,basel,Iselin
2025-3,Zuzug,2025,3,Schweizer,M,23,Schweiz,Schweiz,BL,NA,Schweiz,Schweiz,BS,Matthäus,switzerland,Basel-Landschaft,basel,Matthäus
2025-3,Zuzug,2025,3,Ausländer,W,23,Europa (ohne Schweiz),Deutschland,NA,NA,Schweiz,Schweiz,BS,St. Alban,europe,Germany,basel,St. Alban
2025-3,Zuzug,2025,3,Ausländer,W,23,Schweiz,Schweiz,BL,NA,Schweiz,Schweiz,BS,Klybeck,switzerland,Basel-Landschaft,basel,Klybeck
2025-3,Zuzug,2025,3,Ausländer,M,23,Europa (ohne Schweiz),Deutschland,NA,NA,Schweiz,Schweiz,BS,Iselin,europe,Germany,basel,Iselin
2025-3,Zuzug,2025,3,Ausländer,W,23,Schweiz,Schweiz,ZG,NA,Schweiz,Schweiz,BS,Rosental,switzerland,Zug,basel,Rosental
2025-3,Zuzug,2025,3,Schweizer,M,23,Schweiz,Schweiz,BL,NA,Schweiz,Schweiz,BS,Riehen,switzerland,Basel-Landschaft,basel,Riehen
2025-3,Zuzug,2025,3,Schweizer,W,23,Schweiz,Schweiz,SG,NA,Schweiz,Schweiz,BS,Klybeck,switzerland,St. Gallen,basel,Klybeck
2025-3,Zuzug,2025,3,Schweizer,W,23,Schweiz,Schweiz,SO,NA,Schweiz,Schweiz,BS,Vorstädte,switzerland,Solothurn,basel,Vorstädte
2025-3,Zuzug,2025,3,Ausländer,M,23,Europa (ohne Schweiz),Portugal,NA,NA,Schweiz,Schweiz,BS,Rosental,europe,Portugal,basel,Rosental
2025-3,Zuzug,2025,3,Schweizer,W,24,Schweiz,Schweiz,ZH,NA,Schweiz,Schweiz,BS,Iselin,switzerland,Zürich,basel,Iselin
2025-3,Zuzug,2025,3,Schweizer,W,24,Schweiz,Schweiz,AG,NA,Schweiz,Schweiz,BS,Gundeldingen,switzerland,Aargau,basel,Gundeldingen
2025-3,Zuzug,2025,3,Ausländer,W,24,Schweiz,Schweiz,BL,NA,Schweiz,Schweiz,BS,Rosental,switzerland,Basel-Landschaft,basel,Rosental
2025-3,Zuzug,2025,3,Ausländer,W,24,Europa (ohne Schweiz),Deutschland,NA,NA,Schweiz,Schweiz,BS,Klybeck,europe,Germany,basel,Klybeck
2025-3,Zuzug,2025,3,Schweizer,M,24,Schweiz,Schweiz,BL,NA,Schweiz,Schweiz,BS,Gundeldingen,switzerland,Basel-Landschaft,basel,Gundeldingen
2025-3,Zuzug,2025,3,Schweizer,W,24,Schweiz,Schweiz,BL,NA,Schweiz,Schweiz,BS,Gundeldingen,switzerland,Basel-Landschaft,basel,Gundeldingen
2025-3,Zuzug,2025,3,Ausländer,W,24,Europa (ohne Schweiz),Schweden,NA,NA,Schweiz,Schweiz,BS,Iselin,europe,Sweden,basel,Iselin
2025-3,Zuzug,2025,3,Ausländer,W,24,Lateinamerika und Karibik,Brasilien,NA,NA,Schweiz,Schweiz,BS,Am Ring,world,Brazil,basel,Am Ring
2025-3,Zuzug,2025,3,Schweizer,W,24,Schweiz,Schweiz,BL,NA,Schweiz,Schweiz,BS,St. Alban,switzerland,Basel-Landschaft,basel,St. Alban
2025-3,Zuzug,2025,3,Ausländer,W,24,Asien,Indien,NA,NA,Schweiz,Schweiz,BS,Bruderholz,world,India,basel,Bruderholz
2025-3,Zuzug,2025,3,Ausländer,M,24,Schweiz,Schweiz,ZH,NA,Schweiz,Schweiz,BS,Hirzbrunnen,switzerland,Zürich,basel,Hirzbrunnen
2025-3,Zuzug,2025,3,Ausländer,W,24,Europa (ohne Schweiz),Deutschland,NA,NA,Schweiz,Schweiz,BS,Clara,europe,Germany,basel,Clara
2025-3,Zuzug,2025,3,Ausländer,W,24,Europa (ohne Schweiz),Deutschland,NA,NA,Schweiz,Schweiz,BS,Kleinhüningen,europe,Germany,basel,Kleinhüningen
2025-3,Zuzug,2025,3,Ausländer,W,24,Europa (ohne Schweiz),Griechenland,NA,NA,Schweiz,Schweiz,BS,Vorstädte,europe,Greece,basel,Vorstädte
2025-3,Zuzug,2025,3,Ausländer,M,24,Europa (ohne Schweiz),Frankreich,NA,NA,Schweiz,Schweiz,BS,Vorstädte,europe,France,basel,Vorstädte
2025-3,Zuzug,2025,3,Ausländer,W,24,Europa (ohne Schweiz),Deutschland,NA,NA,Schweiz,Schweiz,BS,Altstadt Kleinbasel,europe,Germany,basel,Altstadt Kleinbasel
2025-3,Zuzug,2025,3,Ausländer,W,24,Europa (ohne Schweiz),Deutschland,NA,NA,Schweiz,Schweiz,BS,Am Ring,europe,Germany,basel,Am Ring
2025-3,Zuzug,2025,3,Ausländer,W,24,Europa (ohne Schweiz),Deutschland,NA,NA,Schweiz,Schweiz,BS,Gundeldingen,europe,Germany,basel,Gundeldingen
2025-3,Zuzug,2025,3,Ausländer,W,24,Europa (ohne Schweiz),Deutschland,NA,NA,Schweiz,Schweiz,BS,Iselin,europe,Germany,basel,Iselin
2025-3,Zuzug,2025,3,Ausländer,W,24,Europa (ohne Schweiz),Deutschland,NA,NA,Schweiz,Schweiz,BS,Rosental,europe,Germany,basel,Rosental
2025-3,Zuzug,2025,3,Ausländer,W,24,Schweiz,Schweiz,BE,NA,Schweiz,Schweiz,BS,Am Ring,switzerland,Bern,basel,Am Ring
2025-3,Zuzug,2025,3,Schweizer,M,24,Schweiz,Schweiz,AG,NA,Schweiz,Schweiz,BS,Altstadt Kleinbasel,switzerland,Aargau,basel,Altstadt Kleinbasel
2025-3,Wegzug,2025,3,Schweizer,W,24,Schweiz,Schweiz,BS,Am Ring,NA,NA,NA,NA,basel,Am Ring,NA,NA
2025-3,Wegzug,2025,3,Ausländer,M,24,Schweiz,Schweiz,BS,Clara,Nordamerika,Vereinigte Staaten von Amerika,Ausland,NA,basel,Clara,world,United States of America
2025-3,Wegzug,2025,3,Schweizer,W,24,Schweiz,Schweiz,BS,St. Johann,Schweiz,Schweiz,BE,NA,basel,St. Johann,switzerland,Bern
2025-3,Wegzug,2025,3,Schweizer,M,24,Schweiz,Schweiz,BS,Iselin,Schweiz,Schweiz,BL,NA,basel,Iselin,switzerland,Basel-Landschaft
2025-3,Wegzug,2025,3,Ausländer,W,24,Schweiz,Schweiz,BS,Matthäus,Europa (ohne Schweiz),Deutschland,Ausland,NA,basel,Matthäus,europe,Germany
2025-3,Wegzug,2025,3,Ausländer,M,24,Schweiz,Schweiz,BS,Kleinhüningen,Schweiz,Schweiz,BL,NA,basel,Kleinhüningen,switzerland,Basel-Landschaft
2025-3,Wegzug,2025,3,Ausländer,W,24,Schweiz,Schweiz,BS,Matthäus,Asien,Indien,Ausland,NA,basel,Matthäus,world,India
2025-3,Zuzug,2025,3,Schweizer,W,24,Schweiz,Schweiz,BL,NA,Schweiz,Schweiz,BS,Am Ring,switzerland,Basel-Landschaft,basel,Am Ring
2025-3,Zuzug,2025,3,Ausländer,W,24,Europa (ohne Schweiz),Deutschland,NA,NA,Schweiz,Schweiz,BS,Gotthelf,europe,Germany,basel,Gotthelf
2025-3,Zuzug,2025,3,Ausländer,M,24,Europa (ohne Schweiz),Spanien,NA,NA,Schweiz,Schweiz,BS,Am Ring,europe,Spain,basel,Am Ring
2025-3,Zuzug,2025,3,Schweizer,W,24,Schweiz,Schweiz,BL,NA,Schweiz,Schweiz,BS,St. Johann,switzerland,Basel-Landschaft,basel,St. Johann
2025-3,Zuzug,2025,3,Ausländer,W,24,Schweiz,Schweiz,BL,NA,Schweiz,Schweiz,BS,Rosental,switzerland,Basel-Landschaft,basel,Rosental
2025-3,Zuzug,2025,3,Schweizer,M,24,Schweiz,Schweiz,AG,NA,Schweiz,Schweiz,BS,Gundeldingen,switzerland,Aargau,basel,Gundeldingen
2025-3,Zuzug,2025,3,Schweizer,W,24,Schweiz,Schweiz,LU,NA,Schweiz,Schweiz,BS,St. Johann,switzerland,Luzern,basel,St. Johann
2025-3,Zuzug,2025,3,Ausländer,M,24,Lateinamerika und Karibik,Brasilien,NA,NA,Schweiz,Schweiz,BS,Altstadt Kleinbasel,world,Brazil,basel,Altstadt Kleinbasel
2025-3,Zuzug,2025,3,Ausländer,W,24,Europa (ohne Schweiz),Nordmazedonien,NA,NA,Schweiz,Schweiz,BS,Matthäus,europe,North Macedonia,basel,Matthäus
2025-3,Zuzug,2025,3,Ausländer,M,24,Europa (ohne Schweiz),Frankreich,NA,NA,Schweiz,Schweiz,BS,Altstadt Kleinbasel,europe,France,basel,Altstadt Kleinbasel
2025-3,Zuzug,2025,3,Ausländer,M,24,Europa (ohne Schweiz),Frankreich,NA,NA,Schweiz,Schweiz,BS,Klybeck,europe,France,basel,Klybeck
2025-3,Zuzug,2025,3,Ausländer,M,24,Europa (ohne Schweiz),Italien,NA,NA,Schweiz,Schweiz,BS,Iselin,europe,Italy,basel,Iselin
2025-3,Zuzug,2025,3,Ausländer,M,24,Europa (ohne Schweiz),Niederlande,NA,NA,Schweiz,Schweiz,BS,Rosental,europe,Netherlands,basel,Rosental
2025-3,Zuzug,2025,3,Ausländer,W,24,Europa (ohne Schweiz),Deutschland,NA,NA,Schweiz,Schweiz,BS,Hirzbrunnen,europe,Germany,basel,Hirzbrunnen
2025-3,Zuzug,2025,3,Ausländer,M,24,Europa (ohne Schweiz),Portugal,NA,NA,Schweiz,Schweiz,BS,St. Johann,europe,Portugal,basel,St. Johann
2025-3,Zuzug,2025,3,Ausländer,W,24,Lateinamerika und Karibik,Brasilien,NA,NA,Schweiz,Schweiz,BS,Am Ring,world,Brazil,basel,Am Ring
2025-3,Zuzug,2025,3,Ausländer,W,24,Schweiz,Schweiz,LU,NA,Schweiz,Schweiz,BS,Hirzbrunnen,switzerland,Luzern,basel,Hirzbrunnen
2025-3,Zuzug,2025,3,Schweizer,W,24,Schweiz,Schweiz,SO,NA,Schweiz,Schweiz,BS,Hirzbrunnen,switzerland,Solothurn,basel,Hirzbrunnen
2025-3,Zuzug,2025,3,Schweizer,M,24,Schweiz,Schweiz,GR,NA,Schweiz,Schweiz,BS,Matthäus,switzerland,Graubünden,basel,Matthäus
2025-3,Zuzug,2025,3,Schweizer,W,24,Schweiz,Schweiz,BL,NA,Schweiz,Schweiz,BS,Iselin,switzerland,Basel-Landschaft,basel,Iselin
2025-3,Wegzug,2025,3,Ausländer,M,24,Schweiz,Schweiz,BS,Am Ring,Schweiz,Schweiz,BL,NA,basel,Am Ring,switzerland,Basel-Landschaft
2025-3,Wegzug,2025,3,Schweizer,W,24,Schweiz,Schweiz,BS,Gundeldingen,Schweiz,Schweiz,AG,NA,basel,Gundeldingen,switzerland,Aargau
2025-3,Wegzug,2025,3,Schweizer,W,24,Schweiz,Schweiz,BS,Gundeldingen,Schweiz,Schweiz,NW,NA,basel,Gundeldingen,switzerland,Nidwalden
2025-3,Wegzug,2025,3,Ausländer,W,24,Schweiz,Schweiz,BS,Iselin,Asien,Indien,Ausland,NA,basel,Iselin,world,India
2025-3,Wegzug,2025,3,Ausländer,W,24,Schweiz,Schweiz,BS,Am Ring,Europa (ohne Schweiz),Frankreich,Ausland,NA,basel,Am Ring,europe,France
2025-3,Wegzug,2025,3,Ausländer,M,24,Schweiz,Schweiz,BS,St. Johann,Asien,China,Ausland,NA,basel,St. Johann,world,China
2025-3,Wegzug,2025,3,Ausländer,M,24,Schweiz,Schweiz,BS,Matthäus,Europa (ohne Schweiz),Rumänien,Ausland,NA,basel,Matthäus,europe,Romania
2025-3,Wegzug,2025,3,Ausländer,W,24,Schweiz,Schweiz,BS,Iselin,Europa (ohne Schweiz),Deutschland,Ausland,NA,basel,Iselin,europe,Germany
2025-3,Wegzug,2025,3,Schweizer,W,24,Schweiz,Schweiz,BS,Iselin,Schweiz,Schweiz,AG,NA,basel,Iselin,switzerland,Aargau
2025-3,Wegzug,2025,3,Ausländer,W,24,Schweiz,Schweiz,BS,Am Ring,Europa (ohne Schweiz),Frankreich,Ausland,NA,basel,Am Ring,europe,France
2025-3,Wegzug,2025,3,Ausländer,W,24,Schweiz,Schweiz,BS,Klybeck,NA,NA,NA,NA,basel,Klybeck,NA,NA
2025-3,Wegzug,2025,3,Schweizer,W,24,Schweiz,Schweiz,BS,St. Johann,Schweiz,Schweiz,SG,NA,basel,St. Johann,switzerland,St. Gallen
2025-3,Wegzug,2025,3,Ausländer,W,24,Schweiz,Schweiz,BS,Am Ring,Schweiz,Schweiz,BL,NA,basel,Am Ring,switzerland,Basel-Landschaft
2025-3,Wegzug,2025,3,Schweizer,M,24,Schweiz,Schweiz,BS,Iselin,Schweiz,Schweiz,BL,NA,basel,Iselin,switzerland,Basel-Landschaft
2025-3,Wegzug,2025,3,Schweizer,W,24,Schweiz,Schweiz,BS,Iselin,Schweiz,Schweiz,BL,NA,basel,Iselin,switzerland,Basel-Landschaft
2025-3,Wegzug,2025,3,Ausländer,W,24,Schweiz,Schweiz,BS,St. Johann,Lateinamerika und Karibik,Brasilien,Ausland,NA,basel,St. Johann,world,Brazil
2025-3,Wegzug,2025,3,Ausländer,M,24,Schweiz,Schweiz,BS,Iselin,Europa (ohne Schweiz),Belgien,Ausland,NA,basel,Iselin,europe,Belgium
2025-3,Wegzug,2025,3,Schweizer,W,24,Schweiz,Schweiz,BS,Iselin,Schweiz,Schweiz,AG,NA,basel,Iselin,switzerland,Aargau
2025-3,Wegzug,2025,3,Schweizer,W,24,Schweiz,Schweiz,BS,Klybeck,Schweiz,Schweiz,TG,NA,basel,Klybeck,switzerland,Thurgau
2025-3,Zuzug,2025,3,Ausländer,W,24,Europa (ohne Schweiz),Frankreich,NA,NA,Schweiz,Schweiz,BS,Iselin,europe,France,basel,Iselin
2025-3,Zuzug,2025,3,Ausländer,M,24,Europa (ohne Schweiz),Deutschland,NA,NA,Schweiz,Schweiz,BS,Matthäus,europe,Germany,basel,Matthäus
2025-3,Zuzug,2025,3,Ausländer,M,24,Europa (ohne Schweiz),Türkei,NA,NA,Schweiz,Schweiz,BS,Gundeldingen,world,Turkey,basel,Gundeldingen
2025-3,Zuzug,2025,3,Ausländer,W,24,Afrika,Ghana,NA,NA,Schweiz,Schweiz,BS,Wettstein,world,Ghana,basel,Wettstein
2025-3,Zuzug,2025,3,Ausländer,W,24,Europa (ohne Schweiz),Frankreich,NA,NA,Schweiz,Schweiz,BS,Klybeck,europe,France,basel,Klybeck
2025-3,Zuzug,2025,3,Schweizer,M,24,Lateinamerika und Karibik,Venezuela,NA,NA,Schweiz,Schweiz,BS,Iselin,world,Venezuela,basel,Iselin
2025-3,Zuzug,2025,3,Schweizer,W,24,Schweiz,Schweiz,ZG,NA,Schweiz,Schweiz,BS,Gundeldingen,switzerland,Zug,basel,Gundeldingen
2025-3,Zuzug,2025,3,Schweizer,W,24,Schweiz,Schweiz,BE,NA,Schweiz,Schweiz,BS,Iselin,switzerland,Bern,basel,Iselin
2025-3,Zuzug,2025,3,Ausländer,M,24,Europa (ohne Schweiz),Dänemark,NA,NA,Schweiz,Schweiz,BS,St. Johann,europe,Denmark,basel,St. Johann
2025-3,Zuzug,2025,3,Ausländer,W,24,Schweiz,Schweiz,SO,NA,Schweiz,Schweiz,BS,Gotthelf,switzerland,Solothurn,basel,Gotthelf
2025-3,Zuzug,2025,3,Ausländer,W,24,Europa (ohne Schweiz),Deutschland,NA,NA,Schweiz,Schweiz,BS,Klybeck,europe,Germany,basel,Klybeck
2025-3,Zuzug,2025,3,Ausländer,W,24,Europa (ohne Schweiz),Deutschland,NA,NA,Schweiz,Schweiz,BS,Matthäus,europe,Germany,basel,Matthäus
2025-3,Zuzug,2025,3,Ausländer,W,24,Europa (ohne Schweiz),Deutschland,NA,NA,Schweiz,Schweiz,BS,St. Johann,europe,Germany,basel,St. Johann
2025-3,Zuzug,2025,3,Ausländer,W,24,Europa (ohne Schweiz),Portugal,NA,NA,Schweiz,Schweiz,BS,Am Ring,europe,Portugal,basel,Am Ring
2025-3,Zuzug,2025,3,Ausländer,W,24,Schweiz,Schweiz,BL,NA,Schweiz,Schweiz,BS,Matthäus,switzerland,Basel-Landschaft,basel,Matthäus
2025-3,Zuzug,2025,3,Schweizer,W,24,Schweiz,Schweiz,AG,NA,Schweiz,Schweiz,BS,Gundeldingen,switzerland,Aargau,basel,Gundeldingen
2025-3,Zuzug,2025,3,Schweizer,W,24,Schweiz,Schweiz,BE,NA,Schweiz,Schweiz,BS,Clara,switzerland,Bern,basel,Clara
2025-3,Zuzug,2025,3,Schweizer,W,24,Schweiz,Schweiz,BL,NA,Schweiz,Schweiz,BS,Gundeldingen,switzerland,Basel-Landschaft,basel,Gundeldingen
2025-3,Zuzug,2025,3,Ausländer,M,24,Europa (ohne Schweiz),Italien,NA,NA,Schweiz,Schweiz,BS,Am Ring,europe,Italy,basel,Am Ring
2025-3,Zuzug,2025,3,Ausländer,W,24,Europa (ohne Schweiz),Deutschland,NA,NA,Schweiz,Schweiz,BS,Klybeck,europe,Germany,basel,Klybeck
2025-3,Zuzug,2025,3,Ausländer,W,24,Schweiz,Schweiz,LU,NA,Schweiz,Schweiz,BS,Hirzbrunnen,switzerland,Luzern,basel,Hirzbrunnen
2025-3,Zuzug,2025,3,Ausländer,W,24,Europa (ohne Schweiz),Deutschland,NA,NA,Schweiz,Schweiz,BS,Matthäus,europe,Germany,basel,Matthäus
2025-3,Zuzug,2025,3,Ausländer,W,25,Schweiz,Schweiz,BL,NA,Schweiz,Schweiz,BS,Gotthelf,switzerland,Basel-Landschaft,basel,Gotthelf
2025-3,Zuzug,2025,3,Ausländer,W,25,Europa (ohne Schweiz),Spanien,NA,NA,Schweiz,Schweiz,BS,St. Johann,europe,Spain,basel,St. Johann
2025-3,Zuzug,2025,3,Ausländer,W,25,Schweiz,Schweiz,ZH,NA,Schweiz,Schweiz,BS,Kleinhüningen,switzerland,Zürich,basel,Kleinhüningen
2025-3,Zuzug,2025,3,Schweizer,W,25,Schweiz,Schweiz,SG,NA,Schweiz,Schweiz,BS,Kleinhüningen,switzerland,St. Gallen,basel,Kleinhüningen
2025-3,Zuzug,2025,3,Ausländer,W,25,Europa (ohne Schweiz),Portugal,NA,NA,Schweiz,Schweiz,BS,Matthäus,europe,Portugal,basel,Matthäus
2025-3,Zuzug,2025,3,Ausländer,W,25,Europa (ohne Schweiz),Spanien,NA,NA,Schweiz,Schweiz,BS,Matthäus,europe,Spain,basel,Matthäus
2025-3,Zuzug,2025,3,Ausländer,W,25,Europa (ohne Schweiz),Kosovo,NA,NA,Schweiz,Schweiz,BS,Matthäus,europe,Kosovo,basel,Matthäus
2025-3,Zuzug,2025,3,Schweizer,M,25,Schweiz,Schweiz,BL,NA,Schweiz,Schweiz,BS,St. Johann,switzerland,Basel-Landschaft,basel,St. Johann
2025-3,Zuzug,2025,3,Ausländer,M,25,Europa (ohne Schweiz),Frankreich,NA,NA,Schweiz,Schweiz,BS,Rosental,europe,France,basel,Rosental
2025-3,Zuzug,2025,3,Ausländer,W,25,Europa (ohne Schweiz),Serbien,NA,NA,Schweiz,Schweiz,BS,Altstadt Kleinbasel,europe,Serbia,basel,Altstadt Kleinbasel
2025-3,Zuzug,2025,3,Ausländer,W,25,Nordamerika,Kanada,NA,NA,Schweiz,Schweiz,BS,Klybeck,world,Canada,basel,Klybeck
2025-3,Zuzug,2025,3,Ausländer,M,25,Europa (ohne Schweiz),Italien,NA,NA,Schweiz,Schweiz,BS,Hirzbrunnen,europe,Italy,basel,Hirzbrunnen
2025-3,Zuzug,2025,3,Ausländer,M,25,Europa (ohne Schweiz),Oesterreich,NA,NA,Schweiz,Schweiz,BS,Am Ring,europe,Austria,basel,Am Ring
2025-3,Zuzug,2025,3,Ausländer,M,25,Europa (ohne Schweiz),Portugal,NA,NA,Schweiz,Schweiz,BS,Am Ring,europe,Portugal,basel,Am Ring
2025-3,Zuzug,2025,3,Ausländer,W,25,Europa (ohne Schweiz),Belgien,NA,NA,Schweiz,Schweiz,BS,Am Ring,europe,Belgium,basel,Am Ring
2025-3,Zuzug,2025,3,Ausländer,W,25,Europa (ohne Schweiz),Deutschland,NA,NA,Schweiz,Schweiz,BS,Am Ring,europe,Germany,basel,Am Ring
2025-3,Zuzug,2025,3,Ausländer,W,25,Europa (ohne Schweiz),Deutschland,NA,NA,Schweiz,Schweiz,BS,Vorstädte,europe,Germany,basel,Vorstädte
2025-3,Wegzug,2025,3,Ausländer,W,25,Schweiz,Schweiz,BS,Gotthelf,Europa (ohne Schweiz),Deutschland,Ausland,NA,basel,Gotthelf,europe,Germany
2025-3,Wegzug,2025,3,Ausländer,M,25,Schweiz,Schweiz,BS,Bachletten,Schweiz,Schweiz,TI,NA,basel,Bachletten,switzerland,Ticino
2025-3,Wegzug,2025,3,Ausländer,M,25,Schweiz,Schweiz,BS,Riehen,Schweiz,Schweiz,BL,NA,basel,Riehen,switzerland,Basel-Landschaft
2025-3,Wegzug,2025,3,Ausländer,W,25,Schweiz,Schweiz,BS,Klybeck,Schweiz,Schweiz,ZH,NA,basel,Klybeck,switzerland,Zürich
2025-3,Wegzug,2025,3,Ausländer,W,25,Schweiz,Schweiz,BS,Altstadt Kleinbasel,Europa (ohne Schweiz),Deutschland,Ausland,NA,basel,Altstadt Kleinbasel,europe,Germany
2025-3,Wegzug,2025,3,Ausländer,M,25,Schweiz,Schweiz,BS,Gundeldingen,Asien,China,Ausland,NA,basel,Gundeldingen,world,China
2025-3,Wegzug,2025,3,Ausländer,M,25,Schweiz,Schweiz,BS,Matthäus,Europa (ohne Schweiz),Griechenland,Ausland,NA,basel,Matthäus,europe,Greece
2025-3,Wegzug,2025,3,Schweizer,M,25,Schweiz,Schweiz,BS,Iselin,Schweiz,Schweiz,FR,NA,basel,Iselin,switzerland,Fribourg
2025-3,Zuzug,2025,3,Schweizer,W,25,Schweiz,Schweiz,BL,NA,Schweiz,Schweiz,BS,Gundeldingen,switzerland,Basel-Landschaft,basel,Gundeldingen
2025-3,Zuzug,2025,3,Ausländer,W,25,Europa (ohne Schweiz),Portugal,NA,NA,Schweiz,Schweiz,BS,Kleinhüningen,europe,Portugal,basel,Kleinhüningen
2025-3,Zuzug,2025,3,Ausländer,M,25,Europa (ohne Schweiz),Deutschland,NA,NA,Schweiz,Schweiz,BS,Am Ring,europe,Germany,basel,Am Ring
2025-3,Zuzug,2025,3,Ausländer,M,25,Europa (ohne Schweiz),Frankreich,NA,NA,Schweiz,Schweiz,BS,St. Johann,europe,France,basel,St. Johann
2025-3,Zuzug,2025,3,Schweizer,W,25,Schweiz,Schweiz,BL,NA,Schweiz,Schweiz,BS,Am Ring,switzerland,Basel-Landschaft,basel,Am Ring
2025-3,Zuzug,2025,3,Ausländer,M,25,Europa (ohne Schweiz),Türkei,NA,NA,Schweiz,Schweiz,BS,St. Alban,world,Turkey,basel,St. Alban
2025-3,Zuzug,2025,3,Schweizer,W,25,Schweiz,Schweiz,AG,NA,Schweiz,Schweiz,BS,Wettstein,switzerland,Aargau,basel,Wettstein
2025-3,Zuzug,2025,3,Ausländer,M,25,Europa (ohne Schweiz),Deutschland,NA,NA,Schweiz,Schweiz,BS,Gundeldingen,europe,Germany,basel,Gundeldingen
2025-3,Zuzug,2025,3,Schweizer,W,25,Schweiz,Schweiz,BE,NA,Schweiz,Schweiz,BS,St. Johann,switzerland,Bern,basel,St. Johann
2025-3,Zuzug,2025,3,Ausländer,W,25,Schweiz,Schweiz,BL,NA,Schweiz,Schweiz,BS,Matthäus,switzerland,Basel-Landschaft,basel,Matthäus
2025-3,Zuzug,2025,3,Schweizer,W,25,Schweiz,Schweiz,ZH,NA,Schweiz,Schweiz,BS,Iselin,switzerland,Zürich,basel,Iselin
2025-3,Zuzug,2025,3,Ausländer,M,25,Europa (ohne Schweiz),Niederlande,NA,NA,Schweiz,Schweiz,BS,Breite,europe,Netherlands,basel,Breite
2025-3,Zuzug,2025,3,Ausländer,W,25,Europa (ohne Schweiz),Deutschland,NA,NA,Schweiz,Schweiz,BS,Hirzbrunnen,europe,Germany,basel,Hirzbrunnen
2025-3,Zuzug,2025,3,Ausländer,W,25,Europa (ohne Schweiz),Grossbritannien,NA,NA,Schweiz,Schweiz,BS,Matthäus,europe,United Kingdom,basel,Matthäus
2025-3,Zuzug,2025,3,Schweizer,W,25,Schweiz,Schweiz,BL,NA,Schweiz,Schweiz,BS,Gundeldingen,switzerland,Basel-Landschaft,basel,Gundeldingen
2025-3,Zuzug,2025,3,Ausländer,M,25,Europa (ohne Schweiz),Deutschland,NA,NA,Schweiz,Schweiz,BS,St. Alban,europe,Germany,basel,St. Alban
2025-3,Zuzug,2025,3,Schweizer,M,25,Schweiz,Schweiz,BL,NA,Schweiz,Schweiz,BS,Gundeldingen,switzerland,Basel-Landschaft,basel,Gundeldingen
2025-3,Wegzug,2025,3,Ausländer,M,25,Schweiz,Schweiz,BS,Am Ring,Schweiz,Schweiz,ZH,NA,basel,Am Ring,switzerland,Zürich
2025-3,Wegzug,2025,3,Ausländer,M,25,Schweiz,Schweiz,BS,Gotthelf,Schweiz,Schweiz,BL,NA,basel,Gotthelf,switzerland,Basel-Landschaft
2025-3,Wegzug,2025,3,Ausländer,W,25,Schweiz,Schweiz,BS,Rosental,Asien,China,Ausland,NA,basel,Rosental,world,China
2025-3,Wegzug,2025,3,Schweizer,W,25,Schweiz,Schweiz,BS,St. Johann,Schweiz,Schweiz,BE,NA,basel,St. Johann,switzerland,Bern
2025-3,Wegzug,2025,3,Ausländer,W,25,Schweiz,Schweiz,BS,Klybeck,Europa (ohne Schweiz),Deutschland,Ausland,NA,basel,Klybeck,europe,Germany
2025-3,Wegzug,2025,3,Schweizer,W,25,Schweiz,Schweiz,BS,Gundeldingen,Schweiz,Schweiz,BE,NA,basel,Gundeldingen,switzerland,Bern
2025-3,Wegzug,2025,3,Ausländer,M,25,Schweiz,Schweiz,BS,Am Ring,Schweiz,Schweiz,ZH,NA,basel,Am Ring,switzerland,Zürich
2025-3,Wegzug,2025,3,Schweizer,W,25,Schweiz,Schweiz,BS,St. Johann,Schweiz,Schweiz,ZH,NA,basel,St. Johann,switzerland,Zürich
2025-3,Wegzug,2025,3,Schweizer,M,25,Schweiz,Schweiz,BS,St. Johann,Schweiz,Schweiz,SG,NA,basel,St. Johann,switzerland,St. Gallen
2025-3,Wegzug,2025,3,Ausländer,W,25,Schweiz,Schweiz,BS,Breite,Schweiz,Schweiz,BE,NA,basel,Breite,switzerland,Bern
2025-3,Wegzug,2025,3,Schweizer,W,25,Schweiz,Schweiz,BS,St. Johann,Schweiz,Schweiz,SZ,NA,basel,St. Johann,switzerland,Schwyz
2025-3,Wegzug,2025,3,Ausländer,M,25,Schweiz,Schweiz,BS,Breite,Nordamerika,Vereinigte Staaten von Amerika,Ausland,NA,basel,Breite,world,United States of America
2025-3,Wegzug,2025,3,Ausländer,M,25,Schweiz,Schweiz,BS,St. Johann,Europa (ohne Schweiz),Portugal,Ausland,NA,basel,St. Johann,europe,Portugal
2025-3,Wegzug,2025,3,Ausländer,W,25,Schweiz,Schweiz,BS,Hirzbrunnen,Europa (ohne Schweiz),Deutschland,Ausland,NA,basel,Hirzbrunnen,europe,Germany
2025-3,Wegzug,2025,3,Schweizer,W,25,Schweiz,Schweiz,BS,Matthäus,Schweiz,Schweiz,BE,NA,basel,Matthäus,switzerland,Bern
2025-3,Wegzug,2025,3,Ausländer,M,25,Schweiz,Schweiz,BS,Gundeldingen,Schweiz,Schweiz,BL,NA,basel,Gundeldingen,switzerland,Basel-Landschaft
2025-3,Wegzug,2025,3,Ausländer,W,25,Schweiz,Schweiz,BS,Breite,Schweiz,Schweiz,BL,NA,basel,Breite,switzerland,Basel-Landschaft
2025-3,Wegzug,2025,3,Ausländer,W,25,Schweiz,Schweiz,BS,Clara,Schweiz,Schweiz,BL,NA,basel,Clara,switzerland,Basel-Landschaft
2025-3,Wegzug,2025,3,Schweizer,M,25,Schweiz,Schweiz,BS,Rosental,Schweiz,Schweiz,TI,NA,basel,Rosental,switzerland,Ticino
2025-3,Zuzug,2025,3,Schweizer,M,25,Schweiz,Schweiz,BL,NA,Schweiz,Schweiz,BS,Gundeldingen,switzerland,Basel-Landschaft,basel,Gundeldingen
2025-3,Zuzug,2025,3,Ausländer,W,25,Europa (ohne Schweiz),Grossbritannien,NA,NA,Schweiz,Schweiz,BS,Kleinhüningen,europe,United Kingdom,basel,Kleinhüningen
2025-3,Zuzug,2025,3,Schweizer,M,25,Schweiz,Schweiz,TG,NA,Schweiz,Schweiz,BS,Clara,switzerland,Thurgau,basel,Clara
2025-3,Zuzug,2025,3,Schweizer,W,25,Schweiz,Schweiz,ZH,NA,Schweiz,Schweiz,BS,Wettstein,switzerland,Zürich,basel,Wettstein
2025-3,Zuzug,2025,3,Ausländer,W,25,Europa (ohne Schweiz),Rumänien,NA,NA,Schweiz,Schweiz,BS,Gundeldingen,europe,Romania,basel,Gundeldingen
2025-3,Zuzug,2025,3,Ausländer,M,25,Europa (ohne Schweiz),Deutschland,NA,NA,Schweiz,Schweiz,BS,Klybeck,europe,Germany,basel,Klybeck
2025-3,Zuzug,2025,3,Ausländer,M,25,Europa (ohne Schweiz),Italien,NA,NA,Schweiz,Schweiz,BS,Kleinhüningen,europe,Italy,basel,Kleinhüningen
2025-3,Zuzug,2025,3,Ausländer,W,25,Europa (ohne Schweiz),Deutschland,NA,NA,Schweiz,Schweiz,BS,Am Ring,europe,Germany,basel,Am Ring
2025-3,Zuzug,2025,3,Ausländer,W,25,Europa (ohne Schweiz),Belgien,NA,NA,Schweiz,Schweiz,BS,Matthäus,europe,Belgium,basel,Matthäus
2025-3,Zuzug,2025,3,Ausländer,W,25,Asien,Indien,NA,NA,Schweiz,Schweiz,BS,St. Alban,world,India,basel,St. Alban
2025-3,Zuzug,2025,3,Schweizer,W,25,Schweiz,Schweiz,BL,NA,Schweiz,Schweiz,BS,Bachletten,switzerland,Basel-Landschaft,basel,Bachletten
2025-3,Zuzug,2025,3,Schweizer,W,25,Schweiz,Schweiz,AG,NA,Schweiz,Schweiz,BS,Iselin,switzerland,Aargau,basel,Iselin
2025-3,Zuzug,2025,3,Schweizer,M,25,Europa (ohne Schweiz),Deutschland,NA,NA,Schweiz,Schweiz,BS,St. Johann,europe,Germany,basel,St. Johann
2025-3,Zuzug,2025,3,Schweizer,M,25,Schweiz,Schweiz,GE,NA,Schweiz,Schweiz,BS,Bachletten,switzerland,Genève,basel,Bachletten
2025-3,Zuzug,2025,3,Ausländer,M,25,Europa (ohne Schweiz),Deutschland,NA,NA,Schweiz,Schweiz,BS,Matthäus,europe,Germany,basel,Matthäus
2025-3,Zuzug,2025,3,Ausländer,M,25,Europa (ohne Schweiz),Spanien,NA,NA,Schweiz,Schweiz,BS,Rosental,europe,Spain,basel,Rosental
2025-3,Zuzug,2025,3,Ausländer,M,25,Europa (ohne Schweiz),Deutschland,NA,NA,Schweiz,Schweiz,BS,Vorstädte,europe,Germany,basel,Vorstädte
2025-3,Zuzug,2025,3,Ausländer,W,25,Europa (ohne Schweiz),Deutschland,NA,NA,Schweiz,Schweiz,BS,Clara,europe,Germany,basel,Clara
2025-3,Zuzug,2025,3,Ausländer,W,25,Schweiz,Schweiz,VD,NA,Schweiz,Schweiz,BS,Bachletten,switzerland,Vaud,basel,Bachletten
2025-3,Zuzug,2025,3,Schweizer,M,25,Schweiz,Schweiz,BL,NA,Schweiz,Schweiz,BS,Gotthelf,switzerland,Basel-Landschaft,basel,Gotthelf
2025-3,Zuzug,2025,3,Schweizer,W,26,Schweiz,Schweiz,BL,NA,Schweiz,Schweiz,BS,Kleinhüningen,switzerland,Basel-Landschaft,basel,Kleinhüningen
2025-3,Zuzug,2025,3,Schweizer,W,26,Schweiz,Schweiz,GR,NA,Schweiz,Schweiz,BS,Iselin,switzerland,Graubünden,basel,Iselin
2025-3,Zuzug,2025,3,Schweizer,M,26,Schweiz,Schweiz,BL,NA,Schweiz,Schweiz,BS,Gundeldingen,switzerland,Basel-Landschaft,basel,Gundeldingen
2025-3,Zuzug,2025,3,Schweizer,W,26,Schweiz,Schweiz,ZH,NA,Schweiz,Schweiz,BS,Matthäus,switzerland,Zürich,basel,Matthäus
2025-3,Zuzug,2025,3,Schweizer,M,26,Schweiz,Schweiz,ZH,NA,Schweiz,Schweiz,BS,Am Ring,switzerland,Zürich,basel,Am Ring
2025-3,Zuzug,2025,3,Schweizer,M,26,Schweiz,Schweiz,LU,NA,Schweiz,Schweiz,BS,Riehen,switzerland,Luzern,basel,Riehen
2025-3,Zuzug,2025,3,Schweizer,W,26,Schweiz,Schweiz,BL,NA,Schweiz,Schweiz,BS,Iselin,switzerland,Basel-Landschaft,basel,Iselin
2025-3,Zuzug,2025,3,Ausländer,M,26,Europa (ohne Schweiz),Nordmazedonien,NA,NA,Schweiz,Schweiz,BS,Klybeck,europe,North Macedonia,basel,Klybeck
2025-3,Zuzug,2025,3,Ausländer,M,26,Europa (ohne Schweiz),Spanien,NA,NA,Schweiz,Schweiz,BS,Matthäus,europe,Spain,basel,Matthäus
2025-3,Zuzug,2025,3,Ausländer,W,26,Europa (ohne Schweiz),Deutschland,NA,NA,Schweiz,Schweiz,BS,Vorstädte,europe,Germany,basel,Vorstädte
2025-3,Zuzug,2025,3,Ausländer,W,26,Europa (ohne Schweiz),Italien,NA,NA,Schweiz,Schweiz,BS,Am Ring,europe,Italy,basel,Am Ring
2025-3,Zuzug,2025,3,Ausländer,M,26,Schweiz,Schweiz,ZH,NA,Schweiz,Schweiz,BS,St. Johann,switzerland,Zürich,basel,St. Johann
2025-3,Zuzug,2025,3,Ausländer,W,26,Europa (ohne Schweiz),Deutschland,NA,NA,Schweiz,Schweiz,BS,Riehen,europe,Germany,basel,Riehen
2025-3,Zuzug,2025,3,Schweizer,W,26,Schweiz,Schweiz,BL,NA,Schweiz,Schweiz,BS,St. Johann,switzerland,Basel-Landschaft,basel,St. Johann
2025-3,Zuzug,2025,3,Schweizer,W,26,Schweiz,Schweiz,SO,NA,Schweiz,Schweiz,BS,St. Johann,switzerland,Solothurn,basel,St. Johann
2025-3,Zuzug,2025,3,Schweizer,W,26,Schweiz,Schweiz,SO,NA,Schweiz,Schweiz,BS,Clara,switzerland,Solothurn,basel,Clara
2025-3,Zuzug,2025,3,Schweizer,W,26,Schweiz,Schweiz,TI,NA,Schweiz,Schweiz,BS,Wettstein,switzerland,Ticino,basel,Wettstein
2025-3,Zuzug,2025,3,Ausländer,W,26,Europa (ohne Schweiz),Deutschland,NA,NA,Schweiz,Schweiz,BS,Riehen,europe,Germany,basel,Riehen
2025-3,Zuzug,2025,3,Schweizer,M,26,Schweiz,Schweiz,BL,NA,Schweiz,Schweiz,BS,Breite,switzerland,Basel-Landschaft,basel,Breite
2025-3,Wegzug,2025,3,Ausländer,M,26,Schweiz,Schweiz,BS,Altstadt Grossbasel,Schweiz,Schweiz,GR,NA,basel,Altstadt Grossbasel,switzerland,Graubünden
2025-3,Wegzug,2025,3,Ausländer,W,26,Schweiz,Schweiz,BS,Iselin,Asien,Vereinigte Arabische Emirate,Ausland,NA,basel,Iselin,world,United Arab Emirates
2025-3,Wegzug,2025,3,Schweizer,W,26,Schweiz,Schweiz,BS,Klybeck,Schweiz,Schweiz,BL,NA,basel,Klybeck,switzerland,Basel-Landschaft
2025-3,Wegzug,2025,3,Ausländer,W,26,Schweiz,Schweiz,BS,Clara,Europa (ohne Schweiz),Deutschland,Ausland,NA,basel,Clara,europe,Germany
2025-3,Wegzug,2025,3,Ausländer,W,26,Schweiz,Schweiz,BS,Gotthelf,Europa (ohne Schweiz),Oesterreich,Ausland,NA,basel,Gotthelf,europe,Austria
2025-3,Wegzug,2025,3,Schweizer,M,26,Schweiz,Schweiz,BS,St. Johann,NA,NA,NA,NA,basel,St. Johann,NA,NA
2025-3,Wegzug,2025,3,Ausländer,M,26,Schweiz,Schweiz,BS,Gotthelf,Nordamerika,Vereinigte Staaten von Amerika,Ausland,NA,basel,Gotthelf,world,United States of America
2025-3,Wegzug,2025,3,Ausländer,W,26,Schweiz,Schweiz,BS,Klybeck,Europa (ohne Schweiz),Italien,Ausland,NA,basel,Klybeck,europe,Italy
2025-3,Wegzug,2025,3,Ausländer,W,26,Schweiz,Schweiz,BS,Am Ring,Schweiz,Schweiz,BL,NA,basel,Am Ring,switzerland,Basel-Landschaft
2025-3,Wegzug,2025,3,Schweizer,W,26,Schweiz,Schweiz,BS,Gotthelf,Schweiz,Schweiz,TI,NA,basel,Gotthelf,switzerland,Ticino
2025-3,Wegzug,2025,3,Schweizer,W,26,Schweiz,Schweiz,BS,Bruderholz,Schweiz,Schweiz,BE,NA,basel,Bruderholz,switzerland,Bern
2025-3,Zuzug,2025,3,Ausländer,M,26,Europa (ohne Schweiz),Frankreich,NA,NA,Schweiz,Schweiz,BS,St. Johann,europe,France,basel,St. Johann
2025-3,Zuzug,2025,3,Ausländer,M,26,Schweiz,Schweiz,TG,NA,Schweiz,Schweiz,BS,Gundeldingen,switzerland,Thurgau,basel,Gundeldingen
2025-3,Zuzug,2025,3,Ausländer,M,26,Afrika,Aegypten,NA,NA,Schweiz,Schweiz,BS,Klybeck,world,Egypt,basel,Klybeck
2025-3,Zuzug,2025,3,Schweizer,W,26,Schweiz,Schweiz,BL,NA,Schweiz,Schweiz,BS,Bachletten,switzerland,Basel-Landschaft,basel,Bachletten
2025-3,Zuzug,2025,3,Ausländer,M,26,Europa (ohne Schweiz),Portugal,NA,NA,Schweiz,Schweiz,BS,St. Alban,europe,Portugal,basel,St. Alban
2025-3,Zuzug,2025,3,Ausländer,W,26,Europa (ohne Schweiz),Deutschland,NA,NA,Schweiz,Schweiz,BS,Altstadt Kleinbasel,europe,Germany,basel,Altstadt Kleinbasel
2025-3,Zuzug,2025,3,Ausländer,W,26,Schweiz,Schweiz,SG,NA,Schweiz,Schweiz,BS,St. Johann,switzerland,St. Gallen,basel,St. Johann
2025-3,Zuzug,2025,3,Ausländer,W,26,Europa (ohne Schweiz),Spanien,NA,NA,Schweiz,Schweiz,BS,Altstadt Kleinbasel,europe,Spain,basel,Altstadt Kleinbasel
2025-3,Zuzug,2025,3,Schweizer,M,26,Schweiz,Schweiz,BL,NA,Schweiz,Schweiz,BS,Matthäus,switzerland,Basel-Landschaft,basel,Matthäus
2025-3,Zuzug,2025,3,Ausländer,M,26,Europa (ohne Schweiz),Deutschland,NA,NA,Schweiz,Schweiz,BS,Vorstädte,europe,Germany,basel,Vorstädte
2025-3,Zuzug,2025,3,Ausländer,M,26,Schweiz,Schweiz,BL,NA,Schweiz,Schweiz,BS,Hirzbrunnen,switzerland,Basel-Landschaft,basel,Hirzbrunnen
2025-3,Zuzug,2025,3,Ausländer,W,26,Europa (ohne Schweiz),Deutschland,NA,NA,Schweiz,Schweiz,BS,Am Ring,europe,Germany,basel,Am Ring
2025-3,Zuzug,2025,3,Ausländer,M,26,Europa (ohne Schweiz),Deutschland,NA,NA,Schweiz,Schweiz,BS,St. Johann,europe,Germany,basel,St. Johann
2025-3,Zuzug,2025,3,Schweizer,M,26,Schweiz,Schweiz,BL,NA,Schweiz,Schweiz,BS,Gundeldingen,switzerland,Basel-Landschaft,basel,Gundeldingen
2025-3,Zuzug,2025,3,Schweizer,W,26,Schweiz,Schweiz,BL,NA,Schweiz,Schweiz,BS,Gundeldingen,switzerland,Basel-Landschaft,basel,Gundeldingen
2025-3,Zuzug,2025,3,Schweizer,W,26,Schweiz,Schweiz,ZH,NA,Schweiz,Schweiz,BS,Bruderholz,switzerland,Zürich,basel,Bruderholz
2025-3,Zuzug,2025,3,Ausländer,M,26,Europa (ohne Schweiz),Griechenland,NA,NA,Schweiz,Schweiz,BS,Riehen,europe,Greece,basel,Riehen
2025-3,Wegzug,2025,3,Ausländer,M,26,Schweiz,Schweiz,BS,Bachletten,Europa (ohne Schweiz),Deutschland,Ausland,NA,basel,Bachletten,europe,Germany
2025-3,Wegzug,2025,3,Ausländer,W,26,Schweiz,Schweiz,BS,Gundeldingen,Europa (ohne Schweiz),Deutschland,Ausland,NA,basel,Gundeldingen,europe,Germany
2025-3,Wegzug,2025,3,Schweizer,W,26,Schweiz,Schweiz,BS,Iselin,Schweiz,Schweiz,VS,NA,basel,Iselin,switzerland,Valais
2025-3,Wegzug,2025,3,Ausländer,M,26,Schweiz,Schweiz,BS,St. Johann,Schweiz,Schweiz,BL,NA,basel,St. Johann,switzerland,Basel-Landschaft
2025-3,Wegzug,2025,3,Ausländer,W,26,Schweiz,Schweiz,BS,Vorstädte,Schweiz,Schweiz,VD,NA,basel,Vorstädte,switzerland,Vaud
2025-3,Wegzug,2025,3,Ausländer,M,26,Schweiz,Schweiz,BS,Bachletten,Schweiz,Schweiz,AG,NA,basel,Bachletten,switzerland,Aargau
2025-3,Wegzug,2025,3,Schweizer,M,26,Schweiz,Schweiz,BS,Klybeck,Schweiz,Schweiz,BL,NA,basel,Klybeck,switzerland,Basel-Landschaft
2025-3,Wegzug,2025,3,Schweizer,W,26,Schweiz,Schweiz,BS,Breite,Schweiz,Schweiz,ZH,NA,basel,Breite,switzerland,Zürich
2025-3,Wegzug,2025,3,Ausländer,W,26,Schweiz,Schweiz,BS,Klybeck,Europa (ohne Schweiz),Rumänien,Ausland,NA,basel,Klybeck,europe,Romania
2025-3,Wegzug,2025,3,Ausländer,M,26,Schweiz,Schweiz,BS,Matthäus,Europa (ohne Schweiz),Deutschland,Ausland,NA,basel,Matthäus,europe,Germany
2025-3,Wegzug,2025,3,Ausländer,W,26,Schweiz,Schweiz,BS,Breite,Schweiz,Schweiz,BL,NA,basel,Breite,switzerland,Basel-Landschaft
2025-3,Wegzug,2025,3,Ausländer,W,26,Schweiz,Schweiz,BS,Am Ring,Schweiz,Schweiz,ZH,NA,basel,Am Ring,switzerland,Zürich
2025-3,Wegzug,2025,3,Schweizer,M,26,Schweiz,Schweiz,BS,Klybeck,Schweiz,Schweiz,BL,NA,basel,Klybeck,switzerland,Basel-Landschaft
2025-3,Wegzug,2025,3,Schweizer,M,26,Schweiz,Schweiz,BS,Iselin,Schweiz,Schweiz,BL,NA,basel,Iselin,switzerland,Basel-Landschaft
2025-3,Wegzug,2025,3,Ausländer,W,26,Schweiz,Schweiz,BS,Gundeldingen,Europa (ohne Schweiz),Grossbritannien,Ausland,NA,basel,Gundeldingen,europe,United Kingdom
2025-3,Wegzug,2025,3,Ausländer,W,26,Schweiz,Schweiz,BS,Riehen,Europa (ohne Schweiz),Bosnien-Herzegowina,Ausland,NA,basel,Riehen,europe,Bosnia and Herz.
2025-3,Wegzug,2025,3,Schweizer,W,26,Schweiz,Schweiz,BS,Iselin,Schweiz,Schweiz,LU,NA,basel,Iselin,switzerland,Luzern
2025-3,Wegzug,2025,3,Ausländer,M,26,Schweiz,Schweiz,BS,St. Johann,NA,NA,NA,NA,basel,St. Johann,NA,NA
2025-3,Wegzug,2025,3,Ausländer,M,26,Schweiz,Schweiz,BS,Gundeldingen,Europa (ohne Schweiz),Deutschland,Ausland,NA,basel,Gundeldingen,europe,Germany
2025-3,Wegzug,2025,3,Schweizer,W,26,Schweiz,Schweiz,BS,St. Alban,Schweiz,Schweiz,BL,NA,basel,St. Alban,switzerland,Basel-Landschaft
2025-3,Wegzug,2025,3,Schweizer,W,26,Schweiz,Schweiz,BS,Rosental,Europa (ohne Schweiz),Spanien,Ausland,NA,basel,Rosental,europe,Spain
2025-3,Wegzug,2025,3,Schweizer,M,26,Schweiz,Schweiz,BS,Wettstein,Schweiz,Schweiz,BL,NA,basel,Wettstein,switzerland,Basel-Landschaft
2025-3,Wegzug,2025,3,Schweizer,M,26,Schweiz,Schweiz,BS,Iselin,Schweiz,Schweiz,ZH,NA,basel,Iselin,switzerland,Zürich
2025-3,Wegzug,2025,3,Ausländer,M,26,Schweiz,Schweiz,BS,St. Alban,NA,NA,NA,NA,basel,St. Alban,NA,NA
2025-3,Wegzug,2025,3,Ausländer,W,26,Schweiz,Schweiz,BS,Rosental,Europa (ohne Schweiz),Deutschland,Ausland,NA,basel,Rosental,europe,Germany
2025-3,Wegzug,2025,3,Schweizer,M,26,Schweiz,Schweiz,BS,Matthäus,Schweiz,Schweiz,ZH,NA,basel,Matthäus,switzerland,Zürich
2025-3,Zuzug,2025,3,Schweizer,W,26,Schweiz,Schweiz,BE,NA,Schweiz,Schweiz,BS,St. Johann,switzerland,Bern,basel,St. Johann
2025-3,Zuzug,2025,3,Schweizer,M,26,Schweiz,Schweiz,BL,NA,Schweiz,Schweiz,BS,Rosental,switzerland,Basel-Landschaft,basel,Rosental
2025-3,Zuzug,2025,3,Ausländer,W,26,Europa (ohne Schweiz),Deutschland,NA,NA,Schweiz,Schweiz,BS,Gotthelf,europe,Germany,basel,Gotthelf
2025-3,Zuzug,2025,3,Schweizer,W,26,Schweiz,Schweiz,SO,NA,Schweiz,Schweiz,BS,Bachletten,switzerland,Solothurn,basel,Bachletten
2025-3,Zuzug,2025,3,Ausländer,M,26,Europa (ohne Schweiz),Italien,NA,NA,Schweiz,Schweiz,BS,Altstadt Kleinbasel,europe,Italy,basel,Altstadt Kleinbasel
2025-3,Zuzug,2025,3,Ausländer,W,26,Afrika,Madagaskar,NA,NA,Schweiz,Schweiz,BS,Rosental,world,Madagascar,basel,Rosental
2025-3,Zuzug,2025,3,Schweizer,W,26,Europa (ohne Schweiz),Grossbritannien,NA,NA,Schweiz,Schweiz,BS,Gotthelf,europe,United Kingdom,basel,Gotthelf
2025-3,Zuzug,2025,3,Schweizer,M,26,Schweiz,Schweiz,BL,NA,Schweiz,Schweiz,BS,Wettstein,switzerland,Basel-Landschaft,basel,Wettstein
2025-3,Zuzug,2025,3,Schweizer,W,26,Schweiz,Schweiz,AG,NA,Schweiz,Schweiz,BS,Iselin,switzerland,Aargau,basel,Iselin
2025-3,Zuzug,2025,3,Schweizer,M,26,Schweiz,Schweiz,SO,NA,Schweiz,Schweiz,BS,St. Johann,switzerland,Solothurn,basel,St. Johann
2025-3,Zuzug,2025,3,Schweizer,W,26,Schweiz,Schweiz,BL,NA,Schweiz,Schweiz,BS,Wettstein,switzerland,Basel-Landschaft,basel,Wettstein
2025-3,Zuzug,2025,3,Ausländer,M,26,Europa (ohne Schweiz),Frankreich,NA,NA,Schweiz,Schweiz,BS,Am Ring,europe,France,basel,Am Ring
2025-3,Zuzug,2025,3,Schweizer,W,26,Schweiz,Schweiz,LU,NA,Schweiz,Schweiz,BS,Gundeldingen,switzerland,Luzern,basel,Gundeldingen
2025-3,Zuzug,2025,3,Schweizer,M,26,Nordamerika,Vereinigte Staaten von Amerika,NA,NA,Schweiz,Schweiz,BS,Breite,world,United States of America,basel,Breite
2025-3,Zuzug,2025,3,Ausländer,M,26,Europa (ohne Schweiz),Deutschland,NA,NA,Schweiz,Schweiz,BS,Hirzbrunnen,europe,Germany,basel,Hirzbrunnen
2025-3,Zuzug,2025,3,Ausländer,W,26,Europa (ohne Schweiz),Deutschland,NA,NA,Schweiz,Schweiz,BS,Breite,europe,Germany,basel,Breite
2025-3,Zuzug,2025,3,Ausländer,M,26,Europa (ohne Schweiz),Deutschland,NA,NA,Schweiz,Schweiz,BS,Am Ring,europe,Germany,basel,Am Ring
2025-3,Zuzug,2025,3,Ausländer,M,26,Europa (ohne Schweiz),Deutschland,NA,NA,Schweiz,Schweiz,BS,Gundeldingen,europe,Germany,basel,Gundeldingen
2025-3,Zuzug,2025,3,Ausländer,M,26,Europa (ohne Schweiz),Deutschland,NA,NA,Schweiz,Schweiz,BS,Rosental,europe,Germany,basel,Rosental
2025-3,Zuzug,2025,3,Ausländer,W,26,Europa (ohne Schweiz),Italien,NA,NA,Schweiz,Schweiz,BS,St. Johann,europe,Italy,basel,St. Johann
2025-3,Zuzug,2025,3,Schweizer,M,26,Schweiz,Schweiz,BE,NA,Schweiz,Schweiz,BS,Bettingen,switzerland,Bern,basel,Bettingen
2025-3,Zuzug,2025,3,Ausländer,W,26,Europa (ohne Schweiz),Deutschland,NA,NA,Schweiz,Schweiz,BS,Am Ring,europe,Germany,basel,Am Ring
2025-3,Zuzug,2025,3,Ausländer,W,26,Europa (ohne Schweiz),Deutschland,NA,NA,Schweiz,Schweiz,BS,Am Ring,europe,Germany,basel,Am Ring
2025-3,Zuzug,2025,3,Schweizer,W,27,Schweiz,Schweiz,BL,NA,Schweiz,Schweiz,BS,Hirzbrunnen,switzerland,Basel-Landschaft,basel,Hirzbrunnen
2025-3,Zuzug,2025,3,Ausländer,M,27,Schweiz,Schweiz,BL,NA,Schweiz,Schweiz,BS,Am Ring,switzerland,Basel-Landschaft,basel,Am Ring
2025-3,Zuzug,2025,3,Ausländer,W,27,Schweiz,Schweiz,GE,NA,Schweiz,Schweiz,BS,Clara,switzerland,Genève,basel,Clara
2025-3,Zuzug,2025,3,Ausländer,W,27,Europa (ohne Schweiz),Italien,NA,NA,Schweiz,Schweiz,BS,Gundeldingen,europe,Italy,basel,Gundeldingen
2025-3,Zuzug,2025,3,Ausländer,M,27,Europa (ohne Schweiz),Deutschland,NA,NA,Schweiz,Schweiz,BS,St. Alban,europe,Germany,basel,St. Alban
2025-3,Zuzug,2025,3,Ausländer,M,27,Europa (ohne Schweiz),Irland,NA,NA,Schweiz,Schweiz,BS,Gundeldingen,europe,Ireland,basel,Gundeldingen
2025-3,Zuzug,2025,3,Ausländer,W,27,Europa (ohne Schweiz),Deutschland,NA,NA,Schweiz,Schweiz,BS,Vorstädte,europe,Germany,basel,Vorstädte
2025-3,Zuzug,2025,3,Ausländer,W,27,Schweiz,Schweiz,TI,NA,Schweiz,Schweiz,BS,Klybeck,switzerland,Ticino,basel,Klybeck
2025-3,Zuzug,2025,3,Ausländer,M,27,Europa (ohne Schweiz),Deutschland,NA,NA,Schweiz,Schweiz,BS,Altstadt Kleinbasel,europe,Germany,basel,Altstadt Kleinbasel
2025-3,Zuzug,2025,3,Ausländer,M,27,Europa (ohne Schweiz),Deutschland,NA,NA,Schweiz,Schweiz,BS,Vorstädte,europe,Germany,basel,Vorstädte
2025-3,Zuzug,2025,3,Ausländer,M,27,Europa (ohne Schweiz),Deutschland,NA,NA,Schweiz,Schweiz,BS,Riehen,europe,Germany,basel,Riehen
2025-3,Zuzug,2025,3,Ausländer,M,27,Schweiz,Schweiz,BL,NA,Schweiz,Schweiz,BS,Gundeldingen,switzerland,Basel-Landschaft,basel,Gundeldingen
2025-3,Zuzug,2025,3,Ausländer,W,27,Europa (ohne Schweiz),Deutschland,NA,NA,Schweiz,Schweiz,BS,Bruderholz,europe,Germany,basel,Bruderholz
2025-3,Zuzug,2025,3,Ausländer,W,27,Europa (ohne Schweiz),Frankreich,NA,NA,Schweiz,Schweiz,BS,St. Johann,europe,France,basel,St. Johann
2025-3,Zuzug,2025,3,Schweizer,W,27,Schweiz,Schweiz,BL,NA,Schweiz,Schweiz,BS,Am Ring,switzerland,Basel-Landschaft,basel,Am Ring
2025-3,Zuzug,2025,3,Schweizer,W,27,Schweiz,Schweiz,BL,NA,Schweiz,Schweiz,BS,Iselin,switzerland,Basel-Landschaft,basel,Iselin
2025-3,Zuzug,2025,3,Schweizer,M,27,Schweiz,Schweiz,SO,NA,Schweiz,Schweiz,BS,St. Johann,switzerland,Solothurn,basel,St. Johann
2025-3,Wegzug,2025,3,Ausländer,M,27,Schweiz,Schweiz,BS,St. Johann,Europa (ohne Schweiz),Portugal,Ausland,NA,basel,St. Johann,europe,Portugal
2025-3,Wegzug,2025,3,Ausländer,W,27,Schweiz,Schweiz,BS,St. Johann,Europa (ohne Schweiz),Deutschland,Ausland,NA,basel,St. Johann,europe,Germany
2025-3,Wegzug,2025,3,Ausländer,W,27,Schweiz,Schweiz,BS,Bruderholz,Schweiz,Schweiz,BL,NA,basel,Bruderholz,switzerland,Basel-Landschaft
2025-3,Wegzug,2025,3,Ausländer,M,27,Schweiz,Schweiz,BS,Clara,Lateinamerika und Karibik,Dominikanische Republik,Ausland,NA,basel,Clara,world,Dominican Rep.
2025-3,Wegzug,2025,3,Ausländer,W,27,Schweiz,Schweiz,BS,St. Johann,Europa (ohne Schweiz),Portugal,Ausland,NA,basel,St. Johann,europe,Portugal
2025-3,Wegzug,2025,3,Schweizer,W,27,Schweiz,Schweiz,BS,Iselin,Schweiz,Schweiz,BL,NA,basel,Iselin,switzerland,Basel-Landschaft
2025-3,Zuzug,2025,3,Schweizer,W,27,Schweiz,Schweiz,ZH,NA,Schweiz,Schweiz,BS,Hirzbrunnen,switzerland,Zürich,basel,Hirzbrunnen
2025-3,Zuzug,2025,3,Ausländer,W,27,Europa (ohne Schweiz),Deutschland,NA,NA,Schweiz,Schweiz,BS,Am Ring,europe,Germany,basel,Am Ring
2025-3,Zuzug,2025,3,Ausländer,M,27,Europa (ohne Schweiz),Deutschland,NA,NA,Schweiz,Schweiz,BS,Klybeck,europe,Germany,basel,Klybeck
2025-3,Zuzug,2025,3,Ausländer,M,27,Europa (ohne Schweiz),Frankreich,NA,NA,Schweiz,Schweiz,BS,Clara,europe,France,basel,Clara
2025-3,Zuzug,2025,3,Ausländer,W,27,Europa (ohne Schweiz),Polen,NA,NA,Schweiz,Schweiz,BS,Gundeldingen,europe,Poland,basel,Gundeldingen
2025-3,Zuzug,2025,3,Ausländer,M,27,Schweiz,Schweiz,ZH,NA,Schweiz,Schweiz,BS,Rosental,switzerland,Zürich,basel,Rosental
2025-3,Zuzug,2025,3,Ausländer,W,27,Europa (ohne Schweiz),Deutschland,NA,NA,Schweiz,Schweiz,BS,Gundeldingen,europe,Germany,basel,Gundeldingen
2025-3,Zuzug,2025,3,Schweizer,W,27,Schweiz,Schweiz,VS,NA,Schweiz,Schweiz,BS,Breite,switzerland,Valais,basel,Breite
2025-3,Zuzug,2025,3,Schweizer,M,27,Schweiz,Schweiz,BL,NA,Schweiz,Schweiz,BS,St. Alban,switzerland,Basel-Landschaft,basel,St. Alban
2025-3,Zuzug,2025,3,Schweizer,W,27,Schweiz,Schweiz,BL,NA,Schweiz,Schweiz,BS,Am Ring,switzerland,Basel-Landschaft,basel,Am Ring
2025-3,Zuzug,2025,3,Ausländer,M,27,Afrika,Kap Verde,NA,NA,Schweiz,Schweiz,BS,Rosental,world,Senegal,basel,Rosental
2025-3,Zuzug,2025,3,Schweizer,W,27,Schweiz,Schweiz,ZH,NA,Schweiz,Schweiz,BS,Vorstädte,switzerland,Zürich,basel,Vorstädte
2025-3,Zuzug,2025,3,Ausländer,W,27,Europa (ohne Schweiz),Deutschland,NA,NA,Schweiz,Schweiz,BS,Altstadt Grossbasel,europe,Germany,basel,Altstadt Grossbasel
2025-3,Zuzug,2025,3,Ausländer,W,27,Europa (ohne Schweiz),Tschechische Republik,NA,NA,Schweiz,Schweiz,BS,Iselin,europe,Czechia,basel,Iselin
2025-3,Zuzug,2025,3,Ausländer,M,27,Europa (ohne Schweiz),Deutschland,NA,NA,Schweiz,Schweiz,BS,St. Johann,europe,Germany,basel,St. Johann
2025-3,Zuzug,2025,3,Ausländer,M,27,Schweiz,Schweiz,FR,NA,Schweiz,Schweiz,BS,Bachletten,switzerland,Fribourg,basel,Bachletten
2025-3,Zuzug,2025,3,Ausländer,W,27,Schweiz,Schweiz,BL,NA,Schweiz,Schweiz,BS,St. Alban,switzerland,Basel-Landschaft,basel,St. Alban
2025-3,Zuzug,2025,3,Schweizer,M,27,Schweiz,Schweiz,SZ,NA,Schweiz,Schweiz,BS,Altstadt Grossbasel,switzerland,Schwyz,basel,Altstadt Grossbasel
2025-3,Zuzug,2025,3,Schweizer,W,27,Schweiz,Schweiz,BL,NA,Schweiz,Schweiz,BS,Am Ring,switzerland,Basel-Landschaft,basel,Am Ring
2025-3,Zuzug,2025,3,Schweizer,W,27,Schweiz,Schweiz,LU,NA,Schweiz,Schweiz,BS,Wettstein,switzerland,Luzern,basel,Wettstein
2025-3,Zuzug,2025,3,Schweizer,M,27,Schweiz,Schweiz,BL,NA,Schweiz,Schweiz,BS,St. Johann,switzerland,Basel-Landschaft,basel,St. Johann
2025-3,Zuzug,2025,3,Schweizer,M,27,Schweiz,Schweiz,GR,NA,Schweiz,Schweiz,BS,Vorstädte,switzerland,Graubünden,basel,Vorstädte
2025-3,Wegzug,2025,3,Schweizer,W,27,Schweiz,Schweiz,BS,Clara,Schweiz,Schweiz,BL,NA,basel,Clara,switzerland,Basel-Landschaft
2025-3,Wegzug,2025,3,Ausländer,W,27,Schweiz,Schweiz,BS,Gundeldingen,Asien,Indien,Ausland,NA,basel,Gundeldingen,world,India
2025-3,Wegzug,2025,3,Schweizer,M,27,Schweiz,Schweiz,BS,Rosental,Schweiz,Schweiz,ZH,NA,basel,Rosental,switzerland,Zürich
2025-3,Wegzug,2025,3,Schweizer,W,27,Schweiz,Schweiz,BS,St. Johann,NA,NA,NA,NA,basel,St. Johann,NA,NA
2025-3,Wegzug,2025,3,Schweizer,W,27,Schweiz,Schweiz,BS,Vorstädte,Schweiz,Schweiz,TG,NA,basel,Vorstädte,switzerland,Thurgau
2025-3,Wegzug,2025,3,Ausländer,W,27,Schweiz,Schweiz,BS,Rosental,Schweiz,Schweiz,BL,NA,basel,Rosental,switzerland,Basel-Landschaft
2025-3,Wegzug,2025,3,Schweizer,M,27,Schweiz,Schweiz,BS,Gundeldingen,Schweiz,Schweiz,BL,NA,basel,Gundeldingen,switzerland,Basel-Landschaft
2025-3,Wegzug,2025,3,Ausländer,W,27,Schweiz,Schweiz,BS,Iselin,Schweiz,Schweiz,BL,NA,basel,Iselin,switzerland,Basel-Landschaft
2025-3,Wegzug,2025,3,Schweizer,W,27,Schweiz,Schweiz,BS,St. Alban,Schweiz,Schweiz,BL,NA,basel,St. Alban,switzerland,Basel-Landschaft
2025-3,Wegzug,2025,3,Ausländer,M,27,Schweiz,Schweiz,BS,Matthäus,Europa (ohne Schweiz),Deutschland,Ausland,NA,basel,Matthäus,europe,Germany
2025-3,Wegzug,2025,3,Schweizer,W,27,Schweiz,Schweiz,BS,St. Johann,Schweiz,Schweiz,AG,NA,basel,St. Johann,switzerland,Aargau
2025-3,Wegzug,2025,3,Ausländer,M,27,Schweiz,Schweiz,BS,Bruderholz,Europa (ohne Schweiz),Deutschland,Ausland,NA,basel,Bruderholz,europe,Germany
2025-3,Wegzug,2025,3,Ausländer,W,27,Schweiz,Schweiz,BS,Matthäus,Europa (ohne Schweiz),Portugal,Ausland,NA,basel,Matthäus,europe,Portugal
2025-3,Wegzug,2025,3,Ausländer,M,27,Schweiz,Schweiz,BS,Kleinhüningen,Europa (ohne Schweiz),Deutschland,Ausland,NA,basel,Kleinhüningen,europe,Germany
2025-3,Wegzug,2025,3,Schweizer,W,27,Schweiz,Schweiz,BS,St. Johann,Europa (ohne Schweiz),Spanien,Ausland,NA,basel,St. Johann,europe,Spain
2025-3,Wegzug,2025,3,Schweizer,W,27,Schweiz,Schweiz,BS,Rosental,Schweiz,Schweiz,AG,NA,basel,Rosental,switzerland,Aargau
2025-3,Wegzug,2025,3,Ausländer,M,27,Schweiz,Schweiz,BS,Gundeldingen,Nordamerika,Vereinigte Staaten von Amerika,Ausland,NA,basel,Gundeldingen,world,United States of America
2025-3,Wegzug,2025,3,Ausländer,W,27,Schweiz,Schweiz,BS,Bachletten,Schweiz,Schweiz,AG,NA,basel,Bachletten,switzerland,Aargau
2025-3,Zuzug,2025,3,Schweizer,M,27,Schweiz,Schweiz,BL,NA,Schweiz,Schweiz,BS,Gundeldingen,switzerland,Basel-Landschaft,basel,Gundeldingen
2025-3,Zuzug,2025,3,Schweizer,W,27,Schweiz,Schweiz,LU,NA,Schweiz,Schweiz,BS,Rosental,switzerland,Luzern,basel,Rosental
2025-3,Zuzug,2025,3,Ausländer,W,27,Afrika,Libyen,NA,NA,Schweiz,Schweiz,BS,Gundeldingen,world,Libya,basel,Gundeldingen
2025-3,Zuzug,2025,3,Ausländer,W,27,Europa (ohne Schweiz),Deutschland,NA,NA,Schweiz,Schweiz,BS,Gundeldingen,europe,Germany,basel,Gundeldingen
2025-3,Zuzug,2025,3,Ausländer,M,27,Europa (ohne Schweiz),Deutschland,NA,NA,Schweiz,Schweiz,BS,Rosental,europe,Germany,basel,Rosental
2025-3,Zuzug,2025,3,Ausländer,W,27,Europa (ohne Schweiz),Italien,NA,NA,Schweiz,Schweiz,BS,St. Johann,europe,Italy,basel,St. Johann
2025-3,Zuzug,2025,3,Ausländer,M,27,Europa (ohne Schweiz),Italien,NA,NA,Schweiz,Schweiz,BS,Kleinhüningen,europe,Italy,basel,Kleinhüningen
2025-3,Zuzug,2025,3,Ausländer,W,27,Europa (ohne Schweiz),Spanien,NA,NA,Schweiz,Schweiz,BS,Altstadt Kleinbasel,europe,Spain,basel,Altstadt Kleinbasel
2025-3,Zuzug,2025,3,Ausländer,W,27,Europa (ohne Schweiz),Deutschland,NA,NA,Schweiz,Schweiz,BS,Gundeldingen,europe,Germany,basel,Gundeldingen
2025-3,Zuzug,2025,3,Ausländer,W,27,Europa (ohne Schweiz),Spanien,NA,NA,Schweiz,Schweiz,BS,Iselin,europe,Spain,basel,Iselin
2025-3,Zuzug,2025,3,Ausländer,W,27,Schweiz,Schweiz,AG,NA,Schweiz,Schweiz,BS,Clara,switzerland,Aargau,basel,Clara
2025-3,Zuzug,2025,3,Ausländer,M,27,Europa (ohne Schweiz),Deutschland,NA,NA,Schweiz,Schweiz,BS,St. Alban,europe,Germany,basel,St. Alban
2025-3,Zuzug,2025,3,Ausländer,M,27,Europa (ohne Schweiz),Italien,NA,NA,Schweiz,Schweiz,BS,Rosental,europe,Italy,basel,Rosental
2025-3,Zuzug,2025,3,Ausländer,M,27,Europa (ohne Schweiz),Deutschland,NA,NA,Schweiz,Schweiz,BS,Bachletten,europe,Germany,basel,Bachletten
2025-3,Zuzug,2025,3,Ausländer,M,27,Europa (ohne Schweiz),Italien,NA,NA,Schweiz,Schweiz,BS,Gundeldingen,europe,Italy,basel,Gundeldingen
2025-3,Zuzug,2025,3,Ausländer,W,27,Europa (ohne Schweiz),Deutschland,NA,NA,Schweiz,Schweiz,BS,Rosental,europe,Germany,basel,Rosental
2025-3,Zuzug,2025,3,Ausländer,W,27,Europa (ohne Schweiz),Italien,NA,NA,Schweiz,Schweiz,BS,Am Ring,europe,Italy,basel,Am Ring
2025-3,Zuzug,2025,3,Schweizer,W,27,Schweiz,Schweiz,SZ,NA,Schweiz,Schweiz,BS,Vorstädte,switzerland,Schwyz,basel,Vorstädte
2025-3,Zuzug,2025,3,Schweizer,W,28,Schweiz,Schweiz,LU,NA,Schweiz,Schweiz,BS,Wettstein,switzerland,Luzern,basel,Wettstein
2025-3,Zuzug,2025,3,Schweizer,W,28,Schweiz,Schweiz,VD,NA,Schweiz,Schweiz,BS,Matthäus,switzerland,Vaud,basel,Matthäus
2025-3,Zuzug,2025,3,Ausländer,M,28,Europa (ohne Schweiz),Deutschland,NA,NA,Schweiz,Schweiz,BS,Hirzbrunnen,europe,Germany,basel,Hirzbrunnen
2025-3,Zuzug,2025,3,Ausländer,M,28,Schweiz,Schweiz,SO,NA,Schweiz,Schweiz,BS,Matthäus,switzerland,Solothurn,basel,Matthäus
2025-3,Zuzug,2025,3,Ausländer,W,28,Schweiz,Schweiz,BL,NA,Schweiz,Schweiz,BS,Bachletten,switzerland,Basel-Landschaft,basel,Bachletten
2025-3,Zuzug,2025,3,Schweizer,M,28,Europa (ohne Schweiz),Frankreich,NA,NA,Schweiz,Schweiz,BS,Klybeck,europe,France,basel,Klybeck
2025-3,Zuzug,2025,3,Ausländer,M,28,Europa (ohne Schweiz),Frankreich,NA,NA,Schweiz,Schweiz,BS,St. Alban,europe,France,basel,St. Alban
2025-3,Zuzug,2025,3,Schweizer,M,28,Europa (ohne Schweiz),Frankreich,NA,NA,Schweiz,Schweiz,BS,Iselin,europe,France,basel,Iselin
2025-3,Zuzug,2025,3,Ausländer,M,28,Europa (ohne Schweiz),Deutschland,NA,NA,Schweiz,Schweiz,BS,Klybeck,europe,Germany,basel,Klybeck
2025-3,Zuzug,2025,3,Ausländer,M,28,Europa (ohne Schweiz),Irland,NA,NA,Schweiz,Schweiz,BS,St. Alban,europe,Ireland,basel,St. Alban
2025-3,Zuzug,2025,3,Ausländer,M,28,Europa (ohne Schweiz),Deutschland,NA,NA,Schweiz,Schweiz,BS,Riehen,europe,Germany,basel,Riehen
2025-3,Zuzug,2025,3,Ausländer,W,28,Europa (ohne Schweiz),Deutschland,NA,NA,Schweiz,Schweiz,BS,Gotthelf,europe,Germany,basel,Gotthelf
2025-3,Zuzug,2025,3,Schweizer,M,28,Schweiz,Schweiz,BL,NA,Schweiz,Schweiz,BS,Matthäus,switzerland,Basel-Landschaft,basel,Matthäus
2025-3,Zuzug,2025,3,Schweizer,W,28,Schweiz,Schweiz,AG,NA,Schweiz,Schweiz,BS,Rosental,switzerland,Aargau,basel,Rosental
2025-3,Zuzug,2025,3,Schweizer,W,28,Schweiz,Schweiz,BL,NA,Schweiz,Schweiz,BS,Rosental,switzerland,Basel-Landschaft,basel,Rosental
2025-3,Zuzug,2025,3,Schweizer,W,28,Schweiz,Schweiz,BL,NA,Schweiz,Schweiz,BS,Bachletten,switzerland,Basel-Landschaft,basel,Bachletten
2025-3,Zuzug,2025,3,Schweizer,W,28,Schweiz,Schweiz,SZ,NA,Schweiz,Schweiz,BS,Gundeldingen,switzerland,Schwyz,basel,Gundeldingen
2025-3,Zuzug,2025,3,Schweizer,W,28,Schweiz,Schweiz,TI,NA,Schweiz,Schweiz,BS,Gundeldingen,switzerland,Ticino,basel,Gundeldingen
2025-3,Zuzug,2025,3,Ausländer,W,28,Schweiz,Schweiz,VS,NA,Schweiz,Schweiz,BS,Hirzbrunnen,switzerland,Valais,basel,Hirzbrunnen
2025-3,Wegzug,2025,3,Schweizer,W,28,Schweiz,Schweiz,BS,St. Johann,Schweiz,Schweiz,ZH,NA,basel,St. Johann,switzerland,Zürich
2025-3,Wegzug,2025,3,Schweizer,W,28,Schweiz,Schweiz,BS,Altstadt Grossbasel,Europa (ohne Schweiz),Deutschland,Ausland,NA,basel,Altstadt Grossbasel,europe,Germany
2025-3,Wegzug,2025,3,Ausländer,W,28,Schweiz,Schweiz,BS,St. Johann,Asien,Vereinigte Arabische Emirate,Ausland,NA,basel,St. Johann,world,United Arab Emirates
2025-3,Wegzug,2025,3,Ausländer,W,28,Schweiz,Schweiz,BS,Vorstädte,Europa (ohne Schweiz),Deutschland,Ausland,NA,basel,Vorstädte,europe,Germany
2025-3,Wegzug,2025,3,Schweizer,W,28,Schweiz,Schweiz,BS,St. Johann,Schweiz,Schweiz,VD,NA,basel,St. Johann,switzerland,Vaud
2025-3,Wegzug,2025,3,Schweizer,W,28,Schweiz,Schweiz,BS,St. Alban,Schweiz,Schweiz,BL,NA,basel,St. Alban,switzerland,Basel-Landschaft
2025-3,Zuzug,2025,3,Schweizer,W,28,Schweiz,Schweiz,BE,NA,Schweiz,Schweiz,BS,St. Alban,switzerland,Bern,basel,St. Alban
2025-3,Zuzug,2025,3,Ausländer,W,28,Europa (ohne Schweiz),Niederlande,NA,NA,Schweiz,Schweiz,BS,Altstadt Kleinbasel,europe,Netherlands,basel,Altstadt Kleinbasel
2025-3,Zuzug,2025,3,Schweizer,W,28,Schweiz,Schweiz,AG,NA,Schweiz,Schweiz,BS,Gundeldingen,switzerland,Aargau,basel,Gundeldingen
2025-3,Zuzug,2025,3,Ausländer,M,28,Europa (ohne Schweiz),Monaco,NA,NA,Schweiz,Schweiz,BS,Vorstädte,europe,France,basel,Vorstädte
2025-3,Zuzug,2025,3,Ausländer,W,28,Europa (ohne Schweiz),Türkei,NA,NA,Schweiz,Schweiz,BS,Rosental,world,Turkey,basel,Rosental
2025-3,Zuzug,2025,3,Schweizer,W,28,Europa (ohne Schweiz),Deutschland,NA,NA,Schweiz,Schweiz,BS,Wettstein,europe,Germany,basel,Wettstein
2025-3,Zuzug,2025,3,Ausländer,W,28,Europa (ohne Schweiz),Frankreich,NA,NA,Schweiz,Schweiz,BS,Gundeldingen,europe,France,basel,Gundeldingen
2025-3,Zuzug,2025,3,Ausländer,M,28,Europa (ohne Schweiz),Deutschland,NA,NA,Schweiz,Schweiz,BS,Iselin,europe,Germany,basel,Iselin
2025-3,Zuzug,2025,3,Ausländer,W,28,Europa (ohne Schweiz),Ukraine,NA,NA,Schweiz,Schweiz,BS,Klybeck,europe,Ukraine,basel,Klybeck
2025-3,Zuzug,2025,3,Schweizer,W,28,Schweiz,Schweiz,BE,NA,Schweiz,Schweiz,BS,St. Johann,switzerland,Bern,basel,St. Johann
2025-3,Zuzug,2025,3,Ausländer,M,28,Europa (ohne Schweiz),Deutschland,NA,NA,Schweiz,Schweiz,BS,St. Johann,europe,Germany,basel,St. Johann
2025-3,Zuzug,2025,3,Schweizer,M,28,Schweiz,Schweiz,BE,NA,Schweiz,Schweiz,BS,Bachletten,switzerland,Bern,basel,Bachletten
2025-3,Zuzug,2025,3,Ausländer,M,28,Europa (ohne Schweiz),Deutschland,NA,NA,Schweiz,Schweiz,BS,Breite,europe,Germany,basel,Breite
2025-3,Zuzug,2025,3,Ausländer,M,28,Europa (ohne Schweiz),Deutschland,NA,NA,Schweiz,Schweiz,BS,Gotthelf,europe,Germany,basel,Gotthelf
2025-3,Zuzug,2025,3,Ausländer,M,28,Europa (ohne Schweiz),Malta,NA,NA,Schweiz,Schweiz,BS,Altstadt Kleinbasel,europe,Italy,basel,Altstadt Kleinbasel
2025-3,Zuzug,2025,3,Ausländer,M,28,Europa (ohne Schweiz),Oesterreich,NA,NA,Schweiz,Schweiz,BS,Gundeldingen,europe,Austria,basel,Gundeldingen
2025-3,Zuzug,2025,3,Ausländer,W,28,Europa (ohne Schweiz),Deutschland,NA,NA,Schweiz,Schweiz,BS,St. Johann,europe,Germany,basel,St. Johann
2025-3,Zuzug,2025,3,Ausländer,W,28,Europa (ohne Schweiz),Deutschland,NA,NA,Schweiz,Schweiz,BS,Riehen,europe,Germany,basel,Riehen
2025-3,Zuzug,2025,3,Schweizer,M,28,Schweiz,Schweiz,BE,NA,Schweiz,Schweiz,BS,Bettingen,switzerland,Bern,basel,Bettingen
2025-3,Zuzug,2025,3,Schweizer,M,28,Schweiz,Schweiz,BL,NA,Schweiz,Schweiz,BS,Bruderholz,switzerland,Basel-Landschaft,basel,Bruderholz
2025-3,Zuzug,2025,3,Schweizer,M,28,Schweiz,Schweiz,BL,NA,Schweiz,Schweiz,BS,Gundeldingen,switzerland,Basel-Landschaft,basel,Gundeldingen
2025-3,Zuzug,2025,3,Schweizer,M,28,Schweiz,Schweiz,SO,NA,Schweiz,Schweiz,BS,Riehen,switzerland,Solothurn,basel,Riehen
2025-3,Zuzug,2025,3,Schweizer,M,28,Schweiz,Schweiz,BL,NA,Schweiz,Schweiz,BS,Bachletten,switzerland,Basel-Landschaft,basel,Bachletten
2025-3,Zuzug,2025,3,Schweizer,M,28,Schweiz,Schweiz,SG,NA,Schweiz,Schweiz,BS,Matthäus,switzerland,St. Gallen,basel,Matthäus
2025-3,Wegzug,2025,3,Schweizer,W,28,Schweiz,Schweiz,BS,Matthäus,Schweiz,Schweiz,ZH,NA,basel,Matthäus,switzerland,Zürich
2025-3,Wegzug,2025,3,Schweizer,M,28,Schweiz,Schweiz,BS,St. Johann,Schweiz,Schweiz,BL,NA,basel,St. Johann,switzerland,Basel-Landschaft
2025-3,Wegzug,2025,3,Schweizer,M,28,Schweiz,Schweiz,BS,Matthäus,Schweiz,Schweiz,BE,NA,basel,Matthäus,switzerland,Bern
2025-3,Wegzug,2025,3,Schweizer,W,28,Schweiz,Schweiz,BS,Vorstädte,Schweiz,Schweiz,BL,NA,basel,Vorstädte,switzerland,Basel-Landschaft
2025-3,Wegzug,2025,3,Schweizer,M,28,Schweiz,Schweiz,BS,Altstadt Grossbasel,Schweiz,Schweiz,ZH,NA,basel,Altstadt Grossbasel,switzerland,Zürich
2025-3,Wegzug,2025,3,Ausländer,W,28,Schweiz,Schweiz,BS,St. Johann,Schweiz,Schweiz,BL,NA,basel,St. Johann,switzerland,Basel-Landschaft
2025-3,Wegzug,2025,3,Ausländer,M,28,Schweiz,Schweiz,BS,Matthäus,Schweiz,Schweiz,BE,NA,basel,Matthäus,switzerland,Bern
2025-3,Wegzug,2025,3,Ausländer,W,28,Schweiz,Schweiz,BS,Bachletten,Schweiz,Schweiz,SZ,NA,basel,Bachletten,switzerland,Schwyz
2025-3,Wegzug,2025,3,Schweizer,M,28,Schweiz,Schweiz,BS,Matthäus,Schweiz,Schweiz,BL,NA,basel,Matthäus,switzerland,Basel-Landschaft
2025-3,Wegzug,2025,3,Ausländer,W,28,Schweiz,Schweiz,BS,Am Ring,Europa (ohne Schweiz),Frankreich,Ausland,NA,basel,Am Ring,europe,France
2025-3,Wegzug,2025,3,Ausländer,W,28,Schweiz,Schweiz,BS,Gundeldingen,Schweiz,Schweiz,ZH,NA,basel,Gundeldingen,switzerland,Zürich
2025-3,Wegzug,2025,3,Schweizer,W,28,Schweiz,Schweiz,BS,Gundeldingen,Schweiz,Schweiz,BL,NA,basel,Gundeldingen,switzerland,Basel-Landschaft
2025-3,Wegzug,2025,3,Ausländer,W,28,Schweiz,Schweiz,BS,Wettstein,Europa (ohne Schweiz),Italien,Ausland,NA,basel,Wettstein,europe,Italy
2025-3,Wegzug,2025,3,Ausländer,W,28,Schweiz,Schweiz,BS,Gundeldingen,Schweiz,Schweiz,SO,NA,basel,Gundeldingen,switzerland,Solothurn
2025-3,Wegzug,2025,3,Schweizer,M,28,Schweiz,Schweiz,BS,Gundeldingen,Schweiz,Schweiz,ZH,NA,basel,Gundeldingen,switzerland,Zürich
2025-3,Zuzug,2025,3,Ausländer,W,28,Europa (ohne Schweiz),Spanien,NA,NA,Schweiz,Schweiz,BS,Hirzbrunnen,europe,Spain,basel,Hirzbrunnen
2025-3,Zuzug,2025,3,Schweizer,W,28,Schweiz,Schweiz,AG,NA,Schweiz,Schweiz,BS,St. Alban,switzerland,Aargau,basel,St. Alban
2025-3,Zuzug,2025,3,Schweizer,W,28,Schweiz,Schweiz,BL,NA,Schweiz,Schweiz,BS,Wettstein,switzerland,Basel-Landschaft,basel,Wettstein
2025-3,Zuzug,2025,3,Schweizer,W,28,Schweiz,Schweiz,AG,NA,Schweiz,Schweiz,BS,Gundeldingen,switzerland,Aargau,basel,Gundeldingen
2025-3,Zuzug,2025,3,Ausländer,W,28,Schweiz,Schweiz,AG,NA,Schweiz,Schweiz,BS,Wettstein,switzerland,Aargau,basel,Wettstein
2025-3,Zuzug,2025,3,Ausländer,M,28,Europa (ohne Schweiz),Spanien,NA,NA,Schweiz,Schweiz,BS,St. Johann,europe,Spain,basel,St. Johann
2025-3,Zuzug,2025,3,Ausländer,M,28,Europa (ohne Schweiz),Deutschland,NA,NA,Schweiz,Schweiz,BS,Matthäus,europe,Germany,basel,Matthäus
2025-3,Zuzug,2025,3,Schweizer,W,28,Schweiz,Schweiz,BL,NA,Schweiz,Schweiz,BS,Am Ring,switzerland,Basel-Landschaft,basel,Am Ring
2025-3,Zuzug,2025,3,Ausländer,W,28,Europa (ohne Schweiz),Deutschland,NA,NA,Schweiz,Schweiz,BS,Klybeck,europe,Germany,basel,Klybeck
2025-3,Zuzug,2025,3,Ausländer,M,28,Europa (ohne Schweiz),Ungarn,NA,NA,Schweiz,Schweiz,BS,Vorstädte,europe,Hungary,basel,Vorstädte
2025-3,Zuzug,2025,3,Schweizer,W,28,Schweiz,Schweiz,BL,NA,Schweiz,Schweiz,BS,St. Alban,switzerland,Basel-Landschaft,basel,St. Alban
2025-3,Zuzug,2025,3,Ausländer,M,28,Schweiz,Schweiz,BE,NA,Schweiz,Schweiz,BS,Gundeldingen,switzerland,Bern,basel,Gundeldingen
2025-3,Zuzug,2025,3,Ausländer,M,28,Nordamerika,Vereinigte Staaten von Amerika,NA,NA,Schweiz,Schweiz,BS,Matthäus,world,United States of America,basel,Matthäus
2025-3,Zuzug,2025,3,Ausländer,W,28,Europa (ohne Schweiz),Deutschland,NA,NA,Schweiz,Schweiz,BS,Am Ring,europe,Germany,basel,Am Ring
2025-3,Zuzug,2025,3,Ausländer,W,28,Europa (ohne Schweiz),Deutschland,NA,NA,Schweiz,Schweiz,BS,Matthäus,europe,Germany,basel,Matthäus
2025-3,Zuzug,2025,3,Ausländer,M,28,Europa (ohne Schweiz),Polen,NA,NA,Schweiz,Schweiz,BS,Am Ring,europe,Poland,basel,Am Ring
2025-3,Zuzug,2025,3,Ausländer,M,28,Schweiz,Schweiz,LU,NA,Schweiz,Schweiz,BS,Altstadt Grossbasel,switzerland,Luzern,basel,Altstadt Grossbasel
2025-3,Zuzug,2025,3,Schweizer,W,28,Schweiz,Schweiz,BL,NA,Schweiz,Schweiz,BS,Gundeldingen,switzerland,Basel-Landschaft,basel,Gundeldingen
2025-3,Zuzug,2025,3,Schweizer,W,28,Schweiz,Schweiz,ZH,NA,Schweiz,Schweiz,BS,Vorstädte,switzerland,Zürich,basel,Vorstädte
2025-3,Zuzug,2025,3,Ausländer,M,28,Europa (ohne Schweiz),Deutschland,NA,NA,Schweiz,Schweiz,BS,Hirzbrunnen,europe,Germany,basel,Hirzbrunnen
2025-3,Zuzug,2025,3,Ausländer,W,28,Europa (ohne Schweiz),Deutschland,NA,NA,Schweiz,Schweiz,BS,Matthäus,europe,Germany,basel,Matthäus
2025-3,Zuzug,2025,3,Schweizer,W,29,Schweiz,Schweiz,ZH,NA,Schweiz,Schweiz,BS,St. Alban,switzerland,Zürich,basel,St. Alban
2025-3,Zuzug,2025,3,Schweizer,M,29,Schweiz,Schweiz,SO,NA,Schweiz,Schweiz,BS,Gundeldingen,switzerland,Solothurn,basel,Gundeldingen
2025-3,Zuzug,2025,3,Ausländer,W,29,Europa (ohne Schweiz),Deutschland,NA,NA,Schweiz,Schweiz,BS,Vorstädte,europe,Germany,basel,Vorstädte
2025-3,Zuzug,2025,3,Ausländer,M,29,Asien,Indien,NA,NA,Schweiz,Schweiz,BS,Riehen,world,India,basel,Riehen
2025-3,Zuzug,2025,3,Ausländer,M,29,Asien,Singapur,NA,NA,Schweiz,Schweiz,BS,Am Ring,world,Malaysia,basel,Am Ring
2025-3,Zuzug,2025,3,Schweizer,W,29,Schweiz,Schweiz,BL,NA,Schweiz,Schweiz,BS,Riehen,switzerland,Basel-Landschaft,basel,Riehen
2025-3,Zuzug,2025,3,Ausländer,M,29,Europa (ohne Schweiz),Deutschland,NA,NA,Schweiz,Schweiz,BS,Gundeldingen,europe,Germany,basel,Gundeldingen
2025-3,Zuzug,2025,3,Ausländer,M,29,Europa (ohne Schweiz),Deutschland,NA,NA,Schweiz,Schweiz,BS,Kleinhüningen,europe,Germany,basel,Kleinhüningen
2025-3,Zuzug,2025,3,Ausländer,M,29,Schweiz,Schweiz,VD,NA,Schweiz,Schweiz,BS,Am Ring,switzerland,Vaud,basel,Am Ring
2025-3,Zuzug,2025,3,Ausländer,W,29,Europa (ohne Schweiz),Portugal,NA,NA,Schweiz,Schweiz,BS,Iselin,europe,Portugal,basel,Iselin
2025-3,Zuzug,2025,3,Schweizer,W,29,Schweiz,Schweiz,SO,NA,Schweiz,Schweiz,BS,Iselin,switzerland,Solothurn,basel,Iselin
2025-3,Zuzug,2025,3,Schweizer,W,29,Schweiz,Schweiz,VD,NA,Schweiz,Schweiz,BS,Am Ring,switzerland,Vaud,basel,Am Ring
2025-3,Zuzug,2025,3,Schweizer,M,29,Schweiz,Schweiz,VD,NA,Schweiz,Schweiz,BS,St. Johann,switzerland,Vaud,basel,St. Johann
2025-3,Wegzug,2025,3,Schweizer,W,29,Schweiz,Schweiz,BS,Am Ring,Schweiz,Schweiz,TI,NA,basel,Am Ring,switzerland,Ticino
2025-3,Wegzug,2025,3,Ausländer,W,29,Schweiz,Schweiz,BS,Am Ring,Asien,Korea (Süd-),Ausland,NA,basel,Am Ring,world,South Korea
2025-3,Wegzug,2025,3,Schweizer,W,29,Schweiz,Schweiz,BS,Iselin,Schweiz,Schweiz,AG,NA,basel,Iselin,switzerland,Aargau
2025-3,Wegzug,2025,3,Schweizer,M,29,Schweiz,Schweiz,BS,St. Johann,Schweiz,Schweiz,SG,NA,basel,St. Johann,switzerland,St. Gallen
2025-3,Wegzug,2025,3,Ausländer,W,29,Schweiz,Schweiz,BS,Riehen,Europa (ohne Schweiz),Deutschland,Ausland,NA,basel,Riehen,europe,Germany
2025-3,Wegzug,2025,3,Schweizer,M,29,Schweiz,Schweiz,BS,St. Johann,NA,NA,NA,NA,basel,St. Johann,NA,NA
2025-3,Wegzug,2025,3,Schweizer,M,29,Schweiz,Schweiz,BS,Bachletten,Schweiz,Schweiz,BE,NA,basel,Bachletten,switzerland,Bern
2025-3,Wegzug,2025,3,Ausländer,W,29,Schweiz,Schweiz,BS,Am Ring,Europa (ohne Schweiz),Italien,Ausland,NA,basel,Am Ring,europe,Italy
2025-3,Zuzug,2025,3,Ausländer,M,29,Europa (ohne Schweiz),Portugal,NA,NA,Schweiz,Schweiz,BS,Matthäus,europe,Portugal,basel,Matthäus
2025-3,Zuzug,2025,3,Schweizer,M,29,Schweiz,Schweiz,AG,NA,Schweiz,Schweiz,BS,Gundeldingen,switzerland,Aargau,basel,Gundeldingen
2025-3,Zuzug,2025,3,Schweizer,W,29,Schweiz,Schweiz,BL,NA,Schweiz,Schweiz,BS,Riehen,switzerland,Basel-Landschaft,basel,Riehen
2025-3,Zuzug,2025,3,Ausländer,M,29,Europa (ohne Schweiz),Spanien,NA,NA,Schweiz,Schweiz,BS,Matthäus,europe,Spain,basel,Matthäus
2025-3,Zuzug,2025,3,Ausländer,M,29,Europa (ohne Schweiz),Deutschland,NA,NA,Schweiz,Schweiz,BS,St. Johann,europe,Germany,basel,St. Johann
2025-3,Zuzug,2025,3,Ausländer,M,29,Europa (ohne Schweiz),Portugal,NA,NA,Schweiz,Schweiz,BS,Klybeck,europe,Portugal,basel,Klybeck
2025-3,Zuzug,2025,3,Schweizer,W,29,Schweiz,Schweiz,AG,NA,Schweiz,Schweiz,BS,Klybeck,switzerland,Aargau,basel,Klybeck
2025-3,Zuzug,2025,3,Ausländer,M,29,Europa (ohne Schweiz),Deutschland,NA,NA,Schweiz,Schweiz,BS,Gundeldingen,europe,Germany,basel,Gundeldingen
2025-3,Zuzug,2025,3,Schweizer,W,29,Schweiz,Schweiz,BL,NA,Schweiz,Schweiz,BS,Riehen,switzerland,Basel-Landschaft,basel,Riehen
2025-3,Zuzug,2025,3,Ausländer,M,29,Europa (ohne Schweiz),Irland,NA,NA,Schweiz,Schweiz,BS,Altstadt Grossbasel,europe,Ireland,basel,Altstadt Grossbasel
2025-3,Zuzug,2025,3,Schweizer,W,29,Schweiz,Schweiz,AG,NA,Schweiz,Schweiz,BS,Klybeck,switzerland,Aargau,basel,Klybeck
2025-3,Zuzug,2025,3,Ausländer,M,29,Europa (ohne Schweiz),Italien,NA,NA,Schweiz,Schweiz,BS,Matthäus,europe,Italy,basel,Matthäus
2025-3,Zuzug,2025,3,Ausländer,M,29,Schweiz,Schweiz,BL,NA,Schweiz,Schweiz,BS,Klybeck,switzerland,Basel-Landschaft,basel,Klybeck
2025-3,Zuzug,2025,3,Ausländer,W,29,Europa (ohne Schweiz),Deutschland,NA,NA,Schweiz,Schweiz,BS,Iselin,europe,Germany,basel,Iselin
2025-3,Zuzug,2025,3,Ausländer,W,29,Europa (ohne Schweiz),Deutschland,NA,NA,Schweiz,Schweiz,BS,Matthäus,europe,Germany,basel,Matthäus
2025-3,Zuzug,2025,3,Schweizer,W,29,Schweiz,Schweiz,BL,NA,Schweiz,Schweiz,BS,St. Johann,switzerland,Basel-Landschaft,basel,St. Johann
2025-3,Zuzug,2025,3,Ausländer,M,29,Europa (ohne Schweiz),Deutschland,NA,NA,Schweiz,Schweiz,BS,Wettstein,europe,Germany,basel,Wettstein
2025-3,Zuzug,2025,3,Ausländer,M,29,Europa (ohne Schweiz),Kosovo,NA,NA,Schweiz,Schweiz,BS,Matthäus,europe,Kosovo,basel,Matthäus
2025-3,Wegzug,2025,3,Schweizer,W,29,Schweiz,Schweiz,BS,Gundeldingen,Schweiz,Schweiz,BL,NA,basel,Gundeldingen,switzerland,Basel-Landschaft
2025-3,Wegzug,2025,3,Schweizer,M,29,Schweiz,Schweiz,BS,Matthäus,Schweiz,Schweiz,ZH,NA,basel,Matthäus,switzerland,Zürich
2025-3,Wegzug,2025,3,Schweizer,M,29,Schweiz,Schweiz,BS,Bruderholz,Schweiz,Schweiz,BL,NA,basel,Bruderholz,switzerland,Basel-Landschaft
2025-3,Wegzug,2025,3,Schweizer,M,29,Schweiz,Schweiz,BS,Gundeldingen,Schweiz,Schweiz,SO,NA,basel,Gundeldingen,switzerland,Solothurn
2025-3,Wegzug,2025,3,Schweizer,W,29,Schweiz,Schweiz,BS,St. Alban,Schweiz,Schweiz,ZH,NA,basel,St. Alban,switzerland,Zürich
2025-3,Wegzug,2025,3,Schweizer,W,29,Schweiz,Schweiz,BS,St. Johann,Schweiz,Schweiz,ZH,NA,basel,St. Johann,switzerland,Zürich
2025-3,Wegzug,2025,3,Ausländer,M,29,Schweiz,Schweiz,BS,Altstadt Kleinbasel,Schweiz,Schweiz,BL,NA,basel,Altstadt Kleinbasel,switzerland,Basel-Landschaft
2025-3,Wegzug,2025,3,Ausländer,M,29,Schweiz,Schweiz,BS,Bachletten,Schweiz,Schweiz,AG,NA,basel,Bachletten,switzerland,Aargau
2025-3,Wegzug,2025,3,Ausländer,M,29,Schweiz,Schweiz,BS,Klybeck,Schweiz,Schweiz,BL,NA,basel,Klybeck,switzerland,Basel-Landschaft
2025-3,Wegzug,2025,3,Schweizer,W,29,Schweiz,Schweiz,BS,Gundeldingen,Nordamerika,Vereinigte Staaten von Amerika,Ausland,NA,basel,Gundeldingen,world,United States of America
2025-3,Wegzug,2025,3,Schweizer,W,29,Schweiz,Schweiz,BS,Breite,Schweiz,Schweiz,AG,NA,basel,Breite,switzerland,Aargau
2025-3,Wegzug,2025,3,Schweizer,M,29,Schweiz,Schweiz,BS,Am Ring,Schweiz,Schweiz,SG,NA,basel,Am Ring,switzerland,St. Gallen
2025-3,Wegzug,2025,3,Schweizer,M,29,Schweiz,Schweiz,BS,Vorstädte,Schweiz,Schweiz,BL,NA,basel,Vorstädte,switzerland,Basel-Landschaft
2025-3,Wegzug,2025,3,Schweizer,M,29,Schweiz,Schweiz,BS,Klybeck,Schweiz,Schweiz,BE,NA,basel,Klybeck,switzerland,Bern
2025-3,Wegzug,2025,3,Ausländer,M,29,Schweiz,Schweiz,BS,St. Johann,Schweiz,Schweiz,AG,NA,basel,St. Johann,switzerland,Aargau
2025-3,Wegzug,2025,3,Ausländer,W,29,Schweiz,Schweiz,BS,Clara,Europa (ohne Schweiz),Spanien,Ausland,NA,basel,Clara,europe,Spain
2025-3,Wegzug,2025,3,Ausländer,W,29,Schweiz,Schweiz,BS,Riehen,Schweiz,Schweiz,SO,NA,basel,Riehen,switzerland,Solothurn
2025-3,Wegzug,2025,3,Schweizer,W,29,Schweiz,Schweiz,BS,Am Ring,Schweiz,Schweiz,AG,NA,basel,Am Ring,switzerland,Aargau
2025-3,Zuzug,2025,3,Schweizer,W,29,Schweiz,Schweiz,ZH,NA,Schweiz,Schweiz,BS,Matthäus,switzerland,Zürich,basel,Matthäus
2025-3,Zuzug,2025,3,Ausländer,W,29,Schweiz,Schweiz,BL,NA,Schweiz,Schweiz,BS,Matthäus,switzerland,Basel-Landschaft,basel,Matthäus
2025-3,Zuzug,2025,3,Ausländer,M,29,Europa (ohne Schweiz),Finnland,NA,NA,Schweiz,Schweiz,BS,Klybeck,europe,Finland,basel,Klybeck
2025-3,Zuzug,2025,3,Ausländer,M,29,Schweiz,Schweiz,VD,NA,Schweiz,Schweiz,BS,Wettstein,switzerland,Vaud,basel,Wettstein
2025-3,Zuzug,2025,3,Schweizer,M,29,Asien,Israel,NA,NA,Schweiz,Schweiz,BS,Wettstein,world,Israel,basel,Wettstein
2025-3,Zuzug,2025,3,Ausländer,W,29,Schweiz,Schweiz,GE,NA,Schweiz,Schweiz,BS,Rosental,switzerland,Genève,basel,Rosental
2025-3,Zuzug,2025,3,Schweizer,M,29,Schweiz,Schweiz,SO,NA,Schweiz,Schweiz,BS,Hirzbrunnen,switzerland,Solothurn,basel,Hirzbrunnen
2025-3,Zuzug,2025,3,Ausländer,W,29,Europa (ohne Schweiz),Polen,NA,NA,Schweiz,Schweiz,BS,Gundeldingen,europe,Poland,basel,Gundeldingen
2025-3,Zuzug,2025,3,Ausländer,W,29,Afrika,Nigeria,NA,NA,Schweiz,Schweiz,BS,Clara,world,Nigeria,basel,Clara
2025-3,Zuzug,2025,3,Ausländer,W,29,Europa (ohne Schweiz),Norwegen,NA,NA,Schweiz,Schweiz,BS,Am Ring,europe,Norway,basel,Am Ring
2025-3,Zuzug,2025,3,Schweizer,M,29,Schweiz,Schweiz,BL,NA,Schweiz,Schweiz,BS,Iselin,switzerland,Basel-Landschaft,basel,Iselin
2025-3,Zuzug,2025,3,Ausländer,M,29,Schweiz,Schweiz,AG,NA,Schweiz,Schweiz,BS,Klybeck,switzerland,Aargau,basel,Klybeck
2025-3,Zuzug,2025,3,Schweizer,W,30,Schweiz,Schweiz,BL,NA,Schweiz,Schweiz,BS,Gundeldingen,switzerland,Basel-Landschaft,basel,Gundeldingen
2025-3,Zuzug,2025,3,Ausländer,W,30,Asien,Afghanistan,NA,NA,Schweiz,Schweiz,BS,Rosental,world,Afghanistan,basel,Rosental
2025-3,Zuzug,2025,3,Ausländer,M,30,Europa (ohne Schweiz),Deutschland,NA,NA,Schweiz,Schweiz,BS,Gundeldingen,europe,Germany,basel,Gundeldingen
2025-3,Zuzug,2025,3,Ausländer,W,30,Europa (ohne Schweiz),Deutschland,NA,NA,Schweiz,Schweiz,BS,St. Johann,europe,Germany,basel,St. Johann
2025-3,Zuzug,2025,3,Schweizer,W,30,Europa (ohne Schweiz),Frankreich,NA,NA,Schweiz,Schweiz,BS,Breite,europe,France,basel,Breite
2025-3,Zuzug,2025,3,Schweizer,M,30,Europa (ohne Schweiz),Serbien,NA,NA,Schweiz,Schweiz,BS,Kleinhüningen,europe,Serbia,basel,Kleinhüningen
2025-3,Zuzug,2025,3,Schweizer,W,30,Schweiz,Schweiz,BL,NA,Schweiz,Schweiz,BS,Bachletten,switzerland,Basel-Landschaft,basel,Bachletten
2025-3,Zuzug,2025,3,Ausländer,M,30,Europa (ohne Schweiz),Deutschland,NA,NA,Schweiz,Schweiz,BS,St. Alban,europe,Germany,basel,St. Alban
2025-3,Zuzug,2025,3,Ausländer,W,30,Europa (ohne Schweiz),Deutschland,NA,NA,Schweiz,Schweiz,BS,Iselin,europe,Germany,basel,Iselin
2025-3,Zuzug,2025,3,Ausländer,M,30,Schweiz,Schweiz,JU,NA,Schweiz,Schweiz,BS,Vorstädte,switzerland,Jura,basel,Vorstädte
2025-3,Zuzug,2025,3,Ausländer,W,30,Asien,Korea (Süd-),NA,NA,Schweiz,Schweiz,BS,Hirzbrunnen,world,South Korea,basel,Hirzbrunnen
2025-3,Zuzug,2025,3,Ausländer,W,30,Europa (ohne Schweiz),Deutschland,NA,NA,Schweiz,Schweiz,BS,Klybeck,europe,Germany,basel,Klybeck
2025-3,Zuzug,2025,3,Ausländer,W,30,Europa (ohne Schweiz),Deutschland,NA,NA,Schweiz,Schweiz,BS,St. Johann,europe,Germany,basel,St. Johann
2025-3,Zuzug,2025,3,Ausländer,W,30,Europa (ohne Schweiz),Oesterreich,NA,NA,Schweiz,Schweiz,BS,Am Ring,europe,Austria,basel,Am Ring
2025-3,Zuzug,2025,3,Ausländer,W,30,Schweiz,Schweiz,BL,NA,Schweiz,Schweiz,BS,Rosental,switzerland,Basel-Landschaft,basel,Rosental
2025-3,Zuzug,2025,3,Schweizer,M,30,Schweiz,Schweiz,ZH,NA,Schweiz,Schweiz,BS,Matthäus,switzerland,Zürich,basel,Matthäus
2025-3,Zuzug,2025,3,Schweizer,M,30,Schweiz,Schweiz,AG,NA,Schweiz,Schweiz,BS,Klybeck,switzerland,Aargau,basel,Klybeck
2025-3,Wegzug,2025,3,Schweizer,W,30,Schweiz,Schweiz,BS,Gundeldingen,Schweiz,Schweiz,BL,NA,basel,Gundeldingen,switzerland,Basel-Landschaft
2025-3,Wegzug,2025,3,Schweizer,M,30,Schweiz,Schweiz,BS,Gotthelf,Schweiz,Schweiz,SH,NA,basel,Gotthelf,switzerland,Schaffhausen
2025-3,Wegzug,2025,3,Schweizer,M,30,Schweiz,Schweiz,BS,Clara,Schweiz,Schweiz,BL,NA,basel,Clara,switzerland,Basel-Landschaft
2025-3,Wegzug,2025,3,Schweizer,W,30,Schweiz,Schweiz,BS,Bruderholz,Schweiz,Schweiz,BL,NA,basel,Bruderholz,switzerland,Basel-Landschaft
2025-3,Wegzug,2025,3,Schweizer,M,30,Schweiz,Schweiz,BS,Altstadt Grossbasel,Schweiz,Schweiz,SO,NA,basel,Altstadt Grossbasel,switzerland,Solothurn
2025-3,Wegzug,2025,3,Ausländer,W,30,Schweiz,Schweiz,BS,Gundeldingen,Europa (ohne Schweiz),Lettland,Ausland,NA,basel,Gundeldingen,europe,Latvia
2025-3,Wegzug,2025,3,Ausländer,M,30,Schweiz,Schweiz,BS,Rosental,Asien,Indien,Ausland,NA,basel,Rosental,world,India
2025-3,Wegzug,2025,3,Ausländer,M,30,Schweiz,Schweiz,BS,Am Ring,Schweiz,Schweiz,ZH,NA,basel,Am Ring,switzerland,Zürich
2025-3,Wegzug,2025,3,Ausländer,M,30,Schweiz,Schweiz,BS,Clara,Schweiz,Schweiz,BL,NA,basel,Clara,switzerland,Basel-Landschaft
2025-3,Wegzug,2025,3,Ausländer,W,30,Schweiz,Schweiz,BS,Iselin,Schweiz,Schweiz,LU,NA,basel,Iselin,switzerland,Luzern
2025-3,Wegzug,2025,3,Ausländer,M,30,Schweiz,Schweiz,BS,Wettstein,Asien,Vereinigte Arabische Emirate,Ausland,NA,basel,Wettstein,world,United Arab Emirates
2025-3,Wegzug,2025,3,Ausländer,M,30,Schweiz,Schweiz,BS,Gotthelf,Schweiz,Schweiz,BL,NA,basel,Gotthelf,switzerland,Basel-Landschaft
2025-3,Wegzug,2025,3,Schweizer,W,30,Schweiz,Schweiz,BS,Gundeldingen,Schweiz,Schweiz,AR,NA,basel,Gundeldingen,switzerland,Appenzell Ausserrhoden
2025-3,Wegzug,2025,3,Ausländer,W,30,Schweiz,Schweiz,BS,Am Ring,Europa (ohne Schweiz),Russland,Ausland,NA,basel,Am Ring,world,Russia
2025-3,Wegzug,2025,3,Schweizer,M,30,Schweiz,Schweiz,BS,Bruderholz,Schweiz,Schweiz,BL,NA,basel,Bruderholz,switzerland,Basel-Landschaft
2025-3,Wegzug,2025,3,Schweizer,W,30,Schweiz,Schweiz,BS,Hirzbrunnen,Schweiz,Schweiz,BL,NA,basel,Hirzbrunnen,switzerland,Basel-Landschaft
2025-3,Wegzug,2025,3,Schweizer,W,30,Schweiz,Schweiz,BS,Clara,Schweiz,Schweiz,BL,NA,basel,Clara,switzerland,Basel-Landschaft
2025-3,Zuzug,2025,3,Schweizer,W,30,Schweiz,Schweiz,BL,NA,Schweiz,Schweiz,BS,Rosental,switzerland,Basel-Landschaft,basel,Rosental
2025-3,Zuzug,2025,3,Schweizer,M,30,Schweiz,Schweiz,TI,NA,Schweiz,Schweiz,BS,Rosental,switzerland,Ticino,basel,Rosental
2025-3,Zuzug,2025,3,Ausländer,M,30,Schweiz,Schweiz,BL,NA,Schweiz,Schweiz,BS,St. Alban,switzerland,Basel-Landschaft,basel,St. Alban
2025-3,Zuzug,2025,3,Schweizer,W,30,Schweiz,Schweiz,ZH,NA,Schweiz,Schweiz,BS,Bachletten,switzerland,Zürich,basel,Bachletten
2025-3,Zuzug,2025,3,Ausländer,M,30,Europa (ohne Schweiz),Deutschland,NA,NA,Schweiz,Schweiz,BS,Breite,europe,Germany,basel,Breite
2025-3,Zuzug,2025,3,Ausländer,M,30,Europa (ohne Schweiz),Deutschland,NA,NA,Schweiz,Schweiz,BS,Wettstein,europe,Germany,basel,Wettstein
2025-3,Zuzug,2025,3,Ausländer,M,30,Europa (ohne Schweiz),Ungarn,NA,NA,Schweiz,Schweiz,BS,Matthäus,europe,Hungary,basel,Matthäus
2025-3,Zuzug,2025,3,Ausländer,M,30,Schweiz,Schweiz,BL,NA,Schweiz,Schweiz,BS,Gundeldingen,switzerland,Basel-Landschaft,basel,Gundeldingen
2025-3,Zuzug,2025,3,Ausländer,M,30,Europa (ohne Schweiz),Deutschland,NA,NA,Schweiz,Schweiz,BS,Iselin,europe,Germany,basel,Iselin
2025-3,Zuzug,2025,3,Ausländer,M,30,Europa (ohne Schweiz),Deutschland,NA,NA,Schweiz,Schweiz,BS,Klybeck,europe,Germany,basel,Klybeck
2025-3,Zuzug,2025,3,Ausländer,M,30,Europa (ohne Schweiz),Oesterreich,NA,NA,Schweiz,Schweiz,BS,Altstadt Kleinbasel,europe,Austria,basel,Altstadt Kleinbasel
2025-3,Zuzug,2025,3,Ausländer,M,30,Schweiz,Schweiz,GE,NA,Schweiz,Schweiz,BS,Kleinhüningen,switzerland,Genève,basel,Kleinhüningen
2025-3,Zuzug,2025,3,Ausländer,M,30,Europa (ohne Schweiz),Deutschland,NA,NA,Schweiz,Schweiz,BS,Breite,europe,Germany,basel,Breite
2025-3,Zuzug,2025,3,Ausländer,W,30,Europa (ohne Schweiz),Grossbritannien,NA,NA,Schweiz,Schweiz,BS,Gundeldingen,europe,United Kingdom,basel,Gundeldingen
2025-3,Zuzug,2025,3,Ausländer,M,30,Europa (ohne Schweiz),Grossbritannien,NA,NA,Schweiz,Schweiz,BS,Bachletten,europe,United Kingdom,basel,Bachletten
2025-3,Zuzug,2025,3,Ausländer,M,30,Schweiz,Schweiz,ZH,NA,Schweiz,Schweiz,BS,Gundeldingen,switzerland,Zürich,basel,Gundeldingen
2025-3,Zuzug,2025,3,Ausländer,W,30,Europa (ohne Schweiz),Deutschland,NA,NA,Schweiz,Schweiz,BS,Gundeldingen,europe,Germany,basel,Gundeldingen
2025-3,Zuzug,2025,3,Ausländer,W,30,Europa (ohne Schweiz),Deutschland,NA,NA,Schweiz,Schweiz,BS,Klybeck,europe,Germany,basel,Klybeck
2025-3,Zuzug,2025,3,Schweizer,M,30,Schweiz,Schweiz,BL,NA,Schweiz,Schweiz,BS,Bachletten,switzerland,Basel-Landschaft,basel,Bachletten
2025-3,Wegzug,2025,3,Ausländer,M,30,Schweiz,Schweiz,BS,Bachletten,Schweiz,Schweiz,BL,NA,basel,Bachletten,switzerland,Basel-Landschaft
2025-3,Wegzug,2025,3,Ausländer,W,30,Schweiz,Schweiz,BS,Am Ring,Schweiz,Schweiz,ZH,NA,basel,Am Ring,switzerland,Zürich
2025-3,Wegzug,2025,3,Schweizer,W,30,Schweiz,Schweiz,BS,Bruderholz,Schweiz,Schweiz,SO,NA,basel,Bruderholz,switzerland,Solothurn
2025-3,Wegzug,2025,3,Ausländer,M,30,Schweiz,Schweiz,BS,Gundeldingen,Schweiz,Schweiz,AG,NA,basel,Gundeldingen,switzerland,Aargau
2025-3,Wegzug,2025,3,Schweizer,W,30,Schweiz,Schweiz,BS,Bachletten,Schweiz,Schweiz,BL,NA,basel,Bachletten,switzerland,Basel-Landschaft
2025-3,Wegzug,2025,3,Schweizer,W,30,Schweiz,Schweiz,BS,Iselin,Schweiz,Schweiz,SO,NA,basel,Iselin,switzerland,Solothurn
2025-3,Wegzug,2025,3,Ausländer,W,30,Schweiz,Schweiz,BS,Matthäus,Europa (ohne Schweiz),Litauen,Ausland,NA,basel,Matthäus,europe,Lithuania
2025-3,Wegzug,2025,3,Ausländer,W,30,Schweiz,Schweiz,BS,Rosental,Lateinamerika und Karibik,Panama,Ausland,NA,basel,Rosental,world,Panama
2025-3,Wegzug,2025,3,Schweizer,W,30,Schweiz,Schweiz,BS,Altstadt Grossbasel,Schweiz,Schweiz,BL,NA,basel,Altstadt Grossbasel,switzerland,Basel-Landschaft
2025-3,Wegzug,2025,3,Schweizer,M,30,Schweiz,Schweiz,BS,Bruderholz,Schweiz,Schweiz,SG,NA,basel,Bruderholz,switzerland,St. Gallen
2025-3,Wegzug,2025,3,Ausländer,M,30,Schweiz,Schweiz,BS,Wettstein,Asien,Singapur,Ausland,NA,basel,Wettstein,world,Malaysia
2025-3,Zuzug,2025,3,Ausländer,W,30,Schweiz,Schweiz,BL,NA,Schweiz,Schweiz,BS,Altstadt Grossbasel,switzerland,Basel-Landschaft,basel,Altstadt Grossbasel
2025-3,Zuzug,2025,3,Ausländer,W,30,Europa (ohne Schweiz),Deutschland,NA,NA,Schweiz,Schweiz,BS,Bachletten,europe,Germany,basel,Bachletten
2025-3,Zuzug,2025,3,Schweizer,W,30,Schweiz,Schweiz,BL,NA,Schweiz,Schweiz,BS,St. Alban,switzerland,Basel-Landschaft,basel,St. Alban
2025-3,Zuzug,2025,3,Ausländer,W,30,Asien,Japan,NA,NA,Schweiz,Schweiz,BS,St. Alban,world,Japan,basel,St. Alban
2025-3,Zuzug,2025,3,Schweizer,W,30,Schweiz,Schweiz,BL,NA,Schweiz,Schweiz,BS,Bachletten,switzerland,Basel-Landschaft,basel,Bachletten
2025-3,Zuzug,2025,3,Schweizer,M,30,Schweiz,Schweiz,BL,NA,Schweiz,Schweiz,BS,Riehen,switzerland,Basel-Landschaft,basel,Riehen
2025-3,Zuzug,2025,3,Ausländer,W,30,Schweiz,Schweiz,AG,NA,Schweiz,Schweiz,BS,Rosental,switzerland,Aargau,basel,Rosental
2025-3,Zuzug,2025,3,Ausländer,W,30,Schweiz,Schweiz,ZH,NA,Schweiz,Schweiz,BS,Altstadt Grossbasel,switzerland,Zürich,basel,Altstadt Grossbasel
2025-3,Zuzug,2025,3,Ausländer,M,30,Schweiz,Schweiz,SO,NA,Schweiz,Schweiz,BS,Bruderholz,switzerland,Solothurn,basel,Bruderholz
2025-3,Zuzug,2025,3,Ausländer,W,30,Nordamerika,Vereinigte Staaten von Amerika,NA,NA,Schweiz,Schweiz,BS,Wettstein,world,United States of America,basel,Wettstein
2025-3,Zuzug,2025,3,Ausländer,M,30,Schweiz,Schweiz,SO,NA,Schweiz,Schweiz,BS,Gundeldingen,switzerland,Solothurn,basel,Gundeldingen
2025-3,Zuzug,2025,3,Ausländer,M,30,Schweiz,Schweiz,VD,NA,Schweiz,Schweiz,BS,Matthäus,switzerland,Vaud,basel,Matthäus
2025-3,Zuzug,2025,3,Ausländer,W,30,Schweiz,Schweiz,SO,NA,Schweiz,Schweiz,BS,Gundeldingen,switzerland,Solothurn,basel,Gundeldingen
2025-3,Zuzug,2025,3,Ausländer,W,30,Europa (ohne Schweiz),Spanien,NA,NA,Schweiz,Schweiz,BS,Rosental,europe,Spain,basel,Rosental
2025-3,Zuzug,2025,3,Ausländer,W,30,Europa (ohne Schweiz),Deutschland,NA,NA,Schweiz,Schweiz,BS,Matthäus,europe,Germany,basel,Matthäus
2025-3,Zuzug,2025,3,Schweizer,W,31,Schweiz,Schweiz,BL,NA,Schweiz,Schweiz,BS,St. Johann,switzerland,Basel-Landschaft,basel,St. Johann
2025-3,Zuzug,2025,3,Ausländer,M,31,Europa (ohne Schweiz),Deutschland,NA,NA,Schweiz,Schweiz,BS,Bachletten,europe,Germany,basel,Bachletten
2025-3,Zuzug,2025,3,Schweizer,W,31,Schweiz,Schweiz,GR,NA,Schweiz,Schweiz,BS,Bachletten,switzerland,Graubünden,basel,Bachletten
2025-3,Zuzug,2025,3,Ausländer,M,31,Europa (ohne Schweiz),Deutschland,NA,NA,Schweiz,Schweiz,BS,St. Johann,europe,Germany,basel,St. Johann
2025-3,Zuzug,2025,3,Ausländer,W,31,Europa (ohne Schweiz),Rumänien,NA,NA,Schweiz,Schweiz,BS,Gotthelf,europe,Romania,basel,Gotthelf
2025-3,Zuzug,2025,3,Ausländer,W,31,Schweiz,Schweiz,BE,NA,Schweiz,Schweiz,BS,St. Alban,switzerland,Bern,basel,St. Alban
2025-3,Zuzug,2025,3,Ausländer,M,31,Europa (ohne Schweiz),Oesterreich,NA,NA,Schweiz,Schweiz,BS,Vorstädte,europe,Austria,basel,Vorstädte
2025-3,Zuzug,2025,3,Schweizer,M,31,Schweiz,Schweiz,SG,NA,Schweiz,Schweiz,BS,Gundeldingen,switzerland,St. Gallen,basel,Gundeldingen
2025-3,Zuzug,2025,3,Ausländer,M,31,Europa (ohne Schweiz),Deutschland,NA,NA,Schweiz,Schweiz,BS,Gundeldingen,europe,Germany,basel,Gundeldingen
2025-3,Zuzug,2025,3,Ausländer,W,31,Europa (ohne Schweiz),Deutschland,NA,NA,Schweiz,Schweiz,BS,Am Ring,europe,Germany,basel,Am Ring
2025-3,Zuzug,2025,3,Ausländer,M,31,Asien,Indien,NA,NA,Schweiz,Schweiz,BS,Am Ring,world,India,basel,Am Ring
2025-3,Zuzug,2025,3,Ausländer,W,31,Europa (ohne Schweiz),Spanien,NA,NA,Schweiz,Schweiz,BS,Altstadt Kleinbasel,europe,Spain,basel,Altstadt Kleinbasel
2025-3,Zuzug,2025,3,Schweizer,M,31,Schweiz,Schweiz,AG,NA,Schweiz,Schweiz,BS,Am Ring,switzerland,Aargau,basel,Am Ring
2025-3,Zuzug,2025,3,Ausländer,W,31,Europa (ohne Schweiz),Ungarn,NA,NA,Schweiz,Schweiz,BS,Matthäus,europe,Hungary,basel,Matthäus
2025-3,Zuzug,2025,3,Ausländer,W,31,Schweiz,Schweiz,ZH,NA,Schweiz,Schweiz,BS,St. Johann,switzerland,Zürich,basel,St. Johann
2025-3,Zuzug,2025,3,Schweizer,M,31,Schweiz,Schweiz,LU,NA,Schweiz,Schweiz,BS,Breite,switzerland,Luzern,basel,Breite
2025-3,Wegzug,2025,3,Ausländer,W,31,Schweiz,Schweiz,BS,Kleinhüningen,Europa (ohne Schweiz),Frankreich,Ausland,NA,basel,Kleinhüningen,europe,France
2025-3,Wegzug,2025,3,Ausländer,W,31,Schweiz,Schweiz,BS,Vorstädte,Schweiz,Schweiz,AG,NA,basel,Vorstädte,switzerland,Aargau
2025-3,Wegzug,2025,3,Schweizer,W,31,Schweiz,Schweiz,BS,Klybeck,Europa (ohne Schweiz),Luxemburg,Ausland,NA,basel,Klybeck,europe,Luxembourg
2025-3,Wegzug,2025,3,Ausländer,M,31,Schweiz,Schweiz,BS,Clara,Europa (ohne Schweiz),Deutschland,Ausland,NA,basel,Clara,europe,Germany
2025-3,Wegzug,2025,3,Schweizer,W,31,Schweiz,Schweiz,BS,Hirzbrunnen,Schweiz,Schweiz,SG,NA,basel,Hirzbrunnen,switzerland,St. Gallen
2025-3,Wegzug,2025,3,Ausländer,M,31,Schweiz,Schweiz,BS,Iselin,Europa (ohne Schweiz),Spanien,Ausland,NA,basel,Iselin,europe,Spain
2025-3,Wegzug,2025,3,Ausländer,M,31,Schweiz,Schweiz,BS,St. Alban,Schweiz,Schweiz,BL,NA,basel,St. Alban,switzerland,Basel-Landschaft
2025-3,Wegzug,2025,3,Ausländer,W,31,Schweiz,Schweiz,BS,Matthäus,Schweiz,Schweiz,ZH,NA,basel,Matthäus,switzerland,Zürich
2025-3,Wegzug,2025,3,Ausländer,W,31,Schweiz,Schweiz,BS,Am Ring,Schweiz,Schweiz,ZH,NA,basel,Am Ring,switzerland,Zürich
2025-3,Wegzug,2025,3,Schweizer,M,31,Schweiz,Schweiz,BS,Clara,Schweiz,Schweiz,BL,NA,basel,Clara,switzerland,Basel-Landschaft
2025-3,Zuzug,2025,3,Ausländer,W,31,Europa (ohne Schweiz),Deutschland,NA,NA,Schweiz,Schweiz,BS,Am Ring,europe,Germany,basel,Am Ring
2025-3,Zuzug,2025,3,Ausländer,W,31,Schweiz,Schweiz,SG,NA,Schweiz,Schweiz,BS,Gundeldingen,switzerland,St. Gallen,basel,Gundeldingen
2025-3,Zuzug,2025,3,Ausländer,W,31,Europa (ohne Schweiz),Deutschland,NA,NA,Schweiz,Schweiz,BS,Breite,europe,Germany,basel,Breite
2025-3,Zuzug,2025,3,Ausländer,M,31,Europa (ohne Schweiz),Ungarn,NA,NA,Schweiz,Schweiz,BS,Vorstädte,europe,Hungary,basel,Vorstädte
2025-3,Zuzug,2025,3,Ausländer,M,31,Europa (ohne Schweiz),Deutschland,NA,NA,Schweiz,Schweiz,BS,Bruderholz,europe,Germany,basel,Bruderholz
2025-3,Zuzug,2025,3,Ausländer,M,31,Europa (ohne Schweiz),Deutschland,NA,NA,Schweiz,Schweiz,BS,St. Johann,europe,Germany,basel,St. Johann
2025-3,Zuzug,2025,3,Ausländer,W,31,Europa (ohne Schweiz),Deutschland,NA,NA,Schweiz,Schweiz,BS,Altstadt Kleinbasel,europe,Germany,basel,Altstadt Kleinbasel
2025-3,Zuzug,2025,3,Ausländer,W,31,Europa (ohne Schweiz),Deutschland,NA,NA,Schweiz,Schweiz,BS,Bruderholz,europe,Germany,basel,Bruderholz
2025-3,Zuzug,2025,3,Ausländer,M,31,Schweiz,Schweiz,ZH,NA,Schweiz,Schweiz,BS,St. Johann,switzerland,Zürich,basel,St. Johann
2025-3,Zuzug,2025,3,Schweizer,W,31,Schweiz,Schweiz,BL,NA,Schweiz,Schweiz,BS,Wettstein,switzerland,Basel-Landschaft,basel,Wettstein
2025-3,Zuzug,2025,3,Schweizer,W,31,Schweiz,Schweiz,AG,NA,Schweiz,Schweiz,BS,St. Johann,switzerland,Aargau,basel,St. Johann
2025-3,Zuzug,2025,3,Schweizer,W,31,Schweiz,Schweiz,ZH,NA,Schweiz,Schweiz,BS,Bruderholz,switzerland,Zürich,basel,Bruderholz
2025-3,Wegzug,2025,3,Ausländer,M,31,Schweiz,Schweiz,BS,Vorstädte,Schweiz,Schweiz,SO,NA,basel,Vorstädte,switzerland,Solothurn
2025-3,Wegzug,2025,3,Schweizer,M,31,Schweiz,Schweiz,BS,Iselin,Schweiz,Schweiz,AG,NA,basel,Iselin,switzerland,Aargau
2025-3,Wegzug,2025,3,Ausländer,M,31,Schweiz,Schweiz,BS,Rosental,Asien,Syrien,Ausland,NA,basel,Rosental,world,Syria
2025-3,Wegzug,2025,3,Ausländer,M,31,Schweiz,Schweiz,BS,Matthäus,Europa (ohne Schweiz),Deutschland,Ausland,NA,basel,Matthäus,europe,Germany
2025-3,Wegzug,2025,3,Ausländer,W,31,Schweiz,Schweiz,BS,Gotthelf,Schweiz,Schweiz,ZH,NA,basel,Gotthelf,switzerland,Zürich
2025-3,Wegzug,2025,3,Ausländer,M,31,Schweiz,Schweiz,BS,St. Johann,Europa (ohne Schweiz),Deutschland,Ausland,NA,basel,St. Johann,europe,Germany
2025-3,Wegzug,2025,3,Ausländer,W,31,Schweiz,Schweiz,BS,Matthäus,Europa (ohne Schweiz),Frankreich,Ausland,NA,basel,Matthäus,europe,France
2025-3,Wegzug,2025,3,Ausländer,M,31,Schweiz,Schweiz,BS,Iselin,NA,NA,NA,NA,basel,Iselin,NA,NA
2025-3,Wegzug,2025,3,Ausländer,M,31,Schweiz,Schweiz,BS,Vorstädte,Schweiz,Schweiz,AG,NA,basel,Vorstädte,switzerland,Aargau
2025-3,Wegzug,2025,3,Schweizer,W,31,Schweiz,Schweiz,BS,Am Ring,Schweiz,Schweiz,LU,NA,basel,Am Ring,switzerland,Luzern
2025-3,Wegzug,2025,3,Schweizer,W,31,Schweiz,Schweiz,BS,Gundeldingen,Schweiz,Schweiz,BL,NA,basel,Gundeldingen,switzerland,Basel-Landschaft
2025-3,Wegzug,2025,3,Ausländer,W,31,Schweiz,Schweiz,BS,Am Ring,Europa (ohne Schweiz),Italien,Ausland,NA,basel,Am Ring,europe,Italy
2025-3,Wegzug,2025,3,Ausländer,W,31,Schweiz,Schweiz,BS,Wettstein,Asien,Singapur,Ausland,NA,basel,Wettstein,world,Malaysia
2025-3,Zuzug,2025,3,Schweizer,W,31,Schweiz,Schweiz,LU,NA,Schweiz,Schweiz,BS,St. Alban,switzerland,Luzern,basel,St. Alban
2025-3,Zuzug,2025,3,Ausländer,W,31,Europa (ohne Schweiz),Deutschland,NA,NA,Schweiz,Schweiz,BS,Breite,europe,Germany,basel,Breite
2025-3,Zuzug,2025,3,Ausländer,W,31,Europa (ohne Schweiz),Deutschland,NA,NA,Schweiz,Schweiz,BS,Bruderholz,europe,Germany,basel,Bruderholz
2025-3,Zuzug,2025,3,Ausländer,M,31,Europa (ohne Schweiz),Deutschland,NA,NA,Schweiz,Schweiz,BS,Riehen,europe,Germany,basel,Riehen
2025-3,Zuzug,2025,3,Schweizer,M,31,Schweiz,Schweiz,BL,NA,Schweiz,Schweiz,BS,Bruderholz,switzerland,Basel-Landschaft,basel,Bruderholz
2025-3,Zuzug,2025,3,Ausländer,W,31,Europa (ohne Schweiz),Spanien,NA,NA,Schweiz,Schweiz,BS,Iselin,europe,Spain,basel,Iselin
2025-3,Zuzug,2025,3,Ausländer,M,31,Schweiz,Schweiz,BL,NA,Schweiz,Schweiz,BS,St. Johann,switzerland,Basel-Landschaft,basel,St. Johann
2025-3,Zuzug,2025,3,Ausländer,W,31,Europa (ohne Schweiz),Griechenland,NA,NA,Schweiz,Schweiz,BS,St. Johann,europe,Greece,basel,St. Johann
2025-3,Zuzug,2025,3,Schweizer,W,31,Schweiz,Schweiz,BL,NA,Schweiz,Schweiz,BS,Bachletten,switzerland,Basel-Landschaft,basel,Bachletten
2025-3,Zuzug,2025,3,Ausländer,M,31,Schweiz,Schweiz,SZ,NA,Schweiz,Schweiz,BS,Altstadt Kleinbasel,switzerland,Schwyz,basel,Altstadt Kleinbasel
2025-3,Zuzug,2025,3,Ausländer,W,31,Europa (ohne Schweiz),Spanien,NA,NA,Schweiz,Schweiz,BS,Iselin,europe,Spain,basel,Iselin
2025-3,Zuzug,2025,3,Ausländer,M,31,Europa (ohne Schweiz),Deutschland,NA,NA,Schweiz,Schweiz,BS,Gundeldingen,europe,Germany,basel,Gundeldingen
2025-3,Zuzug,2025,3,Ausländer,M,32,Ozeanien,Australien,NA,NA,Schweiz,Schweiz,BS,St. Alban,world,Australia,basel,St. Alban
2025-3,Zuzug,2025,3,Ausländer,W,32,Ozeanien,Australien,NA,NA,Schweiz,Schweiz,BS,St. Alban,world,Australia,basel,St. Alban
2025-3,Zuzug,2025,3,Ausländer,W,32,Europa (ohne Schweiz),Italien,NA,NA,Schweiz,Schweiz,BS,St. Alban,europe,Italy,basel,St. Alban
2025-3,Zuzug,2025,3,Ausländer,M,32,Schweiz,Schweiz,ZH,NA,Schweiz,Schweiz,BS,Bachletten,switzerland,Zürich,basel,Bachletten
2025-3,Zuzug,2025,3,Ausländer,M,32,Europa (ohne Schweiz),Deutschland,NA,NA,Schweiz,Schweiz,BS,Breite,europe,Germany,basel,Breite
2025-3,Zuzug,2025,3,Ausländer,M,32,Europa (ohne Schweiz),Deutschland,NA,NA,Schweiz,Schweiz,BS,Gundeldingen,europe,Germany,basel,Gundeldingen
2025-3,Zuzug,2025,3,Ausländer,W,32,Europa (ohne Schweiz),Deutschland,NA,NA,Schweiz,Schweiz,BS,Wettstein,europe,Germany,basel,Wettstein
2025-3,Wegzug,2025,3,Ausländer,M,32,Schweiz,Schweiz,BS,St. Alban,Europa (ohne Schweiz),Deutschland,Ausland,NA,basel,St. Alban,europe,Germany
2025-3,Wegzug,2025,3,Ausländer,M,32,Schweiz,Schweiz,BS,Matthäus,Europa (ohne Schweiz),Bulgarien,Ausland,NA,basel,Matthäus,europe,Bulgaria
2025-3,Wegzug,2025,3,Schweizer,M,32,Schweiz,Schweiz,BS,St. Alban,Schweiz,Schweiz,BL,NA,basel,St. Alban,switzerland,Basel-Landschaft
2025-3,Wegzug,2025,3,Ausländer,M,32,Schweiz,Schweiz,BS,Bachletten,Europa (ohne Schweiz),Deutschland,Ausland,NA,basel,Bachletten,europe,Germany
2025-3,Wegzug,2025,3,Ausländer,W,32,Schweiz,Schweiz,BS,Gundeldingen,Schweiz,Schweiz,BE,NA,basel,Gundeldingen,switzerland,Bern
2025-3,Wegzug,2025,3,Schweizer,M,32,Schweiz,Schweiz,BS,St. Alban,Schweiz,Schweiz,BL,NA,basel,St. Alban,switzerland,Basel-Landschaft
2025-3,Wegzug,2025,3,Schweizer,W,32,Schweiz,Schweiz,BS,Breite,Schweiz,Schweiz,ZH,NA,basel,Breite,switzerland,Zürich
2025-3,Wegzug,2025,3,Ausländer,M,32,Schweiz,Schweiz,BS,Am Ring,Schweiz,Schweiz,ZH,NA,basel,Am Ring,switzerland,Zürich
2025-3,Wegzug,2025,3,Ausländer,M,32,Schweiz,Schweiz,BS,Breite,Schweiz,Schweiz,BL,NA,basel,Breite,switzerland,Basel-Landschaft
2025-3,Wegzug,2025,3,Ausländer,W,32,Schweiz,Schweiz,BS,Am Ring,Schweiz,Schweiz,ZH,NA,basel,Am Ring,switzerland,Zürich
2025-3,Zuzug,2025,3,Schweizer,W,32,Schweiz,Schweiz,SO,NA,Schweiz,Schweiz,BS,Gundeldingen,switzerland,Solothurn,basel,Gundeldingen
2025-3,Zuzug,2025,3,Schweizer,W,32,Schweiz,Schweiz,SZ,NA,Schweiz,Schweiz,BS,Hirzbrunnen,switzerland,Schwyz,basel,Hirzbrunnen
2025-3,Zuzug,2025,3,Ausländer,W,32,Europa (ohne Schweiz),Spanien,NA,NA,Schweiz,Schweiz,BS,Wettstein,europe,Spain,basel,Wettstein
2025-3,Zuzug,2025,3,Ausländer,M,32,Schweiz,Schweiz,AG,NA,Schweiz,Schweiz,BS,Riehen,switzerland,Aargau,basel,Riehen
2025-3,Zuzug,2025,3,Ausländer,W,32,Europa (ohne Schweiz),Deutschland,NA,NA,Schweiz,Schweiz,BS,Bachletten,europe,Germany,basel,Bachletten
2025-3,Zuzug,2025,3,Ausländer,M,32,Schweiz,Schweiz,FR,NA,Schweiz,Schweiz,BS,Altstadt Kleinbasel,switzerland,Fribourg,basel,Altstadt Kleinbasel
2025-3,Zuzug,2025,3,Ausländer,M,32,Europa (ohne Schweiz),Deutschland,NA,NA,Schweiz,Schweiz,BS,Altstadt Kleinbasel,europe,Germany,basel,Altstadt Kleinbasel
2025-3,Zuzug,2025,3,Ausländer,M,32,Europa (ohne Schweiz),Spanien,NA,NA,Schweiz,Schweiz,BS,Klybeck,europe,Spain,basel,Klybeck
2025-3,Zuzug,2025,3,Ausländer,M,32,Schweiz,Schweiz,ZH,NA,Schweiz,Schweiz,BS,Riehen,switzerland,Zürich,basel,Riehen
2025-3,Zuzug,2025,3,Ausländer,W,32,Europa (ohne Schweiz),Deutschland,NA,NA,Schweiz,Schweiz,BS,St. Johann,europe,Germany,basel,St. Johann
2025-3,Zuzug,2025,3,Ausländer,W,32,Schweiz,Schweiz,ZH,NA,Schweiz,Schweiz,BS,Hirzbrunnen,switzerland,Zürich,basel,Hirzbrunnen
2025-3,Zuzug,2025,3,Schweizer,M,32,Schweiz,Schweiz,BL,NA,Schweiz,Schweiz,BS,St. Alban,switzerland,Basel-Landschaft,basel,St. Alban
2025-3,Zuzug,2025,3,Schweizer,M,32,Schweiz,Schweiz,BL,NA,Schweiz,Schweiz,BS,Wettstein,switzerland,Basel-Landschaft,basel,Wettstein
2025-3,Wegzug,2025,3,Ausländer,M,32,Schweiz,Schweiz,BS,Klybeck,Europa (ohne Schweiz),Luxemburg,Ausland,NA,basel,Klybeck,europe,Luxembourg
2025-3,Wegzug,2025,3,Ausländer,W,32,Schweiz,Schweiz,BS,Klybeck,Nordamerika,Vereinigte Staaten von Amerika,Ausland,NA,basel,Klybeck,world,United States of America
2025-3,Wegzug,2025,3,Ausländer,M,32,Schweiz,Schweiz,BS,Rosental,Schweiz,Schweiz,BL,NA,basel,Rosental,switzerland,Basel-Landschaft
2025-3,Wegzug,2025,3,Ausländer,M,32,Schweiz,Schweiz,BS,Wettstein,Schweiz,Schweiz,BL,NA,basel,Wettstein,switzerland,Basel-Landschaft
2025-3,Wegzug,2025,3,Ausländer,W,32,Schweiz,Schweiz,BS,Iselin,Schweiz,Schweiz,ZH,NA,basel,Iselin,switzerland,Zürich
2025-3,Wegzug,2025,3,Ausländer,W,32,Schweiz,Schweiz,BS,St. Johann,Schweiz,Schweiz,AG,NA,basel,St. Johann,switzerland,Aargau
2025-3,Wegzug,2025,3,Schweizer,W,32,Schweiz,Schweiz,BS,Matthäus,Schweiz,Schweiz,BE,NA,basel,Matthäus,switzerland,Bern
2025-3,Wegzug,2025,3,Ausländer,M,32,Schweiz,Schweiz,BS,Matthäus,Europa (ohne Schweiz),Grossbritannien,Ausland,NA,basel,Matthäus,europe,United Kingdom
2025-3,Wegzug,2025,3,Ausländer,M,32,Schweiz,Schweiz,BS,Matthäus,Europa (ohne Schweiz),Deutschland,Ausland,NA,basel,Matthäus,europe,Germany
2025-3,Wegzug,2025,3,Ausländer,W,32,Schweiz,Schweiz,BS,Gundeldingen,Europa (ohne Schweiz),Deutschland,Ausland,NA,basel,Gundeldingen,europe,Germany
2025-3,Wegzug,2025,3,Ausländer,W,32,Schweiz,Schweiz,BS,St. Johann,Schweiz,Schweiz,AG,NA,basel,St. Johann,switzerland,Aargau
2025-3,Wegzug,2025,3,Schweizer,M,32,Schweiz,Schweiz,BS,Bachletten,Afrika,Ruanda,Ausland,NA,basel,Bachletten,world,Rwanda
2025-3,Wegzug,2025,3,Ausländer,M,32,Schweiz,Schweiz,BS,Rosental,Schweiz,Schweiz,FR,NA,basel,Rosental,switzerland,Fribourg
2025-3,Wegzug,2025,3,Schweizer,W,32,Schweiz,Schweiz,BS,Klybeck,Europa (ohne Schweiz),Frankreich,Ausland,NA,basel,Klybeck,europe,France
2025-3,Wegzug,2025,3,Ausländer,W,32,Schweiz,Schweiz,BS,Altstadt Grossbasel,Europa (ohne Schweiz),Griechenland,Ausland,NA,basel,Altstadt Grossbasel,europe,Greece
2025-3,Wegzug,2025,3,Ausländer,M,32,Schweiz,Schweiz,BS,Gundeldingen,Europa (ohne Schweiz),Deutschland,Ausland,NA,basel,Gundeldingen,europe,Germany
2025-3,Wegzug,2025,3,Schweizer,M,32,Schweiz,Schweiz,BS,Gundeldingen,Europa (ohne Schweiz),Grossbritannien,Ausland,NA,basel,Gundeldingen,europe,United Kingdom
2025-3,Zuzug,2025,3,Ausländer,M,32,Schweiz,Schweiz,SG,NA,Schweiz,Schweiz,BS,St. Johann,switzerland,St. Gallen,basel,St. Johann
2025-3,Zuzug,2025,3,Ausländer,W,32,Europa (ohne Schweiz),Belgien,NA,NA,Schweiz,Schweiz,BS,Rosental,europe,Belgium,basel,Rosental
2025-3,Zuzug,2025,3,Ausländer,M,32,Europa (ohne Schweiz),Deutschland,NA,NA,Schweiz,Schweiz,BS,Matthäus,europe,Germany,basel,Matthäus
2025-3,Zuzug,2025,3,Ausländer,M,32,Asien,Japan,NA,NA,Schweiz,Schweiz,BS,St. Alban,world,Japan,basel,St. Alban
2025-3,Zuzug,2025,3,Schweizer,W,32,Europa (ohne Schweiz),Deutschland,NA,NA,Schweiz,Schweiz,BS,Am Ring,europe,Germany,basel,Am Ring
2025-3,Zuzug,2025,3,Ausländer,M,32,Europa (ohne Schweiz),Deutschland,NA,NA,Schweiz,Schweiz,BS,Clara,europe,Germany,basel,Clara
2025-3,Zuzug,2025,3,Ausländer,M,32,Europa (ohne Schweiz),Grossbritannien,NA,NA,Schweiz,Schweiz,BS,Iselin,europe,United Kingdom,basel,Iselin
2025-3,Zuzug,2025,3,Ausländer,M,32,Schweiz,Schweiz,GE,NA,Schweiz,Schweiz,BS,Am Ring,switzerland,Genève,basel,Am Ring
2025-3,Zuzug,2025,3,Ausländer,W,32,Asien,Indien,NA,NA,Schweiz,Schweiz,BS,Am Ring,world,India,basel,Am Ring
2025-3,Zuzug,2025,3,Ausländer,W,32,Nordamerika,Vereinigte Staaten von Amerika,NA,NA,Schweiz,Schweiz,BS,Breite,world,United States of America,basel,Breite
2025-3,Zuzug,2025,3,Schweizer,M,32,Schweiz,Schweiz,AG,NA,Schweiz,Schweiz,BS,Riehen,switzerland,Aargau,basel,Riehen
2025-3,Zuzug,2025,3,Ausländer,W,32,Europa (ohne Schweiz),Portugal,NA,NA,Schweiz,Schweiz,BS,Klybeck,europe,Portugal,basel,Klybeck
2025-3,Zuzug,2025,3,Schweizer,M,32,Schweiz,Schweiz,TG,NA,Schweiz,Schweiz,BS,Iselin,switzerland,Thurgau,basel,Iselin
2025-3,Zuzug,2025,3,Schweizer,W,33,Schweiz,Schweiz,BL,NA,Schweiz,Schweiz,BS,Bachletten,switzerland,Basel-Landschaft,basel,Bachletten
2025-3,Zuzug,2025,3,Schweizer,M,33,Schweiz,Schweiz,BE,NA,Schweiz,Schweiz,BS,Klybeck,switzerland,Bern,basel,Klybeck
2025-3,Zuzug,2025,3,Ausländer,M,33,Lateinamerika und Karibik,Argentinien,NA,NA,Schweiz,Schweiz,BS,Am Ring,world,Argentina,basel,Am Ring
2025-3,Zuzug,2025,3,Ausländer,W,33,Asien,Japan,NA,NA,Schweiz,Schweiz,BS,St. Alban,world,Japan,basel,St. Alban
2025-3,Zuzug,2025,3,Ausländer,W,33,Europa (ohne Schweiz),Deutschland,NA,NA,Schweiz,Schweiz,BS,Riehen,europe,Germany,basel,Riehen
2025-3,Zuzug,2025,3,Ausländer,M,33,Schweiz,Schweiz,SO,NA,Schweiz,Schweiz,BS,St. Johann,switzerland,Solothurn,basel,St. Johann
2025-3,Zuzug,2025,3,Ausländer,M,33,Europa (ohne Schweiz),Griechenland,NA,NA,Schweiz,Schweiz,BS,Vorstädte,europe,Greece,basel,Vorstädte
2025-3,Zuzug,2025,3,Ausländer,W,33,Europa (ohne Schweiz),Deutschland,NA,NA,Schweiz,Schweiz,BS,Altstadt Kleinbasel,europe,Germany,basel,Altstadt Kleinbasel
2025-3,Zuzug,2025,3,Ausländer,M,33,Europa (ohne Schweiz),Kroatien,NA,NA,Schweiz,Schweiz,BS,Kleinhüningen,europe,Croatia,basel,Kleinhüningen
2025-3,Zuzug,2025,3,Schweizer,M,33,Europa (ohne Schweiz),Frankreich,NA,NA,Schweiz,Schweiz,BS,St. Johann,europe,France,basel,St. Johann
2025-3,Zuzug,2025,3,Schweizer,M,33,Schweiz,Schweiz,BL,NA,Schweiz,Schweiz,BS,Breite,switzerland,Basel-Landschaft,basel,Breite
2025-3,Wegzug,2025,3,Schweizer,M,33,Schweiz,Schweiz,BS,Rosental,Schweiz,Schweiz,AG,NA,basel,Rosental,switzerland,Aargau
2025-3,Wegzug,2025,3,Ausländer,W,33,Schweiz,Schweiz,BS,Iselin,Asien,Indonesien,Ausland,NA,basel,Iselin,world,Indonesia
2025-3,Wegzug,2025,3,Ausländer,W,33,Schweiz,Schweiz,BS,Am Ring,Afrika,Kenia,Ausland,NA,basel,Am Ring,world,Kenya
2025-3,Wegzug,2025,3,Ausländer,W,33,Schweiz,Schweiz,BS,St. Alban,Asien,Korea (Süd-),Ausland,NA,basel,St. Alban,world,South Korea
2025-3,Wegzug,2025,3,Ausländer,W,33,Schweiz,Schweiz,BS,St. Alban,Nordamerika,Vereinigte Staaten von Amerika,Ausland,NA,basel,St. Alban,world,United States of America
2025-3,Wegzug,2025,3,Ausländer,M,33,Schweiz,Schweiz,BS,Vorstädte,Europa (ohne Schweiz),Italien,Ausland,NA,basel,Vorstädte,europe,Italy
2025-3,Wegzug,2025,3,Ausländer,W,33,Schweiz,Schweiz,BS,St. Alban,Schweiz,Schweiz,AG,NA,basel,St. Alban,switzerland,Aargau
2025-3,Wegzug,2025,3,Schweizer,M,33,Schweiz,Schweiz,BS,Iselin,Europa (ohne Schweiz),Deutschland,Ausland,NA,basel,Iselin,europe,Germany
2025-3,Wegzug,2025,3,Schweizer,M,33,Schweiz,Schweiz,BS,Breite,Schweiz,Schweiz,SG,NA,basel,Breite,switzerland,St. Gallen
2025-3,Wegzug,2025,3,Schweizer,M,33,Schweiz,Schweiz,BS,Vorstädte,NA,NA,NA,NA,basel,Vorstädte,NA,NA
2025-3,Wegzug,2025,3,Ausländer,M,33,Schweiz,Schweiz,BS,St. Johann,Europa (ohne Schweiz),Frankreich,Ausland,NA,basel,St. Johann,europe,France
2025-3,Zuzug,2025,3,Schweizer,W,33,Schweiz,Schweiz,BL,NA,Schweiz,Schweiz,BS,Matthäus,switzerland,Basel-Landschaft,basel,Matthäus
2025-3,Zuzug,2025,3,Schweizer,W,33,Schweiz,Schweiz,ZH,NA,Schweiz,Schweiz,BS,Clara,switzerland,Zürich,basel,Clara
2025-3,Zuzug,2025,3,Ausländer,M,33,Europa (ohne Schweiz),Deutschland,NA,NA,Schweiz,Schweiz,BS,Gotthelf,europe,Germany,basel,Gotthelf
2025-3,Zuzug,2025,3,Ausländer,M,33,Europa (ohne Schweiz),Frankreich,NA,NA,Schweiz,Schweiz,BS,St. Johann,europe,France,basel,St. Johann
2025-3,Zuzug,2025,3,Ausländer,M,33,Europa (ohne Schweiz),Deutschland,NA,NA,Schweiz,Schweiz,BS,St. Alban,europe,Germany,basel,St. Alban
2025-3,Zuzug,2025,3,Ausländer,M,33,Schweiz,Schweiz,GR,NA,Schweiz,Schweiz,BS,St. Johann,switzerland,Graubünden,basel,St. Johann
2025-3,Zuzug,2025,3,Schweizer,M,33,Schweiz,Schweiz,TI,NA,Schweiz,Schweiz,BS,Hirzbrunnen,switzerland,Ticino,basel,Hirzbrunnen
2025-3,Zuzug,2025,3,Schweizer,M,33,Schweiz,Schweiz,BL,NA,Schweiz,Schweiz,BS,Bachletten,switzerland,Basel-Landschaft,basel,Bachletten
2025-3,Wegzug,2025,3,Schweizer,M,33,Schweiz,Schweiz,BS,Gundeldingen,Schweiz,Schweiz,BL,NA,basel,Gundeldingen,switzerland,Basel-Landschaft
2025-3,Wegzug,2025,3,Ausländer,M,33,Schweiz,Schweiz,BS,St. Johann,Schweiz,Schweiz,SO,NA,basel,St. Johann,switzerland,Solothurn
2025-3,Wegzug,2025,3,Schweizer,M,33,Schweiz,Schweiz,BS,Matthäus,Schweiz,Schweiz,BE,NA,basel,Matthäus,switzerland,Bern
2025-3,Wegzug,2025,3,Ausländer,M,33,Schweiz,Schweiz,BS,Matthäus,Ozeanien,Neuseeland,Ausland,NA,basel,Matthäus,world,New Zealand
2025-3,Wegzug,2025,3,Ausländer,M,33,Schweiz,Schweiz,BS,Clara,Europa (ohne Schweiz),Spanien,Ausland,NA,basel,Clara,europe,Spain
2025-3,Wegzug,2025,3,Ausländer,M,33,Schweiz,Schweiz,BS,Altstadt Grossbasel,Schweiz,Schweiz,BL,NA,basel,Altstadt Grossbasel,switzerland,Basel-Landschaft
2025-3,Wegzug,2025,3,Ausländer,W,33,Schweiz,Schweiz,BS,Clara,Europa (ohne Schweiz),Deutschland,Ausland,NA,basel,Clara,europe,Germany
2025-3,Wegzug,2025,3,Ausländer,M,33,Schweiz,Schweiz,BS,Bachletten,Europa (ohne Schweiz),Griechenland,Ausland,NA,basel,Bachletten,europe,Greece
2025-3,Wegzug,2025,3,Ausländer,W,33,Schweiz,Schweiz,BS,Wettstein,Europa (ohne Schweiz),Italien,Ausland,NA,basel,Wettstein,europe,Italy
2025-3,Wegzug,2025,3,Schweizer,W,33,Schweiz,Schweiz,BS,Klybeck,Europa (ohne Schweiz),Dänemark,Ausland,NA,basel,Klybeck,europe,Denmark
2025-3,Wegzug,2025,3,Ausländer,W,33,Schweiz,Schweiz,BS,Rosental,Europa (ohne Schweiz),Frankreich,Ausland,NA,basel,Rosental,europe,France
2025-3,Wegzug,2025,3,Schweizer,M,33,Schweiz,Schweiz,BS,St. Johann,Schweiz,Schweiz,AG,NA,basel,St. Johann,switzerland,Aargau
2025-3,Wegzug,2025,3,Ausländer,M,33,Schweiz,Schweiz,BS,Matthäus,Schweiz,Schweiz,BL,NA,basel,Matthäus,switzerland,Basel-Landschaft
2025-3,Wegzug,2025,3,Ausländer,M,33,Schweiz,Schweiz,BS,Vorstädte,Europa (ohne Schweiz),Deutschland,Ausland,NA,basel,Vorstädte,europe,Germany
2025-3,Wegzug,2025,3,Ausländer,M,33,Schweiz,Schweiz,BS,Iselin,Europa (ohne Schweiz),Grossbritannien,Ausland,NA,basel,Iselin,europe,United Kingdom
2025-3,Wegzug,2025,3,Ausländer,M,33,Schweiz,Schweiz,BS,Matthäus,Europa (ohne Schweiz),Frankreich,Ausland,NA,basel,Matthäus,europe,France
2025-3,Wegzug,2025,3,Schweizer,W,33,Schweiz,Schweiz,BS,Gotthelf,Schweiz,Schweiz,TG,NA,basel,Gotthelf,switzerland,Thurgau
2025-3,Zuzug,2025,3,Schweizer,W,33,Schweiz,Schweiz,TI,NA,Schweiz,Schweiz,BS,Matthäus,switzerland,Ticino,basel,Matthäus
2025-3,Zuzug,2025,3,Ausländer,M,33,Schweiz,Schweiz,BE,NA,Schweiz,Schweiz,BS,St. Johann,switzerland,Bern,basel,St. Johann
2025-3,Zuzug,2025,3,Ausländer,M,33,Lateinamerika und Karibik,Brasilien,NA,NA,Schweiz,Schweiz,BS,Wettstein,world,Brazil,basel,Wettstein
2025-3,Zuzug,2025,3,Ausländer,W,33,Europa (ohne Schweiz),Kroatien,NA,NA,Schweiz,Schweiz,BS,Rosental,europe,Croatia,basel,Rosental
2025-3,Zuzug,2025,3,Schweizer,M,33,Schweiz,Schweiz,SO,NA,Schweiz,Schweiz,BS,Matthäus,switzerland,Solothurn,basel,Matthäus
2025-3,Zuzug,2025,3,Schweizer,W,33,Europa (ohne Schweiz),Grossbritannien,NA,NA,Schweiz,Schweiz,BS,Gundeldingen,europe,United Kingdom,basel,Gundeldingen
2025-3,Zuzug,2025,3,Ausländer,M,33,Schweiz,Schweiz,BL,NA,Schweiz,Schweiz,BS,Gundeldingen,switzerland,Basel-Landschaft,basel,Gundeldingen
2025-3,Zuzug,2025,3,Schweizer,W,33,Schweiz,Schweiz,NE,NA,Schweiz,Schweiz,BS,Wettstein,switzerland,Neuchâtel,basel,Wettstein
2025-3,Zuzug,2025,3,Ausländer,W,34,Asien,China,NA,NA,Schweiz,Schweiz,BS,Iselin,world,China,basel,Iselin
2025-3,Zuzug,2025,3,Ausländer,M,34,Europa (ohne Schweiz),Türkei,NA,NA,Schweiz,Schweiz,BS,Rosental,world,Turkey,basel,Rosental
2025-3,Zuzug,2025,3,Ausländer,M,34,Europa (ohne Schweiz),Deutschland,NA,NA,Schweiz,Schweiz,BS,Clara,europe,Germany,basel,Clara
2025-3,Zuzug,2025,3,Schweizer,M,34,Schweiz,Schweiz,SO,NA,Schweiz,Schweiz,BS,Klybeck,switzerland,Solothurn,basel,Klybeck
2025-3,Zuzug,2025,3,Schweizer,M,34,Europa (ohne Schweiz),Grossbritannien,NA,NA,Schweiz,Schweiz,BS,Gundeldingen,europe,United Kingdom,basel,Gundeldingen
2025-3,Zuzug,2025,3,Ausländer,M,34,Schweiz,Schweiz,BL,NA,Schweiz,Schweiz,BS,Altstadt Kleinbasel,switzerland,Basel-Landschaft,basel,Altstadt Kleinbasel
2025-3,Zuzug,2025,3,Ausländer,W,34,Europa (ohne Schweiz),Deutschland,NA,NA,Schweiz,Schweiz,BS,Riehen,europe,Germany,basel,Riehen
2025-3,Zuzug,2025,3,Ausländer,M,34,Asien,Thailand,NA,NA,Schweiz,Schweiz,BS,Matthäus,world,Thailand,basel,Matthäus
2025-3,Zuzug,2025,3,Schweizer,W,34,Europa (ohne Schweiz),Deutschland,NA,NA,Schweiz,Schweiz,BS,Gundeldingen,europe,Germany,basel,Gundeldingen
2025-3,Zuzug,2025,3,Ausländer,M,34,Schweiz,Schweiz,BE,NA,Schweiz,Schweiz,BS,Bachletten,switzerland,Bern,basel,Bachletten
2025-3,Zuzug,2025,3,Ausländer,M,34,Europa (ohne Schweiz),Deutschland,NA,NA,Schweiz,Schweiz,BS,Klybeck,europe,Germany,basel,Klybeck
2025-3,Zuzug,2025,3,Ausländer,M,34,Europa (ohne Schweiz),Grossbritannien,NA,NA,Schweiz,Schweiz,BS,Matthäus,europe,United Kingdom,basel,Matthäus
2025-3,Zuzug,2025,3,Ausländer,W,34,Europa (ohne Schweiz),Moldawien,NA,NA,Schweiz,Schweiz,BS,Am Ring,europe,Moldova,basel,Am Ring
2025-3,Zuzug,2025,3,Ausländer,W,34,Schweiz,Schweiz,VD,NA,Schweiz,Schweiz,BS,Am Ring,switzerland,Vaud,basel,Am Ring
2025-3,Zuzug,2025,3,Ausländer,W,34,Schweiz,Schweiz,ZH,NA,Schweiz,Schweiz,BS,Gotthelf,switzerland,Zürich,basel,Gotthelf
2025-3,Zuzug,2025,3,Ausländer,W,34,Schweiz,Schweiz,ZH,NA,Schweiz,Schweiz,BS,St. Alban,switzerland,Zürich,basel,St. Alban
2025-3,Zuzug,2025,3,Schweizer,M,34,Schweiz,Schweiz,BL,NA,Schweiz,Schweiz,BS,Gundeldingen,switzerland,Basel-Landschaft,basel,Gundeldingen
2025-3,Zuzug,2025,3,Ausländer,W,34,Nordamerika,Vereinigte Staaten von Amerika,NA,NA,Schweiz,Schweiz,BS,Wettstein,world,United States of America,basel,Wettstein
2025-3,Zuzug,2025,3,Ausländer,W,34,Europa (ohne Schweiz),Lettland,NA,NA,Schweiz,Schweiz,BS,Altstadt Kleinbasel,europe,Latvia,basel,Altstadt Kleinbasel
2025-3,Zuzug,2025,3,Ausländer,W,34,Europa (ohne Schweiz),Deutschland,NA,NA,Schweiz,Schweiz,BS,Am Ring,europe,Germany,basel,Am Ring
2025-3,Zuzug,2025,3,Ausländer,W,34,Europa (ohne Schweiz),Deutschland,NA,NA,Schweiz,Schweiz,BS,Breite,europe,Germany,basel,Breite
2025-3,Wegzug,2025,3,Ausländer,M,34,Schweiz,Schweiz,BS,Am Ring,Schweiz,Schweiz,BL,NA,basel,Am Ring,switzerland,Basel-Landschaft
2025-3,Wegzug,2025,3,Schweizer,M,34,Schweiz,Schweiz,BS,Clara,Schweiz,Schweiz,BL,NA,basel,Clara,switzerland,Basel-Landschaft
2025-3,Wegzug,2025,3,Schweizer,W,34,Schweiz,Schweiz,BS,Hirzbrunnen,Schweiz,Schweiz,BL,NA,basel,Hirzbrunnen,switzerland,Basel-Landschaft
2025-3,Wegzug,2025,3,Schweizer,W,34,Schweiz,Schweiz,BS,St. Alban,Europa (ohne Schweiz),Deutschland,Ausland,NA,basel,St. Alban,europe,Germany
2025-3,Wegzug,2025,3,Ausländer,M,34,Schweiz,Schweiz,BS,Am Ring,Europa (ohne Schweiz),Russland,Ausland,NA,basel,Am Ring,world,Russia
2025-3,Wegzug,2025,3,Ausländer,W,34,Schweiz,Schweiz,BS,St. Johann,Europa (ohne Schweiz),Deutschland,Ausland,NA,basel,St. Johann,europe,Germany
2025-3,Wegzug,2025,3,Ausländer,M,34,Schweiz,Schweiz,BS,Matthäus,Europa (ohne Schweiz),Italien,Ausland,NA,basel,Matthäus,europe,Italy
2025-3,Wegzug,2025,3,Ausländer,W,34,Schweiz,Schweiz,BS,Riehen,Europa (ohne Schweiz),Deutschland,Ausland,NA,basel,Riehen,europe,Germany
2025-3,Wegzug,2025,3,Ausländer,W,34,Schweiz,Schweiz,BS,St. Johann,Europa (ohne Schweiz),Frankreich,Ausland,NA,basel,St. Johann,europe,France
2025-3,Zuzug,2025,3,Ausländer,W,34,Europa (ohne Schweiz),Spanien,NA,NA,Schweiz,Schweiz,BS,Matthäus,europe,Spain,basel,Matthäus
2025-3,Zuzug,2025,3,Ausländer,W,34,Schweiz,Schweiz,GE,NA,Schweiz,Schweiz,BS,Breite,switzerland,Genève,basel,Breite
2025-3,Zuzug,2025,3,Ausländer,M,34,Europa (ohne Schweiz),Deutschland,NA,NA,Schweiz,Schweiz,BS,Wettstein,europe,Germany,basel,Wettstein
2025-3,Zuzug,2025,3,Schweizer,W,34,Europa (ohne Schweiz),Deutschland,NA,NA,Schweiz,Schweiz,BS,Riehen,europe,Germany,basel,Riehen
2025-3,Zuzug,2025,3,Ausländer,W,34,Europa (ohne Schweiz),Kosovo,NA,NA,Schweiz,Schweiz,BS,St. Johann,europe,Kosovo,basel,St. Johann
2025-3,Zuzug,2025,3,Ausländer,M,34,Europa (ohne Schweiz),Portugal,NA,NA,Schweiz,Schweiz,BS,Iselin,europe,Portugal,basel,Iselin
2025-3,Zuzug,2025,3,Ausländer,M,34,Europa (ohne Schweiz),Deutschland,NA,NA,Schweiz,Schweiz,BS,Iselin,europe,Germany,basel,Iselin
2025-3,Zuzug,2025,3,Ausländer,W,34,Europa (ohne Schweiz),Niederlande,NA,NA,Schweiz,Schweiz,BS,Iselin,europe,Netherlands,basel,Iselin
2025-3,Zuzug,2025,3,Ausländer,W,34,Europa (ohne Schweiz),Italien,NA,NA,Schweiz,Schweiz,BS,Am Ring,europe,Italy,basel,Am Ring
2025-3,Zuzug,2025,3,Ausländer,W,34,Europa (ohne Schweiz),Grossbritannien,NA,NA,Schweiz,Schweiz,BS,Hirzbrunnen,europe,United Kingdom,basel,Hirzbrunnen
2025-3,Wegzug,2025,3,Ausländer,W,34,Schweiz,Schweiz,BS,Matthäus,Europa (ohne Schweiz),Deutschland,Ausland,NA,basel,Matthäus,europe,Germany
2025-3,Wegzug,2025,3,Ausländer,W,34,Schweiz,Schweiz,BS,Hirzbrunnen,Europa (ohne Schweiz),Deutschland,Ausland,NA,basel,Hirzbrunnen,europe,Germany
2025-3,Wegzug,2025,3,Schweizer,W,34,Schweiz,Schweiz,BS,Bruderholz,Schweiz,Schweiz,AG,NA,basel,Bruderholz,switzerland,Aargau
2025-3,Wegzug,2025,3,Schweizer,W,34,Schweiz,Schweiz,BS,Gundeldingen,Schweiz,Schweiz,BL,NA,basel,Gundeldingen,switzerland,Basel-Landschaft
2025-3,Wegzug,2025,3,Ausländer,M,34,Schweiz,Schweiz,BS,Wettstein,Europa (ohne Schweiz),Deutschland,Ausland,NA,basel,Wettstein,europe,Germany
2025-3,Wegzug,2025,3,Schweizer,M,34,Schweiz,Schweiz,BS,Bachletten,Schweiz,Schweiz,BL,NA,basel,Bachletten,switzerland,Basel-Landschaft
2025-3,Wegzug,2025,3,Ausländer,W,34,Schweiz,Schweiz,BS,Matthäus,Europa (ohne Schweiz),Portugal,Ausland,NA,basel,Matthäus,europe,Portugal
2025-3,Wegzug,2025,3,Ausländer,W,34,Schweiz,Schweiz,BS,St. Johann,Europa (ohne Schweiz),Frankreich,Ausland,NA,basel,St. Johann,europe,France
2025-3,Wegzug,2025,3,Ausländer,M,34,Schweiz,Schweiz,BS,Am Ring,Schweiz,Schweiz,AG,NA,basel,Am Ring,switzerland,Aargau
2025-3,Wegzug,2025,3,Ausländer,M,34,Schweiz,Schweiz,BS,Gundeldingen,Europa (ohne Schweiz),Slowenien,Ausland,NA,basel,Gundeldingen,europe,Slovenia
2025-3,Wegzug,2025,3,Schweizer,W,34,Schweiz,Schweiz,BS,Am Ring,Schweiz,Schweiz,BL,NA,basel,Am Ring,switzerland,Basel-Landschaft
2025-3,Wegzug,2025,3,Schweizer,W,34,Schweiz,Schweiz,BS,Vorstädte,Schweiz,Schweiz,BL,NA,basel,Vorstädte,switzerland,Basel-Landschaft
2025-3,Wegzug,2025,3,Schweizer,W,34,Schweiz,Schweiz,BS,St. Alban,Schweiz,Schweiz,ZH,NA,basel,St. Alban,switzerland,Zürich
2025-3,Wegzug,2025,3,Ausländer,M,34,Schweiz,Schweiz,BS,Klybeck,Lateinamerika und Karibik,Brasilien,Ausland,NA,basel,Klybeck,world,Brazil
2025-3,Wegzug,2025,3,Ausländer,M,34,Schweiz,Schweiz,BS,Am Ring,Schweiz,Schweiz,BL,NA,basel,Am Ring,switzerland,Basel-Landschaft
2025-3,Wegzug,2025,3,Schweizer,W,34,Schweiz,Schweiz,BS,St. Johann,Schweiz,Schweiz,LU,NA,basel,St. Johann,switzerland,Luzern
2025-3,Zuzug,2025,3,Ausländer,W,34,Schweiz,Schweiz,ZH,NA,Schweiz,Schweiz,BS,Bettingen,switzerland,Zürich,basel,Bettingen
2025-3,Zuzug,2025,3,Ausländer,M,34,Europa (ohne Schweiz),Portugal,NA,NA,Schweiz,Schweiz,BS,Vorstädte,europe,Portugal,basel,Vorstädte
2025-3,Zuzug,2025,3,Ausländer,M,34,Europa (ohne Schweiz),Finnland,NA,NA,Schweiz,Schweiz,BS,Gundeldingen,europe,Finland,basel,Gundeldingen
2025-3,Zuzug,2025,3,Ausländer,W,34,Europa (ohne Schweiz),Frankreich,NA,NA,Schweiz,Schweiz,BS,Clara,europe,France,basel,Clara
2025-3,Zuzug,2025,3,Ausländer,W,34,Europa (ohne Schweiz),Deutschland,NA,NA,Schweiz,Schweiz,BS,Iselin,europe,Germany,basel,Iselin
2025-3,Zuzug,2025,3,Schweizer,W,34,Schweiz,Schweiz,ZH,NA,Schweiz,Schweiz,BS,Gundeldingen,switzerland,Zürich,basel,Gundeldingen
2025-3,Zuzug,2025,3,Schweizer,W,34,Europa (ohne Schweiz),Deutschland,NA,NA,Schweiz,Schweiz,BS,Riehen,europe,Germany,basel,Riehen
2025-3,Zuzug,2025,3,Ausländer,M,34,Schweiz,Schweiz,BL,NA,Schweiz,Schweiz,BS,Gundeldingen,switzerland,Basel-Landschaft,basel,Gundeldingen
2025-3,Zuzug,2025,3,Ausländer,M,34,Schweiz,Schweiz,GR,NA,Schweiz,Schweiz,BS,Wettstein,switzerland,Graubünden,basel,Wettstein
2025-3,Zuzug,2025,3,Schweizer,M,34,Schweiz,Schweiz,SO,NA,Schweiz,Schweiz,BS,Gotthelf,switzerland,Solothurn,basel,Gotthelf
2025-3,Zuzug,2025,3,Schweizer,W,34,Schweiz,Schweiz,BL,NA,Schweiz,Schweiz,BS,Breite,switzerland,Basel-Landschaft,basel,Breite
2025-3,Zuzug,2025,3,Ausländer,M,34,Europa (ohne Schweiz),Grossbritannien,NA,NA,Schweiz,Schweiz,BS,Matthäus,europe,United Kingdom,basel,Matthäus
2025-3,Zuzug,2025,3,Ausländer,M,35,Asien,Indien,NA,NA,Schweiz,Schweiz,BS,St. Johann,world,India,basel,St. Johann
2025-3,Zuzug,2025,3,Ausländer,W,35,Europa (ohne Schweiz),Türkei,NA,NA,Schweiz,Schweiz,BS,Matthäus,world,Turkey,basel,Matthäus
2025-3,Zuzug,2025,3,Ausländer,M,35,Nordamerika,Vereinigte Staaten von Amerika,NA,NA,Schweiz,Schweiz,BS,Gotthelf,world,United States of America,basel,Gotthelf
2025-3,Zuzug,2025,3,Ausländer,M,35,Europa (ohne Schweiz),Deutschland,NA,NA,Schweiz,Schweiz,BS,Iselin,europe,Germany,basel,Iselin
2025-3,Zuzug,2025,3,Ausländer,M,35,Europa (ohne Schweiz),Deutschland,NA,NA,Schweiz,Schweiz,BS,Bachletten,europe,Germany,basel,Bachletten
2025-3,Zuzug,2025,3,Ausländer,W,35,Schweiz,Schweiz,BL,NA,Schweiz,Schweiz,BS,St. Johann,switzerland,Basel-Landschaft,basel,St. Johann
2025-3,Zuzug,2025,3,Ausländer,W,35,Europa (ohne Schweiz),Portugal,NA,NA,Schweiz,Schweiz,BS,St. Johann,europe,Portugal,basel,St. Johann
2025-3,Zuzug,2025,3,Ausländer,W,35,Europa (ohne Schweiz),Italien,NA,NA,Schweiz,Schweiz,BS,Altstadt Kleinbasel,europe,Italy,basel,Altstadt Kleinbasel
2025-3,Wegzug,2025,3,Schweizer,M,35,Schweiz,Schweiz,BS,Iselin,Schweiz,Schweiz,BL,NA,basel,Iselin,switzerland,Basel-Landschaft
2025-3,Wegzug,2025,3,Schweizer,M,35,Schweiz,Schweiz,BS,Gotthelf,Asien,Indonesien,Ausland,NA,basel,Gotthelf,world,Indonesia
2025-3,Wegzug,2025,3,Ausländer,M,35,Schweiz,Schweiz,BS,Altstadt Kleinbasel,Europa (ohne Schweiz),Deutschland,Ausland,NA,basel,Altstadt Kleinbasel,europe,Germany
2025-3,Wegzug,2025,3,Ausländer,W,35,Schweiz,Schweiz,BS,Clara,Europa (ohne Schweiz),Spanien,Ausland,NA,basel,Clara,europe,Spain
2025-3,Wegzug,2025,3,Ausländer,M,35,Schweiz,Schweiz,BS,Riehen,Schweiz,Schweiz,BE,NA,basel,Riehen,switzerland,Bern
2025-3,Wegzug,2025,3,Schweizer,M,35,Schweiz,Schweiz,BS,Gundeldingen,Schweiz,Schweiz,AR,NA,basel,Gundeldingen,switzerland,Appenzell Ausserrhoden
2025-3,Wegzug,2025,3,Ausländer,W,35,Schweiz,Schweiz,BS,Klybeck,Schweiz,Schweiz,BL,NA,basel,Klybeck,switzerland,Basel-Landschaft
2025-3,Wegzug,2025,3,Ausländer,M,35,Schweiz,Schweiz,BS,Hirzbrunnen,Europa (ohne Schweiz),Deutschland,Ausland,NA,basel,Hirzbrunnen,europe,Germany
2025-3,Wegzug,2025,3,Ausländer,W,35,Schweiz,Schweiz,BS,Rosental,Europa (ohne Schweiz),Spanien,Ausland,NA,basel,Rosental,europe,Spain
2025-3,Wegzug,2025,3,Schweizer,W,35,Schweiz,Schweiz,BS,Bachletten,Schweiz,Schweiz,LU,NA,basel,Bachletten,switzerland,Luzern
2025-3,Wegzug,2025,3,Ausländer,M,35,Schweiz,Schweiz,BS,St. Johann,Schweiz,Schweiz,BL,NA,basel,St. Johann,switzerland,Basel-Landschaft
2025-3,Wegzug,2025,3,Ausländer,M,35,Schweiz,Schweiz,BS,Altstadt Kleinbasel,Schweiz,Schweiz,SG,NA,basel,Altstadt Kleinbasel,switzerland,St. Gallen
2025-3,Zuzug,2025,3,Ausländer,M,35,Schweiz,Schweiz,ZH,NA,Schweiz,Schweiz,BS,Bettingen,switzerland,Zürich,basel,Bettingen
2025-3,Zuzug,2025,3,Ausländer,W,35,Lateinamerika und Karibik,Costa Rica,NA,NA,Schweiz,Schweiz,BS,Gundeldingen,world,Costa Rica,basel,Gundeldingen
2025-3,Zuzug,2025,3,Ausländer,M,35,Europa (ohne Schweiz),Serbien,NA,NA,Schweiz,Schweiz,BS,Am Ring,europe,Serbia,basel,Am Ring
2025-3,Zuzug,2025,3,Schweizer,W,35,Schweiz,Schweiz,ZH,NA,Schweiz,Schweiz,BS,Matthäus,switzerland,Zürich,basel,Matthäus
2025-3,Zuzug,2025,3,Ausländer,M,35,Europa (ohne Schweiz),Deutschland,NA,NA,Schweiz,Schweiz,BS,St. Johann,europe,Germany,basel,St. Johann
2025-3,Zuzug,2025,3,Ausländer,M,35,Europa (ohne Schweiz),Deutschland,NA,NA,Schweiz,Schweiz,BS,Wettstein,europe,Germany,basel,Wettstein
2025-3,Zuzug,2025,3,Ausländer,W,35,Nordamerika,Vereinigte Staaten von Amerika,NA,NA,Schweiz,Schweiz,BS,St. Johann,world,United States of America,basel,St. Johann
2025-3,Wegzug,2025,3,Schweizer,M,35,Schweiz,Schweiz,BS,Gundeldingen,Schweiz,Schweiz,BL,NA,basel,Gundeldingen,switzerland,Basel-Landschaft
2025-3,Wegzug,2025,3,Ausländer,M,35,Schweiz,Schweiz,BS,Vorstädte,Schweiz,Schweiz,BE,NA,basel,Vorstädte,switzerland,Bern
2025-3,Wegzug,2025,3,Schweizer,W,35,Schweiz,Schweiz,BS,Klybeck,Schweiz,Schweiz,BL,NA,basel,Klybeck,switzerland,Basel-Landschaft
2025-3,Wegzug,2025,3,Ausländer,M,35,Schweiz,Schweiz,BS,Riehen,Schweiz,Schweiz,AG,NA,basel,Riehen,switzerland,Aargau
2025-3,Wegzug,2025,3,Ausländer,M,35,Schweiz,Schweiz,BS,Iselin,Schweiz,Schweiz,LU,NA,basel,Iselin,switzerland,Luzern
2025-3,Wegzug,2025,3,Ausländer,M,35,Schweiz,Schweiz,BS,Gundeldingen,Europa (ohne Schweiz),Deutschland,Ausland,NA,basel,Gundeldingen,europe,Germany
2025-3,Wegzug,2025,3,Ausländer,W,35,Schweiz,Schweiz,BS,Am Ring,Schweiz,Schweiz,BE,NA,basel,Am Ring,switzerland,Bern
2025-3,Wegzug,2025,3,Schweizer,W,35,Schweiz,Schweiz,BS,Breite,Schweiz,Schweiz,BL,NA,basel,Breite,switzerland,Basel-Landschaft
2025-3,Wegzug,2025,3,Schweizer,W,35,Schweiz,Schweiz,BS,Hirzbrunnen,Schweiz,Schweiz,SO,NA,basel,Hirzbrunnen,switzerland,Solothurn
2025-3,Wegzug,2025,3,Ausländer,W,35,Schweiz,Schweiz,BS,Rosental,Schweiz,Schweiz,LU,NA,basel,Rosental,switzerland,Luzern
2025-3,Wegzug,2025,3,Schweizer,W,35,Schweiz,Schweiz,BS,Breite,Europa (ohne Schweiz),Portugal,Ausland,NA,basel,Breite,europe,Portugal
2025-3,Wegzug,2025,3,Schweizer,W,35,Schweiz,Schweiz,BS,Gotthelf,Schweiz,Schweiz,BL,NA,basel,Gotthelf,switzerland,Basel-Landschaft
2025-3,Wegzug,2025,3,Schweizer,W,35,Schweiz,Schweiz,BS,St. Alban,Schweiz,Schweiz,BL,NA,basel,St. Alban,switzerland,Basel-Landschaft
2025-3,Wegzug,2025,3,Schweizer,W,35,Schweiz,Schweiz,BS,Riehen,Schweiz,Schweiz,ZH,NA,basel,Riehen,switzerland,Zürich
2025-3,Wegzug,2025,3,Schweizer,M,35,Schweiz,Schweiz,BS,Matthäus,Schweiz,Schweiz,TI,NA,basel,Matthäus,switzerland,Ticino
2025-3,Wegzug,2025,3,Ausländer,M,35,Schweiz,Schweiz,BS,Matthäus,Europa (ohne Schweiz),Deutschland,Ausland,NA,basel,Matthäus,europe,Germany
2025-3,Wegzug,2025,3,Ausländer,W,35,Schweiz,Schweiz,BS,Am Ring,Schweiz,Schweiz,AG,NA,basel,Am Ring,switzerland,Aargau
2025-3,Wegzug,2025,3,Ausländer,W,35,Schweiz,Schweiz,BS,Iselin,Europa (ohne Schweiz),Grossbritannien,Ausland,NA,basel,Iselin,europe,United Kingdom
2025-3,Zuzug,2025,3,Ausländer,M,35,NA,NA,NA,NA,Schweiz,Schweiz,BS,Rosental,NA,NA,basel,Rosental
2025-3,Zuzug,2025,3,Schweizer,W,35,Schweiz,Schweiz,ZH,NA,Schweiz,Schweiz,BS,Gundeldingen,switzerland,Zürich,basel,Gundeldingen
2025-3,Zuzug,2025,3,Ausländer,M,35,Afrika,Tansania,NA,NA,Schweiz,Schweiz,BS,Riehen,world,Tanzania,basel,Riehen
2025-3,Zuzug,2025,3,Ausländer,W,35,Schweiz,Schweiz,VD,NA,Schweiz,Schweiz,BS,Gundeldingen,switzerland,Vaud,basel,Gundeldingen
2025-3,Zuzug,2025,3,Ausländer,W,35,Schweiz,Schweiz,ZH,NA,Schweiz,Schweiz,BS,St. Alban,switzerland,Zürich,basel,St. Alban
2025-3,Zuzug,2025,3,Ausländer,W,35,Europa (ohne Schweiz),Ukraine,NA,NA,Schweiz,Schweiz,BS,Klybeck,europe,Ukraine,basel,Klybeck
2025-3,Zuzug,2025,3,Ausländer,M,35,Europa (ohne Schweiz),Deutschland,NA,NA,Schweiz,Schweiz,BS,Altstadt Kleinbasel,europe,Germany,basel,Altstadt Kleinbasel
2025-3,Zuzug,2025,3,Ausländer,M,35,Europa (ohne Schweiz),Deutschland,NA,NA,Schweiz,Schweiz,BS,St. Johann,europe,Germany,basel,St. Johann
2025-3,Zuzug,2025,3,Ausländer,M,35,Afrika,Tansania,NA,NA,Schweiz,Schweiz,BS,Riehen,world,Tanzania,basel,Riehen
2025-3,Zuzug,2025,3,Schweizer,W,36,Schweiz,Schweiz,BL,NA,Schweiz,Schweiz,BS,Gundeldingen,switzerland,Basel-Landschaft,basel,Gundeldingen
2025-3,Zuzug,2025,3,Ausländer,M,36,Schweiz,Schweiz,BL,NA,Schweiz,Schweiz,BS,Matthäus,switzerland,Basel-Landschaft,basel,Matthäus
2025-3,Zuzug,2025,3,Ausländer,M,36,Europa (ohne Schweiz),Litauen,NA,NA,Schweiz,Schweiz,BS,Am Ring,europe,Lithuania,basel,Am Ring
2025-3,Zuzug,2025,3,Ausländer,M,36,Europa (ohne Schweiz),Spanien,NA,NA,Schweiz,Schweiz,BS,St. Johann,europe,Spain,basel,St. Johann
2025-3,Zuzug,2025,3,Ausländer,W,36,Schweiz,Schweiz,BE,NA,Schweiz,Schweiz,BS,Rosental,switzerland,Bern,basel,Rosental
2025-3,Wegzug,2025,3,Ausländer,M,36,Schweiz,Schweiz,BS,Riehen,NA,NA,NA,NA,basel,Riehen,NA,NA
2025-3,Wegzug,2025,3,Ausländer,M,36,Schweiz,Schweiz,BS,Breite,Nordamerika,Vereinigte Staaten von Amerika,Ausland,NA,basel,Breite,world,United States of America
2025-3,Wegzug,2025,3,Schweizer,W,36,Schweiz,Schweiz,BS,Gundeldingen,Schweiz,Schweiz,BL,NA,basel,Gundeldingen,switzerland,Basel-Landschaft
2025-3,Wegzug,2025,3,Ausländer,M,36,Schweiz,Schweiz,BS,Bachletten,Europa (ohne Schweiz),Ungarn,Ausland,NA,basel,Bachletten,europe,Hungary
2025-3,Wegzug,2025,3,Ausländer,M,36,Schweiz,Schweiz,BS,St. Alban,Nordamerika,Vereinigte Staaten von Amerika,Ausland,NA,basel,St. Alban,world,United States of America
2025-3,Wegzug,2025,3,Ausländer,M,36,Schweiz,Schweiz,BS,Matthäus,Schweiz,Schweiz,BL,NA,basel,Matthäus,switzerland,Basel-Landschaft
2025-3,Wegzug,2025,3,Schweizer,M,36,Schweiz,Schweiz,BS,Am Ring,Schweiz,Schweiz,BL,NA,basel,Am Ring,switzerland,Basel-Landschaft
2025-3,Wegzug,2025,3,Schweizer,W,36,Schweiz,Schweiz,BS,Matthäus,Schweiz,Schweiz,ZH,NA,basel,Matthäus,switzerland,Zürich
2025-3,Wegzug,2025,3,Schweizer,W,36,Schweiz,Schweiz,BS,St. Alban,Schweiz,Schweiz,BL,NA,basel,St. Alban,switzerland,Basel-Landschaft
2025-3,Wegzug,2025,3,Ausländer,M,36,Schweiz,Schweiz,BS,Kleinhüningen,Europa (ohne Schweiz),Deutschland,Ausland,NA,basel,Kleinhüningen,europe,Germany
2025-3,Wegzug,2025,3,Ausländer,W,36,Schweiz,Schweiz,BS,Altstadt Kleinbasel,Europa (ohne Schweiz),Deutschland,Ausland,NA,basel,Altstadt Kleinbasel,europe,Germany
2025-3,Wegzug,2025,3,Ausländer,W,36,Schweiz,Schweiz,BS,Am Ring,Schweiz,Schweiz,BL,NA,basel,Am Ring,switzerland,Basel-Landschaft
2025-3,Zuzug,2025,3,Ausländer,M,36,Europa (ohne Schweiz),Deutschland,NA,NA,Schweiz,Schweiz,BS,Breite,europe,Germany,basel,Breite
2025-3,Zuzug,2025,3,Ausländer,W,36,Asien,China,NA,NA,Schweiz,Schweiz,BS,Rosental,world,China,basel,Rosental
2025-3,Zuzug,2025,3,Ausländer,M,36,Schweiz,Schweiz,AG,NA,Schweiz,Schweiz,BS,Kleinhüningen,switzerland,Aargau,basel,Kleinhüningen
2025-3,Zuzug,2025,3,Ausländer,W,36,Asien,Indien,NA,NA,Schweiz,Schweiz,BS,Altstadt Grossbasel,world,India,basel,Altstadt Grossbasel
2025-3,Zuzug,2025,3,Ausländer,M,36,Schweiz,Schweiz,BL,NA,Schweiz,Schweiz,BS,St. Johann,switzerland,Basel-Landschaft,basel,St. Johann
2025-3,Zuzug,2025,3,Schweizer,W,36,Schweiz,Schweiz,BE,NA,Schweiz,Schweiz,BS,Gundeldingen,switzerland,Bern,basel,Gundeldingen
2025-3,Zuzug,2025,3,Ausländer,M,36,Schweiz,Schweiz,TG,NA,Schweiz,Schweiz,BS,Am Ring,switzerland,Thurgau,basel,Am Ring
2025-3,Zuzug,2025,3,Ausländer,M,36,Schweiz,Schweiz,ZH,NA,Schweiz,Schweiz,BS,Breite,switzerland,Zürich,basel,Breite
2025-3,Zuzug,2025,3,Ausländer,W,36,Europa (ohne Schweiz),Finnland,NA,NA,Schweiz,Schweiz,BS,Bruderholz,europe,Finland,basel,Bruderholz
2025-3,Zuzug,2025,3,Ausländer,W,36,Schweiz,Schweiz,SG,NA,Schweiz,Schweiz,BS,Riehen,switzerland,St. Gallen,basel,Riehen
2025-3,Wegzug,2025,3,Schweizer,M,36,Schweiz,Schweiz,BS,Matthäus,Schweiz,Schweiz,GE,NA,basel,Matthäus,switzerland,Genève
2025-3,Wegzug,2025,3,Ausländer,M,36,Schweiz,Schweiz,BS,Breite,Nordamerika,Vereinigte Staaten von Amerika,Ausland,NA,basel,Breite,world,United States of America
2025-3,Wegzug,2025,3,Ausländer,M,36,Schweiz,Schweiz,BS,St. Johann,Asien,Indien,Ausland,NA,basel,St. Johann,world,India
2025-3,Wegzug,2025,3,Ausländer,M,36,Schweiz,Schweiz,BS,Altstadt Kleinbasel,Schweiz,Schweiz,BL,NA,basel,Altstadt Kleinbasel,switzerland,Basel-Landschaft
2025-3,Wegzug,2025,3,Ausländer,M,36,Schweiz,Schweiz,BS,Am Ring,Schweiz,Schweiz,SO,NA,basel,Am Ring,switzerland,Solothurn
2025-3,Wegzug,2025,3,Ausländer,W,36,Schweiz,Schweiz,BS,Matthäus,Europa (ohne Schweiz),Deutschland,Ausland,NA,basel,Matthäus,europe,Germany
2025-3,Wegzug,2025,3,Ausländer,M,36,Schweiz,Schweiz,BS,Breite,Asien,Vereinigte Arabische Emirate,Ausland,NA,basel,Breite,world,United Arab Emirates
2025-3,Wegzug,2025,3,Ausländer,M,36,Schweiz,Schweiz,BS,Rosental,Europa (ohne Schweiz),Deutschland,Ausland,NA,basel,Rosental,europe,Germany
2025-3,Wegzug,2025,3,Ausländer,W,36,Schweiz,Schweiz,BS,Bruderholz,Europa (ohne Schweiz),Italien,Ausland,NA,basel,Bruderholz,europe,Italy
2025-3,Wegzug,2025,3,Ausländer,M,36,Schweiz,Schweiz,BS,Clara,Schweiz,Schweiz,AG,NA,basel,Clara,switzerland,Aargau
2025-3,Wegzug,2025,3,Ausländer,W,36,Schweiz,Schweiz,BS,Wettstein,Schweiz,Schweiz,BL,NA,basel,Wettstein,switzerland,Basel-Landschaft
2025-3,Wegzug,2025,3,Ausländer,W,36,Schweiz,Schweiz,BS,Matthäus,Schweiz,Schweiz,ZH,NA,basel,Matthäus,switzerland,Zürich
2025-3,Wegzug,2025,3,Schweizer,M,36,Schweiz,Schweiz,BS,Breite,Schweiz,Schweiz,AG,NA,basel,Breite,switzerland,Aargau
2025-3,Wegzug,2025,3,Ausländer,M,36,Schweiz,Schweiz,BS,Matthäus,Europa (ohne Schweiz),Deutschland,Ausland,NA,basel,Matthäus,europe,Germany
2025-3,Wegzug,2025,3,Ausländer,M,36,Schweiz,Schweiz,BS,Gundeldingen,Schweiz,Schweiz,ZH,NA,basel,Gundeldingen,switzerland,Zürich
2025-3,Wegzug,2025,3,Ausländer,M,36,Schweiz,Schweiz,BS,Altstadt Grossbasel,Europa (ohne Schweiz),Spanien,Ausland,NA,basel,Altstadt Grossbasel,europe,Spain
2025-3,Wegzug,2025,3,Ausländer,W,36,Schweiz,Schweiz,BS,Matthäus,Europa (ohne Schweiz),Spanien,Ausland,NA,basel,Matthäus,europe,Spain
2025-3,Zuzug,2025,3,Schweizer,M,36,Schweiz,Schweiz,BL,NA,Schweiz,Schweiz,BS,Riehen,switzerland,Basel-Landschaft,basel,Riehen
2025-3,Zuzug,2025,3,Ausländer,M,36,Europa (ohne Schweiz),Nordmazedonien,NA,NA,Schweiz,Schweiz,BS,Breite,europe,North Macedonia,basel,Breite
2025-3,Zuzug,2025,3,Schweizer,W,36,Schweiz,Schweiz,BE,NA,Schweiz,Schweiz,BS,Wettstein,switzerland,Bern,basel,Wettstein
2025-3,Zuzug,2025,3,Ausländer,M,36,Schweiz,Schweiz,SO,NA,Schweiz,Schweiz,BS,Riehen,switzerland,Solothurn,basel,Riehen
2025-3,Zuzug,2025,3,Ausländer,M,36,Europa (ohne Schweiz),Ungarn,NA,NA,Schweiz,Schweiz,BS,Matthäus,europe,Hungary,basel,Matthäus
2025-3,Zuzug,2025,3,Ausländer,M,36,Europa (ohne Schweiz),Deutschland,NA,NA,Schweiz,Schweiz,BS,Rosental,europe,Germany,basel,Rosental
2025-3,Zuzug,2025,3,Ausländer,M,36,Europa (ohne Schweiz),Frankreich,NA,NA,Schweiz,Schweiz,BS,St. Alban,europe,France,basel,St. Alban
2025-3,Zuzug,2025,3,Ausländer,M,36,Europa (ohne Schweiz),Irland,NA,NA,Schweiz,Schweiz,BS,Am Ring,europe,Ireland,basel,Am Ring
2025-3,Zuzug,2025,3,Ausländer,W,36,Europa (ohne Schweiz),Deutschland,NA,NA,Schweiz,Schweiz,BS,St. Johann,europe,Germany,basel,St. Johann
2025-3,Zuzug,2025,3,Ausländer,W,37,Europa (ohne Schweiz),Ungarn,NA,NA,Schweiz,Schweiz,BS,Gundeldingen,europe,Hungary,basel,Gundeldingen
2025-3,Zuzug,2025,3,Ausländer,M,37,Lateinamerika und Karibik,Brasilien,NA,NA,Schweiz,Schweiz,BS,St. Johann,world,Brazil,basel,St. Johann
2025-3,Zuzug,2025,3,Ausländer,M,37,Europa (ohne Schweiz),Grossbritannien,NA,NA,Schweiz,Schweiz,BS,Gotthelf,europe,United Kingdom,basel,Gotthelf
2025-3,Zuzug,2025,3,Schweizer,M,37,Schweiz,Schweiz,VS,NA,Schweiz,Schweiz,BS,Am Ring,switzerland,Valais,basel,Am Ring
2025-3,Zuzug,2025,3,Schweizer,M,37,Schweiz,Schweiz,ZH,NA,Schweiz,Schweiz,BS,Vorstädte,switzerland,Zürich,basel,Vorstädte
2025-3,Zuzug,2025,3,Ausländer,W,37,Schweiz,Schweiz,TI,NA,Schweiz,Schweiz,BS,Gundeldingen,switzerland,Ticino,basel,Gundeldingen
2025-3,Zuzug,2025,3,Ausländer,M,37,Schweiz,Schweiz,ZH,NA,Schweiz,Schweiz,BS,Wettstein,switzerland,Zürich,basel,Wettstein
2025-3,Wegzug,2025,3,Schweizer,M,37,Schweiz,Schweiz,BS,Iselin,Europa (ohne Schweiz),Irland,Ausland,NA,basel,Iselin,europe,Ireland
2025-3,Wegzug,2025,3,Ausländer,M,37,Schweiz,Schweiz,BS,Clara,Schweiz,Schweiz,BL,NA,basel,Clara,switzerland,Basel-Landschaft
2025-3,Wegzug,2025,3,Ausländer,M,37,Schweiz,Schweiz,BS,Gundeldingen,Schweiz,Schweiz,ZH,NA,basel,Gundeldingen,switzerland,Zürich
2025-3,Zuzug,2025,3,Ausländer,M,37,Afrika,Tunesien,NA,NA,Schweiz,Schweiz,BS,Matthäus,world,Tunisia,basel,Matthäus
2025-3,Zuzug,2025,3,Ausländer,M,37,Europa (ohne Schweiz),Türkei,NA,NA,Schweiz,Schweiz,BS,Matthäus,world,Turkey,basel,Matthäus
2025-3,Zuzug,2025,3,Schweizer,M,37,Schweiz,Schweiz,VS,NA,Schweiz,Schweiz,BS,Riehen,switzerland,Valais,basel,Riehen
2025-3,Zuzug,2025,3,Ausländer,M,37,Europa (ohne Schweiz),Deutschland,NA,NA,Schweiz,Schweiz,BS,Bachletten,europe,Germany,basel,Bachletten
2025-3,Zuzug,2025,3,Ausländer,M,37,Europa (ohne Schweiz),Niederlande,NA,NA,Schweiz,Schweiz,BS,Bruderholz,europe,Netherlands,basel,Bruderholz
2025-3,Zuzug,2025,3,Ausländer,M,37,Schweiz,Schweiz,ZH,NA,Schweiz,Schweiz,BS,St. Alban,switzerland,Zürich,basel,St. Alban
2025-3,Zuzug,2025,3,Ausländer,W,37,Schweiz,Schweiz,ZH,NA,Schweiz,Schweiz,BS,Matthäus,switzerland,Zürich,basel,Matthäus
2025-3,Zuzug,2025,3,Ausländer,M,37,Afrika,Nigeria,NA,NA,Schweiz,Schweiz,BS,Am Ring,world,Nigeria,basel,Am Ring
2025-3,Zuzug,2025,3,Schweizer,W,37,Schweiz,Schweiz,ZH,NA,Schweiz,Schweiz,BS,Wettstein,switzerland,Zürich,basel,Wettstein
2025-3,Wegzug,2025,3,Ausländer,W,37,Schweiz,Schweiz,BS,Kleinhüningen,Europa (ohne Schweiz),Deutschland,Ausland,NA,basel,Kleinhüningen,europe,Germany
2025-3,Wegzug,2025,3,Ausländer,W,37,Schweiz,Schweiz,BS,St. Johann,Europa (ohne Schweiz),Deutschland,Ausland,NA,basel,St. Johann,europe,Germany
2025-3,Wegzug,2025,3,Ausländer,W,37,Schweiz,Schweiz,BS,Iselin,Europa (ohne Schweiz),Deutschland,Ausland,NA,basel,Iselin,europe,Germany
2025-3,Wegzug,2025,3,Ausländer,M,37,Schweiz,Schweiz,BS,St. Johann,Europa (ohne Schweiz),Frankreich,Ausland,NA,basel,St. Johann,europe,France
2025-3,Wegzug,2025,3,Ausländer,W,37,Schweiz,Schweiz,BS,St. Alban,Asien,Japan,Ausland,NA,basel,St. Alban,world,Japan
2025-3,Wegzug,2025,3,Ausländer,W,37,Schweiz,Schweiz,BS,Rosental,Schweiz,Schweiz,BL,NA,basel,Rosental,switzerland,Basel-Landschaft
2025-3,Wegzug,2025,3,Schweizer,M,37,Schweiz,Schweiz,BS,St. Johann,Schweiz,Schweiz,LU,NA,basel,St. Johann,switzerland,Luzern
2025-3,Wegzug,2025,3,Schweizer,M,37,Schweiz,Schweiz,BS,Matthäus,NA,NA,NA,NA,basel,Matthäus,NA,NA
2025-3,Wegzug,2025,3,Schweizer,M,37,Schweiz,Schweiz,BS,St. Johann,Schweiz,Schweiz,BL,NA,basel,St. Johann,switzerland,Basel-Landschaft
2025-3,Wegzug,2025,3,Schweizer,M,37,Schweiz,Schweiz,BS,Clara,Schweiz,Schweiz,LU,NA,basel,Clara,switzerland,Luzern
2025-3,Wegzug,2025,3,Ausländer,M,37,Schweiz,Schweiz,BS,Bachletten,Europa (ohne Schweiz),Polen,Ausland,NA,basel,Bachletten,europe,Poland
2025-3,Wegzug,2025,3,Schweizer,W,37,Schweiz,Schweiz,BS,St. Johann,Asien,Singapur,Ausland,NA,basel,St. Johann,world,Malaysia
2025-3,Wegzug,2025,3,Schweizer,W,37,Schweiz,Schweiz,BS,Gundeldingen,Schweiz,Schweiz,TI,NA,basel,Gundeldingen,switzerland,Ticino
2025-3,Wegzug,2025,3,Schweizer,W,37,Schweiz,Schweiz,BS,Iselin,Europa (ohne Schweiz),Irland,Ausland,NA,basel,Iselin,europe,Ireland
2025-3,Wegzug,2025,3,Schweizer,W,37,Schweiz,Schweiz,BS,Iselin,Schweiz,Schweiz,AG,NA,basel,Iselin,switzerland,Aargau
2025-3,Zuzug,2025,3,Schweizer,W,37,Schweiz,Schweiz,ZH,NA,Schweiz,Schweiz,BS,Riehen,switzerland,Zürich,basel,Riehen
2025-3,Zuzug,2025,3,Schweizer,W,37,Schweiz,Schweiz,SO,NA,Schweiz,Schweiz,BS,Riehen,switzerland,Solothurn,basel,Riehen
2025-3,Zuzug,2025,3,Ausländer,M,37,Europa (ohne Schweiz),Deutschland,NA,NA,Schweiz,Schweiz,BS,Matthäus,europe,Germany,basel,Matthäus
2025-3,Zuzug,2025,3,Ausländer,M,37,Lateinamerika und Karibik,Brasilien,NA,NA,Schweiz,Schweiz,BS,Gundeldingen,world,Brazil,basel,Gundeldingen
2025-3,Zuzug,2025,3,Ausländer,M,37,Schweiz,Schweiz,ZH,NA,Schweiz,Schweiz,BS,St. Johann,switzerland,Zürich,basel,St. Johann
2025-3,Zuzug,2025,3,Ausländer,W,37,Schweiz,Schweiz,TG,NA,Schweiz,Schweiz,BS,Am Ring,switzerland,Thurgau,basel,Am Ring
2025-3,Zuzug,2025,3,Schweizer,M,37,Lateinamerika und Karibik,Chile,NA,NA,Schweiz,Schweiz,BS,Rosental,world,Chile,basel,Rosental
2025-3,Zuzug,2025,3,Schweizer,M,37,Schweiz,Schweiz,BL,NA,Schweiz,Schweiz,BS,Riehen,switzerland,Basel-Landschaft,basel,Riehen
2025-3,Zuzug,2025,3,Schweizer,M,37,Schweiz,Schweiz,BL,NA,Schweiz,Schweiz,BS,Am Ring,switzerland,Basel-Landschaft,basel,Am Ring
2025-3,Zuzug,2025,3,Ausländer,W,37,Europa (ohne Schweiz),Deutschland,NA,NA,Schweiz,Schweiz,BS,Riehen,europe,Germany,basel,Riehen
2025-3,Zuzug,2025,3,Ausländer,M,37,Europa (ohne Schweiz),Deutschland,NA,NA,Schweiz,Schweiz,BS,Matthäus,europe,Germany,basel,Matthäus
2025-3,Zuzug,2025,3,Ausländer,M,38,Asien,China,NA,NA,Schweiz,Schweiz,BS,Am Ring,world,China,basel,Am Ring
2025-3,Zuzug,2025,3,Schweizer,M,38,Europa (ohne Schweiz),Deutschland,NA,NA,Schweiz,Schweiz,BS,Gundeldingen,europe,Germany,basel,Gundeldingen
2025-3,Zuzug,2025,3,Schweizer,M,38,Schweiz,Schweiz,ZH,NA,Schweiz,Schweiz,BS,Gundeldingen,switzerland,Zürich,basel,Gundeldingen
2025-3,Zuzug,2025,3,Schweizer,W,38,Schweiz,Schweiz,VS,NA,Schweiz,Schweiz,BS,Riehen,switzerland,Valais,basel,Riehen
2025-3,Zuzug,2025,3,Ausländer,M,38,Europa (ohne Schweiz),Deutschland,NA,NA,Schweiz,Schweiz,BS,Clara,europe,Germany,basel,Clara
2025-3,Zuzug,2025,3,Ausländer,M,38,Europa (ohne Schweiz),Deutschland,NA,NA,Schweiz,Schweiz,BS,Am Ring,europe,Germany,basel,Am Ring
2025-3,Zuzug,2025,3,Ausländer,M,38,Schweiz,Schweiz,SO,NA,Schweiz,Schweiz,BS,Klybeck,switzerland,Solothurn,basel,Klybeck
2025-3,Zuzug,2025,3,Ausländer,M,38,Europa (ohne Schweiz),Italien,NA,NA,Schweiz,Schweiz,BS,Gundeldingen,europe,Italy,basel,Gundeldingen
2025-3,Zuzug,2025,3,Ausländer,M,38,Schweiz,Schweiz,BL,NA,Schweiz,Schweiz,BS,Breite,switzerland,Basel-Landschaft,basel,Breite
2025-3,Zuzug,2025,3,Ausländer,M,38,Schweiz,Schweiz,SG,NA,Schweiz,Schweiz,BS,Riehen,switzerland,St. Gallen,basel,Riehen
2025-3,Zuzug,2025,3,Ausländer,W,38,Europa (ohne Schweiz),Deutschland,NA,NA,Schweiz,Schweiz,BS,St. Johann,europe,Germany,basel,St. Johann
2025-3,Wegzug,2025,3,Ausländer,M,38,Schweiz,Schweiz,BS,Am Ring,Schweiz,Schweiz,JU,NA,basel,Am Ring,switzerland,Jura
2025-3,Wegzug,2025,3,Schweizer,W,38,Schweiz,Schweiz,BS,Gundeldingen,Schweiz,Schweiz,TI,NA,basel,Gundeldingen,switzerland,Ticino
2025-3,Wegzug,2025,3,Ausländer,M,38,Schweiz,Schweiz,BS,Gundeldingen,Europa (ohne Schweiz),Spanien,Ausland,NA,basel,Gundeldingen,europe,Spain
2025-3,Wegzug,2025,3,Ausländer,M,38,Schweiz,Schweiz,BS,Clara,Europa (ohne Schweiz),Deutschland,Ausland,NA,basel,Clara,europe,Germany
2025-3,Zuzug,2025,3,Ausländer,M,38,Europa (ohne Schweiz),Deutschland,NA,NA,Schweiz,Schweiz,BS,Gundeldingen,europe,Germany,basel,Gundeldingen
2025-3,Zuzug,2025,3,Ausländer,M,38,Schweiz,Schweiz,BL,NA,Schweiz,Schweiz,BS,St. Johann,switzerland,Basel-Landschaft,basel,St. Johann
2025-3,Zuzug,2025,3,Ausländer,M,38,Schweiz,Schweiz,AG,NA,Schweiz,Schweiz,BS,Altstadt Grossbasel,switzerland,Aargau,basel,Altstadt Grossbasel
2025-3,Zuzug,2025,3,Ausländer,M,38,Europa (ohne Schweiz),Grossbritannien,NA,NA,Schweiz,Schweiz,BS,Hirzbrunnen,europe,United Kingdom,basel,Hirzbrunnen
2025-3,Zuzug,2025,3,Ausländer,W,38,Schweiz,Schweiz,ZH,NA,Schweiz,Schweiz,BS,Hirzbrunnen,switzerland,Zürich,basel,Hirzbrunnen
2025-3,Zuzug,2025,3,Schweizer,M,38,Schweiz,Schweiz,BE,NA,Schweiz,Schweiz,BS,St. Johann,switzerland,Bern,basel,St. Johann
2025-3,Wegzug,2025,3,Ausländer,M,38,Schweiz,Schweiz,BS,Iselin,Europa (ohne Schweiz),Grossbritannien,Ausland,NA,basel,Iselin,europe,United Kingdom
2025-3,Wegzug,2025,3,Ausländer,W,38,Schweiz,Schweiz,BS,Matthäus,Schweiz,Schweiz,BL,NA,basel,Matthäus,switzerland,Basel-Landschaft
2025-3,Wegzug,2025,3,Schweizer,M,38,Schweiz,Schweiz,BS,Vorstädte,Schweiz,Schweiz,BE,NA,basel,Vorstädte,switzerland,Bern
2025-3,Wegzug,2025,3,Schweizer,M,38,Schweiz,Schweiz,BS,Matthäus,Schweiz,Schweiz,BL,NA,basel,Matthäus,switzerland,Basel-Landschaft
2025-3,Wegzug,2025,3,Schweizer,M,38,Schweiz,Schweiz,BS,Matthäus,Schweiz,Schweiz,ZH,NA,basel,Matthäus,switzerland,Zürich
2025-3,Wegzug,2025,3,Schweizer,W,38,Schweiz,Schweiz,BS,Am Ring,Schweiz,Schweiz,SO,NA,basel,Am Ring,switzerland,Solothurn
2025-3,Wegzug,2025,3,Schweizer,M,38,Schweiz,Schweiz,BS,Hirzbrunnen,Schweiz,Schweiz,BL,NA,basel,Hirzbrunnen,switzerland,Basel-Landschaft
2025-3,Zuzug,2025,3,Ausländer,M,38,Europa (ohne Schweiz),Oesterreich,NA,NA,Schweiz,Schweiz,BS,Klybeck,europe,Austria,basel,Klybeck
2025-3,Zuzug,2025,3,Ausländer,W,38,Europa (ohne Schweiz),Deutschland,NA,NA,Schweiz,Schweiz,BS,Hirzbrunnen,europe,Germany,basel,Hirzbrunnen
2025-3,Zuzug,2025,3,Ausländer,W,38,Asien,Philippinen,NA,NA,Schweiz,Schweiz,BS,Vorstädte,world,Philippines,basel,Vorstädte
2025-3,Zuzug,2025,3,Ausländer,M,38,Europa (ohne Schweiz),Moldawien,NA,NA,Schweiz,Schweiz,BS,Am Ring,europe,Moldova,basel,Am Ring
2025-3,Zuzug,2025,3,Ausländer,M,38,Europa (ohne Schweiz),Ungarn,NA,NA,Schweiz,Schweiz,BS,Hirzbrunnen,europe,Hungary,basel,Hirzbrunnen
2025-3,Zuzug,2025,3,Schweizer,W,38,Schweiz,Schweiz,BL,NA,Schweiz,Schweiz,BS,Riehen,switzerland,Basel-Landschaft,basel,Riehen
2025-3,Zuzug,2025,3,Ausländer,W,39,Schweiz,Schweiz,ZH,NA,Schweiz,Schweiz,BS,Gundeldingen,switzerland,Zürich,basel,Gundeldingen
2025-3,Zuzug,2025,3,Ausländer,W,39,Europa (ohne Schweiz),Türkei,NA,NA,Schweiz,Schweiz,BS,Altstadt Grossbasel,world,Turkey,basel,Altstadt Grossbasel
2025-3,Zuzug,2025,3,Ausländer,M,39,Schweiz,Schweiz,AG,NA,Schweiz,Schweiz,BS,St. Johann,switzerland,Aargau,basel,St. Johann
2025-3,Zuzug,2025,3,Ausländer,M,39,Schweiz,Schweiz,BL,NA,Schweiz,Schweiz,BS,Bachletten,switzerland,Basel-Landschaft,basel,Bachletten
2025-3,Zuzug,2025,3,Schweizer,W,39,Europa (ohne Schweiz),Griechenland,NA,NA,Schweiz,Schweiz,BS,Gotthelf,europe,Greece,basel,Gotthelf
2025-3,Wegzug,2025,3,Ausländer,M,39,Schweiz,Schweiz,BS,Bachletten,Schweiz,Schweiz,SO,NA,basel,Bachletten,switzerland,Solothurn
2025-3,Wegzug,2025,3,Schweizer,M,39,Schweiz,Schweiz,BS,Am Ring,Schweiz,Schweiz,SO,NA,basel,Am Ring,switzerland,Solothurn
2025-3,Wegzug,2025,3,Ausländer,M,39,Schweiz,Schweiz,BS,Breite,Schweiz,Schweiz,JU,NA,basel,Breite,switzerland,Jura
2025-3,Wegzug,2025,3,Ausländer,W,39,Schweiz,Schweiz,BS,Iselin,Schweiz,Schweiz,VD,NA,basel,Iselin,switzerland,Vaud
2025-3,Wegzug,2025,3,Ausländer,M,39,Schweiz,Schweiz,BS,Vorstädte,Schweiz,Schweiz,BL,NA,basel,Vorstädte,switzerland,Basel-Landschaft
2025-3,Wegzug,2025,3,Schweizer,M,39,Schweiz,Schweiz,BS,Gundeldingen,Schweiz,Schweiz,TI,NA,basel,Gundeldingen,switzerland,Ticino
2025-3,Zuzug,2025,3,Ausländer,W,39,Schweiz,Schweiz,BL,NA,Schweiz,Schweiz,BS,Bachletten,switzerland,Basel-Landschaft,basel,Bachletten
2025-3,Zuzug,2025,3,Ausländer,W,39,Afrika,Mosambik,NA,NA,Schweiz,Schweiz,BS,Gundeldingen,world,Mozambique,basel,Gundeldingen
2025-3,Zuzug,2025,3,Ausländer,M,39,Asien,Philippinen,NA,NA,Schweiz,Schweiz,BS,St. Johann,world,Philippines,basel,St. Johann
2025-3,Zuzug,2025,3,Ausländer,M,39,Europa (ohne Schweiz),Finnland,NA,NA,Schweiz,Schweiz,BS,Bruderholz,europe,Finland,basel,Bruderholz
2025-3,Zuzug,2025,3,Schweizer,M,39,Schweiz,Schweiz,BL,NA,Schweiz,Schweiz,BS,St. Johann,switzerland,Basel-Landschaft,basel,St. Johann
2025-3,Wegzug,2025,3,Ausländer,M,39,Schweiz,Schweiz,BS,Bachletten,Europa (ohne Schweiz),Spanien,Ausland,NA,basel,Bachletten,europe,Spain
2025-3,Wegzug,2025,3,Schweizer,W,39,Schweiz,Schweiz,BS,St. Johann,Schweiz,Schweiz,ZH,NA,basel,St. Johann,switzerland,Zürich
2025-3,Wegzug,2025,3,Ausländer,W,39,Schweiz,Schweiz,BS,St. Johann,Schweiz,Schweiz,BL,NA,basel,St. Johann,switzerland,Basel-Landschaft
2025-3,Wegzug,2025,3,Schweizer,M,39,Schweiz,Schweiz,BS,Bachletten,Schweiz,Schweiz,SO,NA,basel,Bachletten,switzerland,Solothurn
2025-3,Wegzug,2025,3,Ausländer,W,39,Schweiz,Schweiz,BS,Matthäus,Schweiz,Schweiz,BL,NA,basel,Matthäus,switzerland,Basel-Landschaft
2025-3,Wegzug,2025,3,Ausländer,M,39,Schweiz,Schweiz,BS,Riehen,Europa (ohne Schweiz),Frankreich,Ausland,NA,basel,Riehen,europe,France
2025-3,Wegzug,2025,3,Ausländer,W,39,Schweiz,Schweiz,BS,Am Ring,Schweiz,Schweiz,BE,NA,basel,Am Ring,switzerland,Bern
2025-3,Wegzug,2025,3,Schweizer,M,39,Schweiz,Schweiz,BS,St. Johann,Asien,Singapur,Ausland,NA,basel,St. Johann,world,Malaysia
2025-3,Wegzug,2025,3,Ausländer,M,39,Schweiz,Schweiz,BS,Klybeck,Schweiz,Schweiz,JU,NA,basel,Klybeck,switzerland,Jura
2025-3,Wegzug,2025,3,Ausländer,W,39,Schweiz,Schweiz,BS,Matthäus,Schweiz,Schweiz,BL,NA,basel,Matthäus,switzerland,Basel-Landschaft
2025-3,Wegzug,2025,3,Ausländer,M,39,Schweiz,Schweiz,BS,Rosental,Europa (ohne Schweiz),Polen,Ausland,NA,basel,Rosental,europe,Poland
2025-3,Wegzug,2025,3,Schweizer,M,39,Schweiz,Schweiz,BS,Riehen,Schweiz,Schweiz,BL,NA,basel,Riehen,switzerland,Basel-Landschaft
2025-3,Zuzug,2025,3,Ausländer,W,39,Lateinamerika und Karibik,Brasilien,NA,NA,Schweiz,Schweiz,BS,Am Ring,world,Brazil,basel,Am Ring
2025-3,Zuzug,2025,3,Ausländer,W,39,Europa (ohne Schweiz),Frankreich,NA,NA,Schweiz,Schweiz,BS,Breite,europe,France,basel,Breite
2025-3,Zuzug,2025,3,Ausländer,W,39,Afrika,Kenia,NA,NA,Schweiz,Schweiz,BS,Iselin,world,Kenya,basel,Iselin
2025-3,Zuzug,2025,3,Ausländer,W,39,Europa (ohne Schweiz),Spanien,NA,NA,Schweiz,Schweiz,BS,Rosental,europe,Spain,basel,Rosental
2025-3,Zuzug,2025,3,Ausländer,M,39,Schweiz,Schweiz,ZH,NA,Schweiz,Schweiz,BS,Gundeldingen,switzerland,Zürich,basel,Gundeldingen
2025-3,Zuzug,2025,3,Schweizer,W,39,Schweiz,Schweiz,BL,NA,Schweiz,Schweiz,BS,Iselin,switzerland,Basel-Landschaft,basel,Iselin
2025-3,Zuzug,2025,3,Schweizer,W,39,Schweiz,Schweiz,LU,NA,Schweiz,Schweiz,BS,St. Alban,switzerland,Luzern,basel,St. Alban
2025-3,Zuzug,2025,3,Ausländer,W,39,Europa (ohne Schweiz),Finnland,NA,NA,Schweiz,Schweiz,BS,Matthäus,europe,Finland,basel,Matthäus
2025-3,Zuzug,2025,3,Ausländer,W,39,Europa (ohne Schweiz),Oesterreich,NA,NA,Schweiz,Schweiz,BS,St. Johann,europe,Austria,basel,St. Johann
2025-3,Zuzug,2025,3,Ausländer,M,40,Europa (ohne Schweiz),Deutschland,NA,NA,Schweiz,Schweiz,BS,Riehen,europe,Germany,basel,Riehen
2025-3,Wegzug,2025,3,Schweizer,M,40,Schweiz,Schweiz,BS,Matthäus,Schweiz,Schweiz,ZH,NA,basel,Matthäus,switzerland,Zürich
2025-3,Wegzug,2025,3,Ausländer,M,40,Schweiz,Schweiz,BS,Clara,Asien,Indien,Ausland,NA,basel,Clara,world,India
2025-3,Wegzug,2025,3,Ausländer,M,40,Schweiz,Schweiz,BS,Hirzbrunnen,Europa (ohne Schweiz),Deutschland,Ausland,NA,basel,Hirzbrunnen,europe,Germany
2025-3,Wegzug,2025,3,Ausländer,M,40,Schweiz,Schweiz,BS,St. Alban,Asien,Japan,Ausland,NA,basel,St. Alban,world,Japan
2025-3,Wegzug,2025,3,Ausländer,M,40,Schweiz,Schweiz,BS,Riehen,Europa (ohne Schweiz),Deutschland,Ausland,NA,basel,Riehen,europe,Germany
2025-3,Wegzug,2025,3,Schweizer,M,40,Schweiz,Schweiz,BS,Gotthelf,Schweiz,Schweiz,BL,NA,basel,Gotthelf,switzerland,Basel-Landschaft
2025-3,Wegzug,2025,3,Schweizer,W,40,Schweiz,Schweiz,BS,Gundeldingen,Lateinamerika und Karibik,Brasilien,Ausland,NA,basel,Gundeldingen,world,Brazil
2025-3,Wegzug,2025,3,Ausländer,W,40,Schweiz,Schweiz,BS,Rosental,Europa (ohne Schweiz),Portugal,Ausland,NA,basel,Rosental,europe,Portugal
2025-3,Wegzug,2025,3,Schweizer,W,40,Schweiz,Schweiz,BS,Matthäus,NA,NA,NA,NA,basel,Matthäus,NA,NA
2025-3,Zuzug,2025,3,Ausländer,M,40,Europa (ohne Schweiz),Italien,NA,NA,Schweiz,Schweiz,BS,Gundeldingen,europe,Italy,basel,Gundeldingen
2025-3,Zuzug,2025,3,Ausländer,M,40,Schweiz,Schweiz,ZH,NA,Schweiz,Schweiz,BS,Clara,switzerland,Zürich,basel,Clara
2025-3,Zuzug,2025,3,Ausländer,W,40,Europa (ohne Schweiz),Frankreich,NA,NA,Schweiz,Schweiz,BS,Gundeldingen,europe,France,basel,Gundeldingen
2025-3,Zuzug,2025,3,Ausländer,M,40,Schweiz,Schweiz,BL,NA,Schweiz,Schweiz,BS,Iselin,switzerland,Basel-Landschaft,basel,Iselin
2025-3,Zuzug,2025,3,Ausländer,W,40,Europa (ohne Schweiz),Niederlande,NA,NA,Schweiz,Schweiz,BS,Gundeldingen,europe,Netherlands,basel,Gundeldingen
2025-3,Zuzug,2025,3,Ausländer,W,40,Schweiz,Schweiz,BL,NA,Schweiz,Schweiz,BS,Am Ring,switzerland,Basel-Landschaft,basel,Am Ring
2025-3,Wegzug,2025,3,Ausländer,M,40,Schweiz,Schweiz,BS,St. Johann,Lateinamerika und Karibik,Brasilien,Ausland,NA,basel,St. Johann,world,Brazil
2025-3,Wegzug,2025,3,Ausländer,M,40,Schweiz,Schweiz,BS,Rosental,Asien,Japan,Ausland,NA,basel,Rosental,world,Japan
2025-3,Wegzug,2025,3,Ausländer,M,40,Schweiz,Schweiz,BS,Matthäus,Europa (ohne Schweiz),Deutschland,Ausland,NA,basel,Matthäus,europe,Germany
2025-3,Wegzug,2025,3,Ausländer,M,40,Schweiz,Schweiz,BS,Clara,Schweiz,Schweiz,BL,NA,basel,Clara,switzerland,Basel-Landschaft
2025-3,Wegzug,2025,3,Ausländer,W,40,Schweiz,Schweiz,BS,Iselin,Europa (ohne Schweiz),Italien,Ausland,NA,basel,Iselin,europe,Italy
2025-3,Wegzug,2025,3,Ausländer,M,40,Schweiz,Schweiz,BS,Gundeldingen,Schweiz,Schweiz,BL,NA,basel,Gundeldingen,switzerland,Basel-Landschaft
2025-3,Wegzug,2025,3,Ausländer,W,40,Schweiz,Schweiz,BS,Rosental,Asien,Indien,Ausland,NA,basel,Rosental,world,India
2025-3,Wegzug,2025,3,Ausländer,W,40,Schweiz,Schweiz,BS,Am Ring,NA,NA,NA,NA,basel,Am Ring,NA,NA
2025-3,Wegzug,2025,3,Ausländer,M,40,Schweiz,Schweiz,BS,Gundeldingen,Schweiz,Schweiz,BL,NA,basel,Gundeldingen,switzerland,Basel-Landschaft
2025-3,Wegzug,2025,3,Ausländer,M,40,Schweiz,Schweiz,BS,Hirzbrunnen,Europa (ohne Schweiz),Deutschland,Ausland,NA,basel,Hirzbrunnen,europe,Germany
2025-3,Wegzug,2025,3,Ausländer,W,40,Schweiz,Schweiz,BS,Vorstädte,Schweiz,Schweiz,SO,NA,basel,Vorstädte,switzerland,Solothurn
2025-3,Zuzug,2025,3,Ausländer,M,40,Europa (ohne Schweiz),Schweden,NA,NA,Schweiz,Schweiz,BS,Matthäus,europe,Sweden,basel,Matthäus
2025-3,Zuzug,2025,3,Ausländer,M,40,Europa (ohne Schweiz),Deutschland,NA,NA,Schweiz,Schweiz,BS,Hirzbrunnen,europe,Germany,basel,Hirzbrunnen
2025-3,Zuzug,2025,3,Ausländer,W,40,Asien,Japan,NA,NA,Schweiz,Schweiz,BS,Breite,world,Japan,basel,Breite
2025-3,Zuzug,2025,3,Ausländer,M,40,Schweiz,Schweiz,ZH,NA,Schweiz,Schweiz,BS,Gotthelf,switzerland,Zürich,basel,Gotthelf
2025-3,Zuzug,2025,3,Schweizer,W,40,Schweiz,Schweiz,SO,NA,Schweiz,Schweiz,BS,Gundeldingen,switzerland,Solothurn,basel,Gundeldingen
2025-3,Zuzug,2025,3,Ausländer,W,40,Europa (ohne Schweiz),Frankreich,NA,NA,Schweiz,Schweiz,BS,Klybeck,europe,France,basel,Klybeck
2025-3,Zuzug,2025,3,Schweizer,M,40,Schweiz,Schweiz,SO,NA,Schweiz,Schweiz,BS,Wettstein,switzerland,Solothurn,basel,Wettstein
2025-3,Zuzug,2025,3,Ausländer,M,41,Asien,Indonesien,NA,NA,Schweiz,Schweiz,BS,Gundeldingen,world,Indonesia,basel,Gundeldingen
2025-3,Zuzug,2025,3,Ausländer,M,41,Asien,Indien,NA,NA,Schweiz,Schweiz,BS,St. Alban,world,India,basel,St. Alban
2025-3,Zuzug,2025,3,Ausländer,W,41,Asien,Indien,NA,NA,Schweiz,Schweiz,BS,St. Alban,world,India,basel,St. Alban
2025-3,Zuzug,2025,3,Ausländer,M,41,Europa (ohne Schweiz),Deutschland,NA,NA,Schweiz,Schweiz,BS,Bachletten,europe,Germany,basel,Bachletten
2025-3,Zuzug,2025,3,Ausländer,W,41,Europa (ohne Schweiz),Deutschland,NA,NA,Schweiz,Schweiz,BS,Iselin,europe,Germany,basel,Iselin
2025-3,Wegzug,2025,3,Ausländer,M,41,Schweiz,Schweiz,BS,Clara,Europa (ohne Schweiz),Deutschland,Ausland,NA,basel,Clara,europe,Germany
2025-3,Wegzug,2025,3,Ausländer,M,41,Schweiz,Schweiz,BS,Iselin,Schweiz,Schweiz,BL,NA,basel,Iselin,switzerland,Basel-Landschaft
2025-3,Wegzug,2025,3,Ausländer,W,41,Schweiz,Schweiz,BS,Iselin,Europa (ohne Schweiz),Russland,Ausland,NA,basel,Iselin,world,Russia
2025-3,Wegzug,2025,3,Schweizer,M,41,Schweiz,Schweiz,BS,Gotthelf,Schweiz,Schweiz,ZH,NA,basel,Gotthelf,switzerland,Zürich
2025-3,Zuzug,2025,3,Ausländer,M,41,Asien,Bangladesch,NA,NA,Schweiz,Schweiz,BS,Am Ring,world,Bangladesh,basel,Am Ring
2025-3,Zuzug,2025,3,Ausländer,M,41,Schweiz,Schweiz,ZH,NA,Schweiz,Schweiz,BS,Gundeldingen,switzerland,Zürich,basel,Gundeldingen
2025-3,Wegzug,2025,3,Schweizer,M,41,Schweiz,Schweiz,BS,Gundeldingen,Schweiz,Schweiz,BL,NA,basel,Gundeldingen,switzerland,Basel-Landschaft
2025-3,Wegzug,2025,3,Ausländer,W,41,Schweiz,Schweiz,BS,St. Johann,Afrika,Südafrika,Ausland,NA,basel,St. Johann,world,South Africa
2025-3,Wegzug,2025,3,Schweizer,M,41,Schweiz,Schweiz,BS,Vorstädte,Schweiz,Schweiz,SO,NA,basel,Vorstädte,switzerland,Solothurn
2025-3,Wegzug,2025,3,Ausländer,M,41,Schweiz,Schweiz,BS,Gundeldingen,Europa (ohne Schweiz),Italien,Ausland,NA,basel,Gundeldingen,europe,Italy
2025-3,Wegzug,2025,3,Ausländer,M,41,Schweiz,Schweiz,BS,Iselin,Europa (ohne Schweiz),Portugal,Ausland,NA,basel,Iselin,europe,Portugal
2025-3,Wegzug,2025,3,Ausländer,M,41,Schweiz,Schweiz,BS,Breite,Schweiz,Schweiz,BL,NA,basel,Breite,switzerland,Basel-Landschaft
2025-3,Wegzug,2025,3,Ausländer,M,41,Schweiz,Schweiz,BS,St. Johann,NA,NA,NA,NA,basel,St. Johann,NA,NA
2025-3,Wegzug,2025,3,Ausländer,M,41,Schweiz,Schweiz,BS,St. Johann,NA,NA,NA,NA,basel,St. Johann,NA,NA
2025-3,Wegzug,2025,3,Ausländer,W,41,Schweiz,Schweiz,BS,Gundeldingen,Europa (ohne Schweiz),Grossbritannien,Ausland,NA,basel,Gundeldingen,europe,United Kingdom
2025-3,Wegzug,2025,3,Ausländer,M,41,Schweiz,Schweiz,BS,Klybeck,Schweiz,Schweiz,BE,NA,basel,Klybeck,switzerland,Bern
2025-3,Zuzug,2025,3,Ausländer,M,41,Europa (ohne Schweiz),Deutschland,NA,NA,Schweiz,Schweiz,BS,Matthäus,europe,Germany,basel,Matthäus
2025-3,Zuzug,2025,3,Ausländer,M,41,Nordamerika,Vereinigte Staaten von Amerika,NA,NA,Schweiz,Schweiz,BS,Kleinhüningen,world,United States of America,basel,Kleinhüningen
2025-3,Zuzug,2025,3,Ausländer,M,41,Europa (ohne Schweiz),Deutschland,NA,NA,Schweiz,Schweiz,BS,St. Alban,europe,Germany,basel,St. Alban
2025-3,Zuzug,2025,3,Schweizer,W,42,Schweiz,Schweiz,BL,NA,Schweiz,Schweiz,BS,Hirzbrunnen,switzerland,Basel-Landschaft,basel,Hirzbrunnen
2025-3,Zuzug,2025,3,Ausländer,M,42,Schweiz,Schweiz,BL,NA,Schweiz,Schweiz,BS,Riehen,switzerland,Basel-Landschaft,basel,Riehen
2025-3,Zuzug,2025,3,Ausländer,M,42,Europa (ohne Schweiz),Spanien,NA,NA,Schweiz,Schweiz,BS,Matthäus,europe,Spain,basel,Matthäus
2025-3,Zuzug,2025,3,Ausländer,M,42,Europa (ohne Schweiz),Portugal,NA,NA,Schweiz,Schweiz,BS,Gundeldingen,europe,Portugal,basel,Gundeldingen
2025-3,Zuzug,2025,3,Schweizer,M,42,Schweiz,Schweiz,LU,NA,Schweiz,Schweiz,BS,Gundeldingen,switzerland,Luzern,basel,Gundeldingen
2025-3,Wegzug,2025,3,Ausländer,M,42,Schweiz,Schweiz,BS,Wettstein,Asien,Indien,Ausland,NA,basel,Wettstein,world,India
2025-3,Wegzug,2025,3,Ausländer,W,42,Schweiz,Schweiz,BS,Gundeldingen,Schweiz,Schweiz,BL,NA,basel,Gundeldingen,switzerland,Basel-Landschaft
2025-3,Wegzug,2025,3,Ausländer,M,42,Schweiz,Schweiz,BS,St. Alban,Schweiz,Schweiz,GE,NA,basel,St. Alban,switzerland,Genève
2025-3,Wegzug,2025,3,Ausländer,W,42,Schweiz,Schweiz,BS,Rosental,Schweiz,Schweiz,AG,NA,basel,Rosental,switzerland,Aargau
2025-3,Wegzug,2025,3,Ausländer,W,42,Schweiz,Schweiz,BS,Altstadt Grossbasel,Ozeanien,Australien,Ausland,NA,basel,Altstadt Grossbasel,world,Australia
2025-3,Wegzug,2025,3,Schweizer,M,42,Schweiz,Schweiz,BS,Altstadt Grossbasel,Schweiz,Schweiz,BL,NA,basel,Altstadt Grossbasel,switzerland,Basel-Landschaft
2025-3,Wegzug,2025,3,Ausländer,M,42,Schweiz,Schweiz,BS,Matthäus,Schweiz,Schweiz,BL,NA,basel,Matthäus,switzerland,Basel-Landschaft
2025-3,Zuzug,2025,3,Ausländer,M,42,Asien,Afghanistan,NA,NA,Schweiz,Schweiz,BS,St. Alban,world,Afghanistan,basel,St. Alban
2025-3,Zuzug,2025,3,Ausländer,M,42,Asien,Indien,NA,NA,Schweiz,Schweiz,BS,Clara,world,India,basel,Clara
2025-3,Zuzug,2025,3,Ausländer,M,42,Europa (ohne Schweiz),Grossbritannien,NA,NA,Schweiz,Schweiz,BS,Matthäus,europe,United Kingdom,basel,Matthäus
2025-3,Wegzug,2025,3,Ausländer,M,42,Schweiz,Schweiz,BS,Rosental,Europa (ohne Schweiz),Portugal,Ausland,NA,basel,Rosental,europe,Portugal
2025-3,Wegzug,2025,3,Ausländer,M,42,Schweiz,Schweiz,BS,Iselin,Schweiz,Schweiz,SO,NA,basel,Iselin,switzerland,Solothurn
2025-3,Wegzug,2025,3,Ausländer,W,42,Schweiz,Schweiz,BS,St. Johann,Europa (ohne Schweiz),Deutschland,Ausland,NA,basel,St. Johann,europe,Germany
2025-3,Wegzug,2025,3,Schweizer,W,42,Schweiz,Schweiz,BS,Matthäus,Schweiz,Schweiz,BL,NA,basel,Matthäus,switzerland,Basel-Landschaft
2025-3,Zuzug,2025,3,Schweizer,W,42,Schweiz,Schweiz,BL,NA,Schweiz,Schweiz,BS,Bachletten,switzerland,Basel-Landschaft,basel,Bachletten
2025-3,Zuzug,2025,3,Schweizer,W,42,Schweiz,Schweiz,BL,NA,Schweiz,Schweiz,BS,Hirzbrunnen,switzerland,Basel-Landschaft,basel,Hirzbrunnen
2025-3,Zuzug,2025,3,Ausländer,M,42,Schweiz,Schweiz,VD,NA,Schweiz,Schweiz,BS,Bachletten,switzerland,Vaud,basel,Bachletten
2025-3,Zuzug,2025,3,Ausländer,W,42,Europa (ohne Schweiz),Spanien,NA,NA,Schweiz,Schweiz,BS,Gundeldingen,europe,Spain,basel,Gundeldingen
2025-3,Zuzug,2025,3,Ausländer,W,42,Nordamerika,Vereinigte Staaten von Amerika,NA,NA,Schweiz,Schweiz,BS,Rosental,world,United States of America,basel,Rosental
2025-3,Zuzug,2025,3,Ausländer,M,42,Schweiz,Schweiz,BL,NA,Schweiz,Schweiz,BS,Bachletten,switzerland,Basel-Landschaft,basel,Bachletten
2025-3,Zuzug,2025,3,Ausländer,M,42,Schweiz,Schweiz,SZ,NA,Schweiz,Schweiz,BS,Altstadt Kleinbasel,switzerland,Schwyz,basel,Altstadt Kleinbasel
2025-3,Zuzug,2025,3,Ausländer,M,43,Europa (ohne Schweiz),Deutschland,NA,NA,Schweiz,Schweiz,BS,Altstadt Grossbasel,europe,Germany,basel,Altstadt Grossbasel
2025-3,Zuzug,2025,3,Ausländer,M,43,Europa (ohne Schweiz),Portugal,NA,NA,Schweiz,Schweiz,BS,St. Johann,europe,Portugal,basel,St. Johann
2025-3,Zuzug,2025,3,Schweizer,M,43,Schweiz,Schweiz,AG,NA,Schweiz,Schweiz,BS,Gundeldingen,switzerland,Aargau,basel,Gundeldingen
2025-3,Zuzug,2025,3,Schweizer,M,43,Nordamerika,Vereinigte Staaten von Amerika,NA,NA,Schweiz,Schweiz,BS,Klybeck,world,United States of America,basel,Klybeck
2025-3,Wegzug,2025,3,Schweizer,M,43,Schweiz,Schweiz,BS,Am Ring,Schweiz,Schweiz,BL,NA,basel,Am Ring,switzerland,Basel-Landschaft
2025-3,Wegzug,2025,3,Ausländer,W,43,Schweiz,Schweiz,BS,St. Alban,Asien,Japan,Ausland,NA,basel,St. Alban,world,Japan
2025-3,Zuzug,2025,3,Schweizer,W,43,Schweiz,Schweiz,ZH,NA,Schweiz,Schweiz,BS,Bachletten,switzerland,Zürich,basel,Bachletten
2025-3,Zuzug,2025,3,Ausländer,M,43,NA,NA,NA,NA,Schweiz,Schweiz,BS,Rosental,NA,NA,basel,Rosental
2025-3,Zuzug,2025,3,Ausländer,M,43,NA,NA,NA,NA,Schweiz,Schweiz,BS,Gundeldingen,NA,NA,basel,Gundeldingen
2025-3,Zuzug,2025,3,Schweizer,M,43,Europa (ohne Schweiz),Italien,NA,NA,Schweiz,Schweiz,BS,Riehen,europe,Italy,basel,Riehen
2025-3,Wegzug,2025,3,Schweizer,M,43,Schweiz,Schweiz,BS,Altstadt Grossbasel,Schweiz,Schweiz,BL,NA,basel,Altstadt Grossbasel,switzerland,Basel-Landschaft
2025-3,Wegzug,2025,3,Ausländer,M,43,Schweiz,Schweiz,BS,Bachletten,Europa (ohne Schweiz),Deutschland,Ausland,NA,basel,Bachletten,europe,Germany
2025-3,Wegzug,2025,3,Schweizer,W,43,Schweiz,Schweiz,BS,Iselin,Schweiz,Schweiz,LU,NA,basel,Iselin,switzerland,Luzern
2025-3,Wegzug,2025,3,Ausländer,W,43,Schweiz,Schweiz,BS,Vorstädte,Schweiz,Schweiz,BL,NA,basel,Vorstädte,switzerland,Basel-Landschaft
2025-3,Wegzug,2025,3,Schweizer,M,43,Schweiz,Schweiz,BS,Rosental,Schweiz,Schweiz,AG,NA,basel,Rosental,switzerland,Aargau
2025-3,Wegzug,2025,3,Schweizer,W,43,Schweiz,Schweiz,BS,Altstadt Grossbasel,Schweiz,Schweiz,BL,NA,basel,Altstadt Grossbasel,switzerland,Basel-Landschaft
2025-3,Wegzug,2025,3,Ausländer,M,43,Schweiz,Schweiz,BS,Rosental,Asien,Indien,Ausland,NA,basel,Rosental,world,India
2025-3,Wegzug,2025,3,Schweizer,W,43,Schweiz,Schweiz,BS,Gotthelf,Schweiz,Schweiz,ZH,NA,basel,Gotthelf,switzerland,Zürich
2025-3,Zuzug,2025,3,Schweizer,W,43,Schweiz,Schweiz,BL,NA,Schweiz,Schweiz,BS,Am Ring,switzerland,Basel-Landschaft,basel,Am Ring
2025-3,Zuzug,2025,3,Ausländer,M,43,Schweiz,Schweiz,BL,NA,Schweiz,Schweiz,BS,Gundeldingen,switzerland,Basel-Landschaft,basel,Gundeldingen
2025-3,Zuzug,2025,3,Ausländer,W,43,Schweiz,Schweiz,BL,NA,Schweiz,Schweiz,BS,Riehen,switzerland,Basel-Landschaft,basel,Riehen
2025-3,Zuzug,2025,3,Ausländer,W,44,Asien,China,NA,NA,Schweiz,Schweiz,BS,Altstadt Grossbasel,world,China,basel,Altstadt Grossbasel
2025-3,Zuzug,2025,3,Ausländer,M,44,Europa (ohne Schweiz),Deutschland,NA,NA,Schweiz,Schweiz,BS,Riehen,europe,Germany,basel,Riehen
2025-3,Zuzug,2025,3,Ausländer,M,44,Asien,Libanon,NA,NA,Schweiz,Schweiz,BS,Am Ring,world,Lebanon,basel,Am Ring
2025-3,Zuzug,2025,3,Ausländer,M,44,Schweiz,Schweiz,LU,NA,Schweiz,Schweiz,BS,Riehen,switzerland,Luzern,basel,Riehen
2025-3,Wegzug,2025,3,Schweizer,M,44,Schweiz,Schweiz,BS,Hirzbrunnen,Schweiz,Schweiz,SO,NA,basel,Hirzbrunnen,switzerland,Solothurn
2025-3,Wegzug,2025,3,Schweizer,W,44,Schweiz,Schweiz,BS,Riehen,Schweiz,Schweiz,BL,NA,basel,Riehen,switzerland,Basel-Landschaft
2025-3,Zuzug,2025,3,Ausländer,W,44,Asien,Indien,NA,NA,Schweiz,Schweiz,BS,Matthäus,world,India,basel,Matthäus
2025-3,Zuzug,2025,3,Ausländer,M,44,Europa (ohne Schweiz),Italien,NA,NA,Schweiz,Schweiz,BS,Gundeldingen,europe,Italy,basel,Gundeldingen
2025-3,Zuzug,2025,3,Ausländer,W,44,Europa (ohne Schweiz),Ukraine,NA,NA,Schweiz,Schweiz,BS,Klybeck,europe,Ukraine,basel,Klybeck
2025-3,Zuzug,2025,3,Ausländer,W,44,Nordamerika,Vereinigte Staaten von Amerika,NA,NA,Schweiz,Schweiz,BS,Rosental,world,United States of America,basel,Rosental
2025-3,Zuzug,2025,3,Ausländer,M,44,Europa (ohne Schweiz),Deutschland,NA,NA,Schweiz,Schweiz,BS,Wettstein,europe,Germany,basel,Wettstein
2025-3,Zuzug,2025,3,Ausländer,M,44,Europa (ohne Schweiz),Dänemark,NA,NA,Schweiz,Schweiz,BS,Gotthelf,europe,Denmark,basel,Gotthelf
2025-3,Wegzug,2025,3,Ausländer,M,44,Schweiz,Schweiz,BS,Vorstädte,Europa (ohne Schweiz),Frankreich,Ausland,NA,basel,Vorstädte,europe,France
2025-3,Wegzug,2025,3,Ausländer,M,44,Schweiz,Schweiz,BS,St. Johann,NA,NA,NA,NA,basel,St. Johann,NA,NA
2025-3,Wegzug,2025,3,Ausländer,M,44,Schweiz,Schweiz,BS,St. Johann,Europa (ohne Schweiz),Deutschland,Ausland,NA,basel,St. Johann,europe,Germany
2025-3,Wegzug,2025,3,Ausländer,W,44,Schweiz,Schweiz,BS,Rosental,Europa (ohne Schweiz),Frankreich,Ausland,NA,basel,Rosental,europe,France
2025-3,Wegzug,2025,3,Ausländer,W,44,Schweiz,Schweiz,BS,Bachletten,Nordamerika,Kanada,Ausland,NA,basel,Bachletten,world,Canada
2025-3,Wegzug,2025,3,Ausländer,W,44,Schweiz,Schweiz,BS,Riehen,Lateinamerika und Karibik,Brasilien,Ausland,NA,basel,Riehen,world,Brazil
2025-3,Wegzug,2025,3,Schweizer,M,44,Schweiz,Schweiz,BS,Gotthelf,Schweiz,Schweiz,BE,NA,basel,Gotthelf,switzerland,Bern
2025-3,Wegzug,2025,3,Ausländer,M,44,Schweiz,Schweiz,BS,St. Johann,Schweiz,Schweiz,BL,NA,basel,St. Johann,switzerland,Basel-Landschaft
2025-3,Wegzug,2025,3,Schweizer,M,44,Schweiz,Schweiz,BS,Hirzbrunnen,Europa (ohne Schweiz),Deutschland,Ausland,NA,basel,Hirzbrunnen,europe,Germany
2025-3,Wegzug,2025,3,Ausländer,M,44,Schweiz,Schweiz,BS,St. Johann,NA,NA,NA,NA,basel,St. Johann,NA,NA
2025-3,Zuzug,2025,3,Schweizer,M,44,Schweiz,Schweiz,BL,NA,Schweiz,Schweiz,BS,Rosental,switzerland,Basel-Landschaft,basel,Rosental
2025-3,Zuzug,2025,3,Ausländer,M,44,Europa (ohne Schweiz),Deutschland,NA,NA,Schweiz,Schweiz,BS,Klybeck,europe,Germany,basel,Klybeck
2025-3,Zuzug,2025,3,Schweizer,M,44,Schweiz,Schweiz,BL,NA,Schweiz,Schweiz,BS,Am Ring,switzerland,Basel-Landschaft,basel,Am Ring
2025-3,Zuzug,2025,3,Schweizer,M,44,Schweiz,Schweiz,ZH,NA,Schweiz,Schweiz,BS,Bachletten,switzerland,Zürich,basel,Bachletten
2025-3,Zuzug,2025,3,Ausländer,W,45,Schweiz,Schweiz,SO,NA,Schweiz,Schweiz,BS,Matthäus,switzerland,Solothurn,basel,Matthäus
2025-3,Zuzug,2025,3,Ausländer,M,45,Europa (ohne Schweiz),Italien,NA,NA,Schweiz,Schweiz,BS,Rosental,europe,Italy,basel,Rosental
2025-3,Zuzug,2025,3,Ausländer,W,45,Schweiz,Schweiz,ZH,NA,Schweiz,Schweiz,BS,Altstadt Kleinbasel,switzerland,Zürich,basel,Altstadt Kleinbasel
2025-3,Zuzug,2025,3,Ausländer,M,45,Europa (ohne Schweiz),Deutschland,NA,NA,Schweiz,Schweiz,BS,Iselin,europe,Germany,basel,Iselin
2025-3,Wegzug,2025,3,Ausländer,M,45,Schweiz,Schweiz,BS,Matthäus,Europa (ohne Schweiz),Spanien,Ausland,NA,basel,Matthäus,europe,Spain
2025-3,Wegzug,2025,3,Schweizer,M,45,Schweiz,Schweiz,BS,St. Alban,Schweiz,Schweiz,ZH,NA,basel,St. Alban,switzerland,Zürich
2025-3,Zuzug,2025,3,Ausländer,W,45,Europa (ohne Schweiz),Spanien,NA,NA,Schweiz,Schweiz,BS,St. Johann,europe,Spain,basel,St. Johann
2025-3,Zuzug,2025,3,Ausländer,W,45,Schweiz,Schweiz,BL,NA,Schweiz,Schweiz,BS,Matthäus,switzerland,Basel-Landschaft,basel,Matthäus
2025-3,Zuzug,2025,3,Ausländer,W,45,Europa (ohne Schweiz),Rumänien,NA,NA,Schweiz,Schweiz,BS,Gundeldingen,europe,Romania,basel,Gundeldingen
2025-3,Zuzug,2025,3,Schweizer,M,45,Schweiz,Schweiz,ZG,NA,Schweiz,Schweiz,BS,Matthäus,switzerland,Zug,basel,Matthäus
2025-3,Zuzug,2025,3,Ausländer,W,45,Europa (ohne Schweiz),Oesterreich,NA,NA,Schweiz,Schweiz,BS,St. Johann,europe,Austria,basel,St. Johann
2025-3,Zuzug,2025,3,Schweizer,M,45,Schweiz,Schweiz,BL,NA,Schweiz,Schweiz,BS,Gotthelf,switzerland,Basel-Landschaft,basel,Gotthelf
2025-3,Zuzug,2025,3,Schweizer,W,45,Schweiz,Schweiz,GR,NA,Schweiz,Schweiz,BS,Gundeldingen,switzerland,Graubünden,basel,Gundeldingen
2025-3,Wegzug,2025,3,Schweizer,M,45,Schweiz,Schweiz,BS,St. Johann,Afrika,Südafrika,Ausland,NA,basel,St. Johann,world,South Africa
2025-3,Wegzug,2025,3,Schweizer,W,45,Schweiz,Schweiz,BS,Altstadt Kleinbasel,Schweiz,Schweiz,BL,NA,basel,Altstadt Kleinbasel,switzerland,Basel-Landschaft
2025-3,Wegzug,2025,3,Ausländer,M,45,Schweiz,Schweiz,BS,Wettstein,Schweiz,Schweiz,BL,NA,basel,Wettstein,switzerland,Basel-Landschaft
2025-3,Wegzug,2025,3,Ausländer,M,45,Schweiz,Schweiz,BS,Clara,Schweiz,Schweiz,BL,NA,basel,Clara,switzerland,Basel-Landschaft
2025-3,Zuzug,2025,3,Ausländer,M,45,Schweiz,Schweiz,SO,NA,Schweiz,Schweiz,BS,Matthäus,switzerland,Solothurn,basel,Matthäus
2025-3,Zuzug,2025,3,Ausländer,W,45,NA,NA,NA,NA,Schweiz,Schweiz,BS,Gundeldingen,NA,NA,basel,Gundeldingen
2025-3,Zuzug,2025,3,Ausländer,W,45,Schweiz,Schweiz,BL,NA,Schweiz,Schweiz,BS,Iselin,switzerland,Basel-Landschaft,basel,Iselin
2025-3,Zuzug,2025,3,Ausländer,M,45,Europa (ohne Schweiz),Frankreich,NA,NA,Schweiz,Schweiz,BS,Bachletten,europe,France,basel,Bachletten
2025-3,Zuzug,2025,3,Ausländer,M,45,Schweiz,Schweiz,VS,NA,Schweiz,Schweiz,BS,Altstadt Grossbasel,switzerland,Valais,basel,Altstadt Grossbasel
2025-3,Zuzug,2025,3,Ausländer,W,45,Schweiz,Schweiz,ZH,NA,Schweiz,Schweiz,BS,Matthäus,switzerland,Zürich,basel,Matthäus
2025-3,Zuzug,2025,3,Schweizer,M,45,Schweiz,Schweiz,BE,NA,Schweiz,Schweiz,BS,Breite,switzerland,Bern,basel,Breite
2025-3,Zuzug,2025,3,Ausländer,M,45,Europa (ohne Schweiz),Portugal,NA,NA,Schweiz,Schweiz,BS,Vorstädte,europe,Portugal,basel,Vorstädte
2025-3,Zuzug,2025,3,Ausländer,W,46,Schweiz,Schweiz,BL,NA,Schweiz,Schweiz,BS,Iselin,switzerland,Basel-Landschaft,basel,Iselin
2025-3,Zuzug,2025,3,Schweizer,W,46,Schweiz,Schweiz,BL,NA,Schweiz,Schweiz,BS,Gotthelf,switzerland,Basel-Landschaft,basel,Gotthelf
2025-3,Zuzug,2025,3,Ausländer,W,46,Europa (ohne Schweiz),Frankreich,NA,NA,Schweiz,Schweiz,BS,Rosental,europe,France,basel,Rosental
2025-3,Wegzug,2025,3,Ausländer,W,46,Schweiz,Schweiz,BS,Gundeldingen,Europa (ohne Schweiz),Italien,Ausland,NA,basel,Gundeldingen,europe,Italy
2025-3,Wegzug,2025,3,Ausländer,M,46,Schweiz,Schweiz,BS,Iselin,Europa (ohne Schweiz),Italien,Ausland,NA,basel,Iselin,europe,Italy
2025-3,Wegzug,2025,3,Ausländer,M,46,Schweiz,Schweiz,BS,Matthäus,Schweiz,Schweiz,BL,NA,basel,Matthäus,switzerland,Basel-Landschaft
2025-3,Zuzug,2025,3,Ausländer,W,46,Europa (ohne Schweiz),Tschechische Republik,NA,NA,Schweiz,Schweiz,BS,Hirzbrunnen,europe,Czechia,basel,Hirzbrunnen
2025-3,Zuzug,2025,3,Ausländer,M,46,Nordamerika,Vereinigte Staaten von Amerika,NA,NA,Schweiz,Schweiz,BS,Rosental,world,United States of America,basel,Rosental
2025-3,Wegzug,2025,3,Schweizer,M,46,Schweiz,Schweiz,BS,Iselin,Schweiz,Schweiz,BL,NA,basel,Iselin,switzerland,Basel-Landschaft
2025-3,Wegzug,2025,3,Ausländer,M,46,Schweiz,Schweiz,BS,Rosental,Europa (ohne Schweiz),Spanien,Ausland,NA,basel,Rosental,europe,Spain
2025-3,Wegzug,2025,3,Schweizer,M,46,Schweiz,Schweiz,BS,Gundeldingen,Schweiz,Schweiz,SO,NA,basel,Gundeldingen,switzerland,Solothurn
2025-3,Wegzug,2025,3,Ausländer,W,46,Schweiz,Schweiz,BS,Gotthelf,Schweiz,Schweiz,AG,NA,basel,Gotthelf,switzerland,Aargau
2025-3,Wegzug,2025,3,Ausländer,W,46,Schweiz,Schweiz,BS,St. Alban,Lateinamerika und Karibik,Brasilien,Ausland,NA,basel,St. Alban,world,Brazil
2025-3,Wegzug,2025,3,Ausländer,M,46,Schweiz,Schweiz,BS,Bachletten,Europa (ohne Schweiz),Deutschland,Ausland,NA,basel,Bachletten,europe,Germany
2025-3,Zuzug,2025,3,Ausländer,M,46,Europa (ohne Schweiz),Deutschland,NA,NA,Schweiz,Schweiz,BS,Riehen,europe,Germany,basel,Riehen
2025-3,Zuzug,2025,3,Schweizer,W,46,Schweiz,Schweiz,AG,NA,Schweiz,Schweiz,BS,Am Ring,switzerland,Aargau,basel,Am Ring
2025-3,Zuzug,2025,3,Ausländer,M,46,NA,NA,NA,NA,Schweiz,Schweiz,BS,St. Johann,NA,NA,basel,St. Johann
2025-3,Zuzug,2025,3,Ausländer,M,46,Europa (ohne Schweiz),Bulgarien,NA,NA,Schweiz,Schweiz,BS,St. Johann,europe,Bulgaria,basel,St. Johann
2025-3,Zuzug,2025,3,Ausländer,M,46,Schweiz,Schweiz,SO,NA,Schweiz,Schweiz,BS,Gundeldingen,switzerland,Solothurn,basel,Gundeldingen
2025-3,Zuzug,2025,3,Ausländer,W,46,Europa (ohne Schweiz),Deutschland,NA,NA,Schweiz,Schweiz,BS,Hirzbrunnen,europe,Germany,basel,Hirzbrunnen
2025-3,Zuzug,2025,3,Ausländer,W,46,Europa (ohne Schweiz),Deutschland,NA,NA,Schweiz,Schweiz,BS,Iselin,europe,Germany,basel,Iselin
2025-3,Zuzug,2025,3,Ausländer,M,47,Europa (ohne Schweiz),Portugal,NA,NA,Schweiz,Schweiz,BS,Matthäus,europe,Portugal,basel,Matthäus
2025-3,Zuzug,2025,3,Ausländer,W,47,Europa (ohne Schweiz),Spanien,NA,NA,Schweiz,Schweiz,BS,Matthäus,europe,Spain,basel,Matthäus
2025-3,Zuzug,2025,3,Ausländer,M,47,Schweiz,Schweiz,BE,NA,Schweiz,Schweiz,BS,Gundeldingen,switzerland,Bern,basel,Gundeldingen
2025-3,Zuzug,2025,3,Ausländer,W,47,Nordamerika,Vereinigte Staaten von Amerika,NA,NA,Schweiz,Schweiz,BS,Bachletten,world,United States of America,basel,Bachletten
2025-3,Zuzug,2025,3,Schweizer,W,47,Schweiz,Schweiz,BE,NA,Schweiz,Schweiz,BS,St. Johann,switzerland,Bern,basel,St. Johann
2025-3,Zuzug,2025,3,Ausländer,W,47,Nordamerika,Vereinigte Staaten von Amerika,NA,NA,Schweiz,Schweiz,BS,Matthäus,world,United States of America,basel,Matthäus
2025-3,Zuzug,2025,3,Ausländer,M,47,Europa (ohne Schweiz),Deutschland,NA,NA,Schweiz,Schweiz,BS,Hirzbrunnen,europe,Germany,basel,Hirzbrunnen
2025-3,Zuzug,2025,3,Ausländer,M,47,Europa (ohne Schweiz),Italien,NA,NA,Schweiz,Schweiz,BS,St. Johann,europe,Italy,basel,St. Johann
2025-3,Zuzug,2025,3,Schweizer,M,47,Schweiz,Schweiz,BL,NA,Schweiz,Schweiz,BS,Hirzbrunnen,switzerland,Basel-Landschaft,basel,Hirzbrunnen
2025-3,Wegzug,2025,3,Ausländer,W,47,Schweiz,Schweiz,BS,Matthäus,Schweiz,Schweiz,BE,NA,basel,Matthäus,switzerland,Bern
2025-3,Wegzug,2025,3,Ausländer,W,47,Schweiz,Schweiz,BS,Rosental,Europa (ohne Schweiz),Spanien,Ausland,NA,basel,Rosental,europe,Spain
2025-3,Zuzug,2025,3,Ausländer,W,47,Schweiz,Schweiz,BE,NA,Schweiz,Schweiz,BS,Wettstein,switzerland,Bern,basel,Wettstein
2025-3,Zuzug,2025,3,Schweizer,M,47,Europa (ohne Schweiz),Tschechische Republik,NA,NA,Schweiz,Schweiz,BS,Hirzbrunnen,europe,Czechia,basel,Hirzbrunnen
2025-3,Zuzug,2025,3,Ausländer,W,47,Schweiz,Schweiz,VS,NA,Schweiz,Schweiz,BS,St. Johann,switzerland,Valais,basel,St. Johann
2025-3,Wegzug,2025,3,Ausländer,M,47,Schweiz,Schweiz,BS,Clara,Europa (ohne Schweiz),Polen,Ausland,NA,basel,Clara,europe,Poland
2025-3,Wegzug,2025,3,Ausländer,M,47,Schweiz,Schweiz,BS,Kleinhüningen,Schweiz,Schweiz,BE,NA,basel,Kleinhüningen,switzerland,Bern
2025-3,Zuzug,2025,3,Ausländer,M,47,Schweiz,Schweiz,ZH,NA,Schweiz,Schweiz,BS,Am Ring,switzerland,Zürich,basel,Am Ring
2025-3,Zuzug,2025,3,Ausländer,W,47,Europa (ohne Schweiz),Deutschland,NA,NA,Schweiz,Schweiz,BS,Matthäus,europe,Germany,basel,Matthäus
2025-3,Zuzug,2025,3,Ausländer,M,47,Europa (ohne Schweiz),Deutschland,NA,NA,Schweiz,Schweiz,BS,Hirzbrunnen,europe,Germany,basel,Hirzbrunnen
2025-3,Zuzug,2025,3,Ausländer,M,48,Europa (ohne Schweiz),Frankreich,NA,NA,Schweiz,Schweiz,BS,St. Alban,europe,France,basel,St. Alban
2025-3,Zuzug,2025,3,Ausländer,M,48,Asien,Israel,NA,NA,Schweiz,Schweiz,BS,St. Johann,world,Israel,basel,St. Johann
2025-3,Zuzug,2025,3,Ausländer,W,48,Europa (ohne Schweiz),Frankreich,NA,NA,Schweiz,Schweiz,BS,St. Johann,europe,France,basel,St. Johann
2025-3,Wegzug,2025,3,Schweizer,M,48,Schweiz,Schweiz,BS,Rosental,Europa (ohne Schweiz),Frankreich,Ausland,NA,basel,Rosental,europe,France
2025-3,Wegzug,2025,3,Schweizer,W,48,Schweiz,Schweiz,BS,Iselin,Schweiz,Schweiz,BL,NA,basel,Iselin,switzerland,Basel-Landschaft
2025-3,Zuzug,2025,3,Ausländer,W,48,Lateinamerika und Karibik,Brasilien,NA,NA,Schweiz,Schweiz,BS,Iselin,world,Brazil,basel,Iselin
2025-3,Zuzug,2025,3,Ausländer,M,48,Europa (ohne Schweiz),Deutschland,NA,NA,Schweiz,Schweiz,BS,Riehen,europe,Germany,basel,Riehen
2025-3,Zuzug,2025,3,Ausländer,W,48,Schweiz,Schweiz,BL,NA,Schweiz,Schweiz,BS,St. Alban,switzerland,Basel-Landschaft,basel,St. Alban
2025-3,Wegzug,2025,3,Schweizer,M,48,Schweiz,Schweiz,BS,Clara,Schweiz,Schweiz,BL,NA,basel,Clara,switzerland,Basel-Landschaft
2025-3,Wegzug,2025,3,Ausländer,W,48,Schweiz,Schweiz,BS,St. Johann,Europa (ohne Schweiz),Rumänien,Ausland,NA,basel,St. Johann,europe,Romania
2025-3,Wegzug,2025,3,Ausländer,M,48,Schweiz,Schweiz,BS,Rosental,Schweiz,Schweiz,BL,NA,basel,Rosental,switzerland,Basel-Landschaft
2025-3,Wegzug,2025,3,Ausländer,M,48,Schweiz,Schweiz,BS,Matthäus,Schweiz,Schweiz,BL,NA,basel,Matthäus,switzerland,Basel-Landschaft
2025-3,Wegzug,2025,3,Ausländer,W,48,Schweiz,Schweiz,BS,St. Alban,Asien,Japan,Ausland,NA,basel,St. Alban,world,Japan
2025-3,Zuzug,2025,3,Schweizer,W,48,Schweiz,Schweiz,SO,NA,Schweiz,Schweiz,BS,Bachletten,switzerland,Solothurn,basel,Bachletten
2025-3,Zuzug,2025,3,Schweizer,M,48,Schweiz,Schweiz,ZH,NA,Schweiz,Schweiz,BS,Bruderholz,switzerland,Zürich,basel,Bruderholz
2025-3,Zuzug,2025,3,Ausländer,W,48,Europa (ohne Schweiz),Deutschland,NA,NA,Schweiz,Schweiz,BS,Riehen,europe,Germany,basel,Riehen
2025-3,Zuzug,2025,3,Schweizer,W,48,Asien,Iran,NA,NA,Schweiz,Schweiz,BS,Riehen,world,Iran,basel,Riehen
2025-3,Zuzug,2025,3,Ausländer,M,48,Europa (ohne Schweiz),Spanien,NA,NA,Schweiz,Schweiz,BS,Rosental,europe,Spain,basel,Rosental
2025-3,Zuzug,2025,3,Ausländer,M,48,Europa (ohne Schweiz),Deutschland,NA,NA,Schweiz,Schweiz,BS,Klybeck,europe,Germany,basel,Klybeck
2025-3,Zuzug,2025,3,Ausländer,W,48,Europa (ohne Schweiz),Deutschland,NA,NA,Schweiz,Schweiz,BS,Altstadt Grossbasel,europe,Germany,basel,Altstadt Grossbasel
2025-3,Zuzug,2025,3,Schweizer,W,49,Schweiz,Schweiz,BL,NA,Schweiz,Schweiz,BS,Am Ring,switzerland,Basel-Landschaft,basel,Am Ring
2025-3,Zuzug,2025,3,Ausländer,M,49,Europa (ohne Schweiz),Frankreich,NA,NA,Schweiz,Schweiz,BS,Rosental,europe,France,basel,Rosental
2025-3,Zuzug,2025,3,Ausländer,M,49,Schweiz,Schweiz,AG,NA,Schweiz,Schweiz,BS,Riehen,switzerland,Aargau,basel,Riehen
2025-3,Wegzug,2025,3,Schweizer,M,49,Schweiz,Schweiz,BS,Bruderholz,Europa (ohne Schweiz),Frankreich,Ausland,NA,basel,Bruderholz,europe,France
2025-3,Wegzug,2025,3,Schweizer,M,49,Schweiz,Schweiz,BS,Riehen,Schweiz,Schweiz,BL,NA,basel,Riehen,switzerland,Basel-Landschaft
2025-3,Wegzug,2025,3,Schweizer,W,49,Schweiz,Schweiz,BS,St. Johann,Schweiz,Schweiz,BL,NA,basel,St. Johann,switzerland,Basel-Landschaft
2025-3,Zuzug,2025,3,Ausländer,W,49,Europa (ohne Schweiz),Bosnien-Herzegowina,NA,NA,Schweiz,Schweiz,BS,Clara,europe,Bosnia and Herz.,basel,Clara
2025-3,Zuzug,2025,3,Schweizer,W,49,Schweiz,Schweiz,AG,NA,Schweiz,Schweiz,BS,Matthäus,switzerland,Aargau,basel,Matthäus
2025-3,Wegzug,2025,3,Ausländer,W,49,Schweiz,Schweiz,BS,Matthäus,Europa (ohne Schweiz),Türkei,Ausland,NA,basel,Matthäus,world,Turkey
2025-3,Wegzug,2025,3,Ausländer,M,49,Schweiz,Schweiz,BS,Gundeldingen,Asien,Indien,Ausland,NA,basel,Gundeldingen,world,India
2025-3,Wegzug,2025,3,Ausländer,M,49,Schweiz,Schweiz,BS,Am Ring,Schweiz,Schweiz,BL,NA,basel,Am Ring,switzerland,Basel-Landschaft
2025-3,Zuzug,2025,3,Schweizer,W,49,Schweiz,Schweiz,TI,NA,Schweiz,Schweiz,BS,St. Johann,switzerland,Ticino,basel,St. Johann
2025-3,Zuzug,2025,3,Schweizer,W,49,Ozeanien,Neuseeland,NA,NA,Schweiz,Schweiz,BS,Breite,world,New Zealand,basel,Breite
2025-3,Zuzug,2025,3,Ausländer,M,49,Europa (ohne Schweiz),Ungarn,NA,NA,Schweiz,Schweiz,BS,Matthäus,europe,Hungary,basel,Matthäus
2025-3,Zuzug,2025,3,Ausländer,W,49,Europa (ohne Schweiz),Spanien,NA,NA,Schweiz,Schweiz,BS,Vorstädte,europe,Spain,basel,Vorstädte
2025-3,Wegzug,2025,3,Ausländer,M,50,Schweiz,Schweiz,BS,St. Johann,Europa (ohne Schweiz),Deutschland,Ausland,NA,basel,St. Johann,europe,Germany
2025-3,Wegzug,2025,3,Ausländer,M,50,Schweiz,Schweiz,BS,Rosental,Schweiz,Schweiz,BL,NA,basel,Rosental,switzerland,Basel-Landschaft
2025-3,Wegzug,2025,3,Schweizer,M,50,Schweiz,Schweiz,BS,Matthäus,Schweiz,Schweiz,BL,NA,basel,Matthäus,switzerland,Basel-Landschaft
2025-3,Zuzug,2025,3,Schweizer,M,50,Schweiz,Schweiz,BL,NA,Schweiz,Schweiz,BS,Am Ring,switzerland,Basel-Landschaft,basel,Am Ring
2025-3,Zuzug,2025,3,Ausländer,W,50,Schweiz,Schweiz,TI,NA,Schweiz,Schweiz,BS,St. Johann,switzerland,Ticino,basel,St. Johann
2025-3,Zuzug,2025,3,Ausländer,M,50,Europa (ohne Schweiz),Deutschland,NA,NA,Schweiz,Schweiz,BS,St. Johann,europe,Germany,basel,St. Johann
2025-3,Zuzug,2025,3,Ausländer,W,50,Europa (ohne Schweiz),Portugal,NA,NA,Schweiz,Schweiz,BS,Klybeck,europe,Portugal,basel,Klybeck
2025-3,Zuzug,2025,3,Ausländer,W,50,Schweiz,Schweiz,SO,NA,Schweiz,Schweiz,BS,Gundeldingen,switzerland,Solothurn,basel,Gundeldingen
2025-3,Wegzug,2025,3,Ausländer,M,50,Schweiz,Schweiz,BS,Gundeldingen,Europa (ohne Schweiz),Deutschland,Ausland,NA,basel,Gundeldingen,europe,Germany
2025-3,Wegzug,2025,3,Schweizer,M,50,Schweiz,Schweiz,BS,Breite,Europa (ohne Schweiz),Frankreich,Ausland,NA,basel,Breite,europe,France
2025-3,Wegzug,2025,3,Ausländer,W,50,Schweiz,Schweiz,BS,Riehen,Europa (ohne Schweiz),Litauen,Ausland,NA,basel,Riehen,europe,Lithuania
2025-3,Wegzug,2025,3,Ausländer,M,50,Schweiz,Schweiz,BS,Riehen,Schweiz,Schweiz,BL,NA,basel,Riehen,switzerland,Basel-Landschaft
2025-3,Wegzug,2025,3,Ausländer,W,50,Schweiz,Schweiz,BS,St. Alban,Asien,Japan,Ausland,NA,basel,St. Alban,world,Japan
2025-3,Wegzug,2025,3,Schweizer,M,50,Schweiz,Schweiz,BS,Matthäus,NA,NA,NA,NA,basel,Matthäus,NA,NA
2025-3,Wegzug,2025,3,Ausländer,M,50,Schweiz,Schweiz,BS,St. Alban,Asien,Japan,Ausland,NA,basel,St. Alban,world,Japan
2025-3,Wegzug,2025,3,Ausländer,M,50,Schweiz,Schweiz,BS,St. Johann,Schweiz,Schweiz,AG,NA,basel,St. Johann,switzerland,Aargau
2025-3,Zuzug,2025,3,Schweizer,W,50,Schweiz,Schweiz,BL,NA,Schweiz,Schweiz,BS,St. Alban,switzerland,Basel-Landschaft,basel,St. Alban
2025-3,Zuzug,2025,3,Ausländer,M,50,Schweiz,Schweiz,TG,NA,Schweiz,Schweiz,BS,St. Johann,switzerland,Thurgau,basel,St. Johann
2025-3,Zuzug,2025,3,Schweizer,W,51,Schweiz,Schweiz,BL,NA,Schweiz,Schweiz,BS,Bachletten,switzerland,Basel-Landschaft,basel,Bachletten
2025-3,Zuzug,2025,3,Ausländer,W,51,Europa (ohne Schweiz),Frankreich,NA,NA,Schweiz,Schweiz,BS,Am Ring,europe,France,basel,Am Ring
2025-3,Zuzug,2025,3,Ausländer,M,51,Europa (ohne Schweiz),Ungarn,NA,NA,Schweiz,Schweiz,BS,Am Ring,europe,Hungary,basel,Am Ring
2025-3,Zuzug,2025,3,Ausländer,W,51,Europa (ohne Schweiz),Deutschland,NA,NA,Schweiz,Schweiz,BS,Rosental,europe,Germany,basel,Rosental
2025-3,Zuzug,2025,3,Ausländer,W,51,Europa (ohne Schweiz),Spanien,NA,NA,Schweiz,Schweiz,BS,Matthäus,europe,Spain,basel,Matthäus
2025-3,Zuzug,2025,3,Schweizer,M,51,Schweiz,Schweiz,BL,NA,Schweiz,Schweiz,BS,Bachletten,switzerland,Basel-Landschaft,basel,Bachletten
2025-3,Wegzug,2025,3,Ausländer,M,51,Schweiz,Schweiz,BS,St. Alban,Europa (ohne Schweiz),Schweden,Ausland,NA,basel,St. Alban,europe,Sweden
2025-3,Wegzug,2025,3,Ausländer,M,51,Schweiz,Schweiz,BS,Bruderholz,Schweiz,Schweiz,BL,NA,basel,Bruderholz,switzerland,Basel-Landschaft
2025-3,Wegzug,2025,3,Ausländer,M,51,Schweiz,Schweiz,BS,Am Ring,Europa (ohne Schweiz),Grossbritannien,Ausland,NA,basel,Am Ring,europe,United Kingdom
2025-3,Zuzug,2025,3,Ausländer,W,51,Europa (ohne Schweiz),Deutschland,NA,NA,Schweiz,Schweiz,BS,Gundeldingen,europe,Germany,basel,Gundeldingen
2025-3,Wegzug,2025,3,Ausländer,M,51,Schweiz,Schweiz,BS,St. Johann,NA,NA,NA,NA,basel,St. Johann,NA,NA
2025-3,Wegzug,2025,3,Ausländer,M,51,Schweiz,Schweiz,BS,Altstadt Grossbasel,Schweiz,Schweiz,BL,NA,basel,Altstadt Grossbasel,switzerland,Basel-Landschaft
2025-3,Wegzug,2025,3,Schweizer,W,51,Schweiz,Schweiz,BS,Matthäus,Schweiz,Schweiz,BE,NA,basel,Matthäus,switzerland,Bern
2025-3,Wegzug,2025,3,Ausländer,M,51,Schweiz,Schweiz,BS,Vorstädte,Europa (ohne Schweiz),Italien,Ausland,NA,basel,Vorstädte,europe,Italy
2025-3,Zuzug,2025,3,Schweizer,W,51,Afrika,Kenia,NA,NA,Schweiz,Schweiz,BS,Iselin,world,Kenya,basel,Iselin
2025-3,Zuzug,2025,3,Ausländer,M,51,Schweiz,Schweiz,BL,NA,Schweiz,Schweiz,BS,Bruderholz,switzerland,Basel-Landschaft,basel,Bruderholz
2025-3,Zuzug,2025,3,Ausländer,W,51,Schweiz,Schweiz,BL,NA,Schweiz,Schweiz,BS,Gotthelf,switzerland,Basel-Landschaft,basel,Gotthelf
2025-3,Zuzug,2025,3,Ausländer,M,52,Europa (ohne Schweiz),Rumänien,NA,NA,Schweiz,Schweiz,BS,St. Alban,europe,Romania,basel,St. Alban
2025-3,Wegzug,2025,3,Ausländer,M,52,Schweiz,Schweiz,BS,Gundeldingen,Schweiz,Schweiz,BL,NA,basel,Gundeldingen,switzerland,Basel-Landschaft
2025-3,Wegzug,2025,3,Ausländer,M,52,Schweiz,Schweiz,BS,St. Alban,Europa (ohne Schweiz),Deutschland,Ausland,NA,basel,St. Alban,europe,Germany
2025-3,Wegzug,2025,3,Schweizer,W,52,Schweiz,Schweiz,BS,St. Johann,NA,NA,NA,NA,basel,St. Johann,NA,NA
2025-3,Wegzug,2025,3,Ausländer,M,52,Schweiz,Schweiz,BS,Gundeldingen,Europa (ohne Schweiz),Italien,Ausland,NA,basel,Gundeldingen,europe,Italy
2025-3,Wegzug,2025,3,Ausländer,M,52,Schweiz,Schweiz,BS,Gotthelf,Europa (ohne Schweiz),Spanien,Ausland,NA,basel,Gotthelf,europe,Spain
2025-3,Wegzug,2025,3,Ausländer,M,52,Schweiz,Schweiz,BS,Altstadt Kleinbasel,Europa (ohne Schweiz),Niederlande,Ausland,NA,basel,Altstadt Kleinbasel,europe,Netherlands
2025-3,Wegzug,2025,3,Schweizer,M,52,Schweiz,Schweiz,BS,Am Ring,Schweiz,Schweiz,BL,NA,basel,Am Ring,switzerland,Basel-Landschaft
2025-3,Wegzug,2025,3,Schweizer,M,52,Schweiz,Schweiz,BS,Riehen,Schweiz,Schweiz,BL,NA,basel,Riehen,switzerland,Basel-Landschaft
2025-3,Zuzug,2025,3,Ausländer,M,53,Nordamerika,Vereinigte Staaten von Amerika,NA,NA,Schweiz,Schweiz,BS,St. Johann,world,United States of America,basel,St. Johann
2025-3,Wegzug,2025,3,Schweizer,M,53,Schweiz,Schweiz,BS,St. Johann,NA,NA,NA,NA,basel,St. Johann,NA,NA
2025-3,Wegzug,2025,3,Ausländer,M,53,Schweiz,Schweiz,BS,Matthäus,Schweiz,Schweiz,BL,NA,basel,Matthäus,switzerland,Basel-Landschaft
2025-3,Zuzug,2025,3,Schweizer,M,53,Schweiz,Schweiz,BL,NA,Schweiz,Schweiz,BS,Gotthelf,switzerland,Basel-Landschaft,basel,Gotthelf
2025-3,Zuzug,2025,3,Ausländer,M,53,Europa (ohne Schweiz),Irland,NA,NA,Schweiz,Schweiz,BS,St. Johann,europe,Ireland,basel,St. Johann
2025-3,Zuzug,2025,3,Ausländer,M,53,Europa (ohne Schweiz),Deutschland,NA,NA,Schweiz,Schweiz,BS,Riehen,europe,Germany,basel,Riehen
2025-3,Wegzug,2025,3,Ausländer,M,53,Schweiz,Schweiz,BS,Riehen,Europa (ohne Schweiz),Deutschland,Ausland,NA,basel,Riehen,europe,Germany
2025-3,Wegzug,2025,3,Ausländer,W,53,Schweiz,Schweiz,BS,St. Johann,Schweiz,Schweiz,BL,NA,basel,St. Johann,switzerland,Basel-Landschaft
2025-3,Wegzug,2025,3,Ausländer,M,53,Schweiz,Schweiz,BS,Clara,Europa (ohne Schweiz),Slowenien,Ausland,NA,basel,Clara,europe,Slovenia
2025-3,Wegzug,2025,3,Schweizer,M,53,Schweiz,Schweiz,BS,Riehen,Schweiz,Schweiz,BL,NA,basel,Riehen,switzerland,Basel-Landschaft
2025-3,Wegzug,2025,3,Schweizer,W,53,Schweiz,Schweiz,BS,St. Johann,Schweiz,Schweiz,AG,NA,basel,St. Johann,switzerland,Aargau
2025-3,Zuzug,2025,3,Ausländer,M,53,Europa (ohne Schweiz),Deutschland,NA,NA,Schweiz,Schweiz,BS,Matthäus,europe,Germany,basel,Matthäus
2025-3,Zuzug,2025,3,Ausländer,M,53,Europa (ohne Schweiz),Deutschland,NA,NA,Schweiz,Schweiz,BS,Rosental,europe,Germany,basel,Rosental
2025-3,Zuzug,2025,3,Ausländer,M,53,Europa (ohne Schweiz),Deutschland,NA,NA,Schweiz,Schweiz,BS,St. Alban,europe,Germany,basel,St. Alban
2025-3,Zuzug,2025,3,Schweizer,W,53,Schweiz,Schweiz,BL,NA,Schweiz,Schweiz,BS,Riehen,switzerland,Basel-Landschaft,basel,Riehen
2025-3,Zuzug,2025,3,Ausländer,M,54,Europa (ohne Schweiz),Frankreich,NA,NA,Schweiz,Schweiz,BS,Vorstädte,europe,France,basel,Vorstädte
2025-3,Zuzug,2025,3,Ausländer,W,54,Europa (ohne Schweiz),Deutschland,NA,NA,Schweiz,Schweiz,BS,Bachletten,europe,Germany,basel,Bachletten
2025-3,Wegzug,2025,3,Ausländer,M,54,Schweiz,Schweiz,BS,Am Ring,Schweiz,Schweiz,BL,NA,basel,Am Ring,switzerland,Basel-Landschaft
2025-3,Wegzug,2025,3,Ausländer,W,54,Schweiz,Schweiz,BS,St. Johann,Europa (ohne Schweiz),Deutschland,Ausland,NA,basel,St. Johann,europe,Germany
2025-3,Zuzug,2025,3,Schweizer,W,54,Schweiz,Schweiz,BE,NA,Schweiz,Schweiz,BS,Iselin,switzerland,Bern,basel,Iselin
2025-3,Zuzug,2025,3,Schweizer,M,54,Europa (ohne Schweiz),Portugal,NA,NA,Schweiz,Schweiz,BS,St. Johann,europe,Portugal,basel,St. Johann
2025-3,Wegzug,2025,3,Schweizer,W,54,Schweiz,Schweiz,BS,Gotthelf,Schweiz,Schweiz,VS,NA,basel,Gotthelf,switzerland,Valais
2025-3,Wegzug,2025,3,Ausländer,M,54,Schweiz,Schweiz,BS,Am Ring,Europa (ohne Schweiz),Frankreich,Ausland,NA,basel,Am Ring,europe,France
2025-3,Wegzug,2025,3,Ausländer,W,54,Schweiz,Schweiz,BS,Bachletten,Europa (ohne Schweiz),Grossbritannien,Ausland,NA,basel,Bachletten,europe,United Kingdom
2025-3,Wegzug,2025,3,Schweizer,W,54,Schweiz,Schweiz,BS,St. Alban,Europa (ohne Schweiz),Frankreich,Ausland,NA,basel,St. Alban,europe,France
2025-3,Zuzug,2025,3,Schweizer,M,54,NA,NA,NA,NA,Schweiz,Schweiz,BS,St. Johann,NA,NA,basel,St. Johann
2025-3,Zuzug,2025,3,Schweizer,W,55,Schweiz,Schweiz,BE,NA,Schweiz,Schweiz,BS,Klybeck,switzerland,Bern,basel,Klybeck
2025-3,Zuzug,2025,3,Schweizer,W,55,Schweiz,Schweiz,BL,NA,Schweiz,Schweiz,BS,St. Johann,switzerland,Basel-Landschaft,basel,St. Johann
2025-3,Wegzug,2025,3,Ausländer,W,55,Schweiz,Schweiz,BS,Iselin,Europa (ohne Schweiz),Belgien,Ausland,NA,basel,Iselin,europe,Belgium
2025-3,Wegzug,2025,3,Ausländer,M,55,Schweiz,Schweiz,BS,Am Ring,Schweiz,Schweiz,ZG,NA,basel,Am Ring,switzerland,Zug
2025-3,Wegzug,2025,3,Ausländer,M,55,Schweiz,Schweiz,BS,Gundeldingen,Lateinamerika und Karibik,Kolumbien,Ausland,NA,basel,Gundeldingen,world,Colombia
2025-3,Wegzug,2025,3,Schweizer,M,55,Schweiz,Schweiz,BS,Bachletten,Europa (ohne Schweiz),Griechenland,Ausland,NA,basel,Bachletten,europe,Greece
2025-3,Wegzug,2025,3,Ausländer,M,55,Schweiz,Schweiz,BS,Klybeck,Schweiz,Schweiz,BL,NA,basel,Klybeck,switzerland,Basel-Landschaft
2025-3,Zuzug,2025,3,Schweizer,M,55,Schweiz,Schweiz,BL,NA,Schweiz,Schweiz,BS,Riehen,switzerland,Basel-Landschaft,basel,Riehen
2025-3,Zuzug,2025,3,Ausländer,M,55,Europa (ohne Schweiz),Frankreich,NA,NA,Schweiz,Schweiz,BS,Gotthelf,europe,France,basel,Gotthelf
2025-3,Zuzug,2025,3,Ausländer,M,55,Europa (ohne Schweiz),Deutschland,NA,NA,Schweiz,Schweiz,BS,Gundeldingen,europe,Germany,basel,Gundeldingen
2025-3,Zuzug,2025,3,Ausländer,M,56,Europa (ohne Schweiz),Dänemark,NA,NA,Schweiz,Schweiz,BS,Klybeck,europe,Denmark,basel,Klybeck
2025-3,Wegzug,2025,3,Schweizer,M,56,Schweiz,Schweiz,BS,Kleinhüningen,Europa (ohne Schweiz),Spanien,Ausland,NA,basel,Kleinhüningen,europe,Spain
2025-3,Wegzug,2025,3,Ausländer,W,56,Schweiz,Schweiz,BS,Am Ring,Europa (ohne Schweiz),Niederlande,Ausland,NA,basel,Am Ring,europe,Netherlands
2025-3,Zuzug,2025,3,Ausländer,M,56,Europa (ohne Schweiz),Frankreich,NA,NA,Schweiz,Schweiz,BS,Rosental,europe,France,basel,Rosental
2025-3,Zuzug,2025,3,Schweizer,M,56,Schweiz,Schweiz,AG,NA,Schweiz,Schweiz,BS,Gundeldingen,switzerland,Aargau,basel,Gundeldingen
2025-3,Zuzug,2025,3,Schweizer,W,57,Europa (ohne Schweiz),Oesterreich,NA,NA,Schweiz,Schweiz,BS,Gundeldingen,europe,Austria,basel,Gundeldingen
2025-3,Zuzug,2025,3,Ausländer,M,57,Europa (ohne Schweiz),Deutschland,NA,NA,Schweiz,Schweiz,BS,Hirzbrunnen,europe,Germany,basel,Hirzbrunnen
2025-3,Wegzug,2025,3,Schweizer,M,57,Schweiz,Schweiz,BS,Breite,Schweiz,Schweiz,GR,NA,basel,Breite,switzerland,Graubünden
2025-3,Wegzug,2025,3,Ausländer,W,57,Schweiz,Schweiz,BS,St. Alban,Europa (ohne Schweiz),Litauen,Ausland,NA,basel,St. Alban,europe,Lithuania
2025-3,Zuzug,2025,3,Ausländer,M,58,Europa (ohne Schweiz),Türkei,NA,NA,Schweiz,Schweiz,BS,Clara,world,Turkey,basel,Clara
2025-3,Zuzug,2025,3,Ausländer,W,58,Schweiz,Schweiz,BL,NA,Schweiz,Schweiz,BS,Gotthelf,switzerland,Basel-Landschaft,basel,Gotthelf
2025-3,Zuzug,2025,3,Schweizer,W,58,Schweiz,Schweiz,BL,NA,Schweiz,Schweiz,BS,St. Johann,switzerland,Basel-Landschaft,basel,St. Johann
2025-3,Zuzug,2025,3,Schweizer,M,58,Europa (ohne Schweiz),Oesterreich,NA,NA,Schweiz,Schweiz,BS,Gundeldingen,europe,Austria,basel,Gundeldingen
2025-3,Wegzug,2025,3,Ausländer,M,58,Schweiz,Schweiz,BS,Bruderholz,Schweiz,Schweiz,BL,NA,basel,Bruderholz,switzerland,Basel-Landschaft
2025-3,Wegzug,2025,3,Ausländer,M,58,Schweiz,Schweiz,BS,Iselin,Asien,Thailand,Ausland,NA,basel,Iselin,world,Thailand
2025-3,Wegzug,2025,3,Ausländer,W,58,Schweiz,Schweiz,BS,St. Alban,Europa (ohne Schweiz),Deutschland,Ausland,NA,basel,St. Alban,europe,Germany
2025-3,Zuzug,2025,3,Ausländer,W,58,Europa (ohne Schweiz),Portugal,NA,NA,Schweiz,Schweiz,BS,St. Johann,europe,Portugal,basel,St. Johann
2025-3,Wegzug,2025,3,Ausländer,W,58,Schweiz,Schweiz,BS,Iselin,Europa (ohne Schweiz),Deutschland,Ausland,NA,basel,Iselin,europe,Germany
2025-3,Wegzug,2025,3,Ausländer,W,58,Schweiz,Schweiz,BS,Matthäus,Schweiz,Schweiz,ZH,NA,basel,Matthäus,switzerland,Zürich
2025-3,Wegzug,2025,3,Schweizer,W,58,Schweiz,Schweiz,BS,Bachletten,Schweiz,Schweiz,BL,NA,basel,Bachletten,switzerland,Basel-Landschaft
2025-3,Wegzug,2025,3,Schweizer,W,58,Schweiz,Schweiz,BS,Gotthelf,Schweiz,Schweiz,ZH,NA,basel,Gotthelf,switzerland,Zürich
2025-3,Wegzug,2025,3,Ausländer,M,58,Schweiz,Schweiz,BS,Bruderholz,Schweiz,Schweiz,BL,NA,basel,Bruderholz,switzerland,Basel-Landschaft
2025-3,Wegzug,2025,3,Ausländer,W,58,Schweiz,Schweiz,BS,St. Alban,Schweiz,Schweiz,AR,NA,basel,St. Alban,switzerland,Appenzell Ausserrhoden
2025-3,Zuzug,2025,3,Schweizer,M,58,NA,NA,NA,NA,Schweiz,Schweiz,BS,Hirzbrunnen,NA,NA,basel,Hirzbrunnen
2025-3,Zuzug,2025,3,Ausländer,W,58,Asien,China,NA,NA,Schweiz,Schweiz,BS,Altstadt Grossbasel,world,China,basel,Altstadt Grossbasel
2025-3,Zuzug,2025,3,Ausländer,W,59,Europa (ohne Schweiz),Deutschland,NA,NA,Schweiz,Schweiz,BS,Hirzbrunnen,europe,Germany,basel,Hirzbrunnen
2025-3,Wegzug,2025,3,Schweizer,W,59,Schweiz,Schweiz,BS,Bettingen,Schweiz,Schweiz,SZ,NA,basel,Bettingen,switzerland,Schwyz
2025-3,Wegzug,2025,3,Ausländer,W,59,Schweiz,Schweiz,BS,Bruderholz,Schweiz,Schweiz,BL,NA,basel,Bruderholz,switzerland,Basel-Landschaft
2025-3,Wegzug,2025,3,Ausländer,W,59,Schweiz,Schweiz,BS,Altstadt Kleinbasel,Ozeanien,Neuseeland,Ausland,NA,basel,Altstadt Kleinbasel,world,New Zealand
2025-3,Wegzug,2025,3,Ausländer,W,59,Schweiz,Schweiz,BS,St. Alban,Schweiz,Schweiz,BL,NA,basel,St. Alban,switzerland,Basel-Landschaft
2025-3,Wegzug,2025,3,Schweizer,M,59,Schweiz,Schweiz,BS,Bachletten,Schweiz,Schweiz,BL,NA,basel,Bachletten,switzerland,Basel-Landschaft
2025-3,Zuzug,2025,3,Schweizer,M,59,Schweiz,Schweiz,BL,NA,Schweiz,Schweiz,BS,Riehen,switzerland,Basel-Landschaft,basel,Riehen
2025-3,Zuzug,2025,3,Ausländer,W,59,Europa (ohne Schweiz),Frankreich,NA,NA,Schweiz,Schweiz,BS,Rosental,europe,France,basel,Rosental
2025-3,Zuzug,2025,3,Ausländer,M,59,Nordamerika,Vereinigte Staaten von Amerika,NA,NA,Schweiz,Schweiz,BS,St. Johann,world,United States of America,basel,St. Johann
2025-3,Wegzug,2025,3,Schweizer,W,59,Schweiz,Schweiz,BS,St. Alban,Schweiz,Schweiz,BL,NA,basel,St. Alban,switzerland,Basel-Landschaft
2025-3,Wegzug,2025,3,Ausländer,W,59,Schweiz,Schweiz,BS,Breite,Europa (ohne Schweiz),Frankreich,Ausland,NA,basel,Breite,europe,France
2025-3,Zuzug,2025,3,Schweizer,W,59,Schweiz,Schweiz,BL,NA,Schweiz,Schweiz,BS,Breite,switzerland,Basel-Landschaft,basel,Breite
2025-3,Zuzug,2025,3,Ausländer,M,60,Schweiz,Schweiz,ZG,NA,Schweiz,Schweiz,BS,Rosental,switzerland,Zug,basel,Rosental
2025-3,Zuzug,2025,3,Schweizer,M,60,Europa (ohne Schweiz),Frankreich,NA,NA,Schweiz,Schweiz,BS,Matthäus,europe,France,basel,Matthäus
2025-3,Wegzug,2025,3,Schweizer,M,60,Schweiz,Schweiz,BS,Bruderholz,Schweiz,Schweiz,BL,NA,basel,Bruderholz,switzerland,Basel-Landschaft
2025-3,Zuzug,2025,3,Ausländer,W,60,Nordamerika,Vereinigte Staaten von Amerika,NA,NA,Schweiz,Schweiz,BS,Iselin,world,United States of America,basel,Iselin
2025-3,Zuzug,2025,3,Schweizer,M,60,Schweiz,Schweiz,ZH,NA,Schweiz,Schweiz,BS,Gundeldingen,switzerland,Zürich,basel,Gundeldingen
2025-3,Wegzug,2025,3,Schweizer,M,60,Schweiz,Schweiz,BS,Iselin,NA,NA,NA,NA,basel,Iselin,NA,NA
2025-3,Wegzug,2025,3,Ausländer,W,60,Schweiz,Schweiz,BS,Riehen,Europa (ohne Schweiz),Deutschland,Ausland,NA,basel,Riehen,europe,Germany
2025-3,Wegzug,2025,3,Schweizer,W,60,Schweiz,Schweiz,BS,Clara,Schweiz,Schweiz,SZ,NA,basel,Clara,switzerland,Schwyz
2025-3,Wegzug,2025,3,Ausländer,W,60,Schweiz,Schweiz,BS,Gundeldingen,Europa (ohne Schweiz),Spanien,Ausland,NA,basel,Gundeldingen,europe,Spain
2025-3,Zuzug,2025,3,Ausländer,W,60,Europa (ohne Schweiz),Ungarn,NA,NA,Schweiz,Schweiz,BS,Altstadt Grossbasel,europe,Hungary,basel,Altstadt Grossbasel
2025-3,Zuzug,2025,3,Schweizer,M,60,Schweiz,Schweiz,ZH,NA,Schweiz,Schweiz,BS,Wettstein,switzerland,Zürich,basel,Wettstein
2025-3,Zuzug,2025,3,Schweizer,W,61,Schweiz,Schweiz,BL,NA,Schweiz,Schweiz,BS,Am Ring,switzerland,Basel-Landschaft,basel,Am Ring
2025-3,Zuzug,2025,3,Schweizer,W,61,Schweiz,Schweiz,ZH,NA,Schweiz,Schweiz,BS,Wettstein,switzerland,Zürich,basel,Wettstein
2025-3,Wegzug,2025,3,Schweizer,M,61,Schweiz,Schweiz,BS,Matthäus,NA,NA,NA,NA,basel,Matthäus,NA,NA
2025-3,Wegzug,2025,3,Ausländer,W,61,Schweiz,Schweiz,BS,St. Johann,Europa (ohne Schweiz),Grossbritannien,Ausland,NA,basel,St. Johann,europe,United Kingdom
2025-3,Wegzug,2025,3,Schweizer,M,61,Schweiz,Schweiz,BS,Breite,Schweiz,Schweiz,ZH,NA,basel,Breite,switzerland,Zürich
2025-3,Wegzug,2025,3,Schweizer,M,61,Schweiz,Schweiz,BS,St. Alban,Schweiz,Schweiz,BL,NA,basel,St. Alban,switzerland,Basel-Landschaft
2025-3,Wegzug,2025,3,Ausländer,M,61,Schweiz,Schweiz,BS,Iselin,Schweiz,Schweiz,BL,NA,basel,Iselin,switzerland,Basel-Landschaft
2025-3,Wegzug,2025,3,Ausländer,M,61,Schweiz,Schweiz,BS,St. Johann,Europa (ohne Schweiz),Grossbritannien,Ausland,NA,basel,St. Johann,europe,United Kingdom
2025-3,Wegzug,2025,3,Ausländer,W,61,Schweiz,Schweiz,BS,Altstadt Grossbasel,Europa (ohne Schweiz),Spanien,Ausland,NA,basel,Altstadt Grossbasel,europe,Spain
2025-3,Wegzug,2025,3,Schweizer,W,61,Schweiz,Schweiz,BS,St. Alban,Schweiz,Schweiz,BL,NA,basel,St. Alban,switzerland,Basel-Landschaft
2025-3,Wegzug,2025,3,Ausländer,M,61,Schweiz,Schweiz,BS,St. Alban,Asien,Japan,Ausland,NA,basel,St. Alban,world,Japan
2025-3,Wegzug,2025,3,Schweizer,W,61,Schweiz,Schweiz,BS,Breite,Schweiz,Schweiz,BL,NA,basel,Breite,switzerland,Basel-Landschaft
2025-3,Wegzug,2025,3,Schweizer,W,61,Schweiz,Schweiz,BS,Hirzbrunnen,Schweiz,Schweiz,LU,NA,basel,Hirzbrunnen,switzerland,Luzern
2025-3,Zuzug,2025,3,Ausländer,M,61,Europa (ohne Schweiz),Deutschland,NA,NA,Schweiz,Schweiz,BS,Matthäus,europe,Germany,basel,Matthäus
2025-3,Zuzug,2025,3,Schweizer,M,61,Schweiz,Schweiz,BL,NA,Schweiz,Schweiz,BS,Am Ring,switzerland,Basel-Landschaft,basel,Am Ring
2025-3,Zuzug,2025,3,Schweizer,W,62,Schweiz,Schweiz,ZH,NA,Schweiz,Schweiz,BS,St. Johann,switzerland,Zürich,basel,St. Johann
2025-3,Wegzug,2025,3,Ausländer,M,62,Schweiz,Schweiz,BS,Breite,NA,NA,NA,NA,basel,Breite,NA,NA
2025-3,Wegzug,2025,3,Schweizer,M,62,Schweiz,Schweiz,BS,St. Johann,Schweiz,Schweiz,BL,NA,basel,St. Johann,switzerland,Basel-Landschaft
2025-3,Wegzug,2025,3,Ausländer,W,62,Schweiz,Schweiz,BS,Am Ring,Europa (ohne Schweiz),Deutschland,Ausland,NA,basel,Am Ring,europe,Germany
2025-3,Wegzug,2025,3,Schweizer,W,62,Schweiz,Schweiz,BS,Clara,Asien,Thailand,Ausland,NA,basel,Clara,world,Thailand
2025-3,Wegzug,2025,3,Schweizer,W,62,Schweiz,Schweiz,BS,St. Alban,Schweiz,Schweiz,BL,NA,basel,St. Alban,switzerland,Basel-Landschaft
2025-3,Zuzug,2025,3,Ausländer,W,62,Europa (ohne Schweiz),Litauen,NA,NA,Schweiz,Schweiz,BS,Riehen,europe,Lithuania,basel,Riehen
2025-3,Wegzug,2025,3,Ausländer,W,62,Schweiz,Schweiz,BS,Bruderholz,Schweiz,Schweiz,ZH,NA,basel,Bruderholz,switzerland,Zürich
2025-3,Wegzug,2025,3,Ausländer,M,62,Schweiz,Schweiz,BS,Wettstein,Europa (ohne Schweiz),Deutschland,Ausland,NA,basel,Wettstein,europe,Germany
2025-3,Wegzug,2025,3,Ausländer,M,62,Schweiz,Schweiz,BS,Bachletten,Europa (ohne Schweiz),Grossbritannien,Ausland,NA,basel,Bachletten,europe,United Kingdom
2025-3,Wegzug,2025,3,Ausländer,M,62,Schweiz,Schweiz,BS,Bruderholz,Schweiz,Schweiz,SO,NA,basel,Bruderholz,switzerland,Solothurn
2025-3,Wegzug,2025,3,Schweizer,W,62,Schweiz,Schweiz,BS,Iselin,Schweiz,Schweiz,BL,NA,basel,Iselin,switzerland,Basel-Landschaft
2025-3,Zuzug,2025,3,Ausländer,M,62,Europa (ohne Schweiz),Schweden,NA,NA,Schweiz,Schweiz,BS,Breite,europe,Sweden,basel,Breite
2025-3,Zuzug,2025,3,Ausländer,M,63,Schweiz,Schweiz,AG,NA,Schweiz,Schweiz,BS,Wettstein,switzerland,Aargau,basel,Wettstein
2025-3,Wegzug,2025,3,Schweizer,W,63,Schweiz,Schweiz,BS,Breite,Schweiz,Schweiz,SG,NA,basel,Breite,switzerland,St. Gallen
2025-3,Zuzug,2025,3,Ausländer,M,63,Schweiz,Schweiz,SG,NA,Schweiz,Schweiz,BS,Am Ring,switzerland,St. Gallen,basel,Am Ring
2025-3,Zuzug,2025,3,Schweizer,W,63,Schweiz,Schweiz,BE,NA,Schweiz,Schweiz,BS,Altstadt Kleinbasel,switzerland,Bern,basel,Altstadt Kleinbasel
2025-3,Zuzug,2025,3,Schweizer,W,63,Schweiz,Schweiz,SG,NA,Schweiz,Schweiz,BS,Breite,switzerland,St. Gallen,basel,Breite
2025-3,Wegzug,2025,3,Ausländer,W,63,Schweiz,Schweiz,BS,Iselin,Europa (ohne Schweiz),Portugal,Ausland,NA,basel,Iselin,europe,Portugal
2025-3,Wegzug,2025,3,Schweizer,M,63,Schweiz,Schweiz,BS,St. Johann,Europa (ohne Schweiz),Frankreich,Ausland,NA,basel,St. Johann,europe,France
2025-3,Wegzug,2025,3,Schweizer,W,63,Schweiz,Schweiz,BS,St. Alban,Schweiz,Schweiz,LU,NA,basel,St. Alban,switzerland,Luzern
2025-3,Zuzug,2025,3,Schweizer,M,63,Europa (ohne Schweiz),Deutschland,NA,NA,Schweiz,Schweiz,BS,Klybeck,europe,Germany,basel,Klybeck
2025-3,Wegzug,2025,3,Schweizer,M,64,Schweiz,Schweiz,BS,St. Johann,Schweiz,Schweiz,BL,NA,basel,St. Johann,switzerland,Basel-Landschaft
2025-3,Wegzug,2025,3,Schweizer,W,64,Schweiz,Schweiz,BS,Gotthelf,Schweiz,Schweiz,NE,NA,basel,Gotthelf,switzerland,Neuchâtel
2025-3,Zuzug,2025,3,Schweizer,M,64,Schweiz,Schweiz,BL,NA,Schweiz,Schweiz,BS,St. Johann,switzerland,Basel-Landschaft,basel,St. Johann
2025-3,Zuzug,2025,3,Ausländer,W,64,Europa (ohne Schweiz),Ukraine,NA,NA,Schweiz,Schweiz,BS,Am Ring,europe,Ukraine,basel,Am Ring
2025-3,Wegzug,2025,3,Schweizer,M,64,Schweiz,Schweiz,BS,St. Alban,Schweiz,Schweiz,BL,NA,basel,St. Alban,switzerland,Basel-Landschaft
2025-3,Wegzug,2025,3,Schweizer,M,64,Schweiz,Schweiz,BS,Breite,Schweiz,Schweiz,SG,NA,basel,Breite,switzerland,St. Gallen
2025-3,Wegzug,2025,3,Ausländer,M,64,Schweiz,Schweiz,BS,St. Alban,Nordamerika,Vereinigte Staaten von Amerika,Ausland,NA,basel,St. Alban,world,United States of America
2025-3,Wegzug,2025,3,Ausländer,M,64,Schweiz,Schweiz,BS,Riehen,Europa (ohne Schweiz),Deutschland,Ausland,NA,basel,Riehen,europe,Germany
2025-3,Wegzug,2025,3,Schweizer,W,64,Schweiz,Schweiz,BS,Iselin,Schweiz,Schweiz,BL,NA,basel,Iselin,switzerland,Basel-Landschaft
2025-3,Wegzug,2025,3,Ausländer,M,65,Schweiz,Schweiz,BS,Breite,Europa (ohne Schweiz),Frankreich,Ausland,NA,basel,Breite,europe,France
2025-3,Wegzug,2025,3,Ausländer,M,65,Schweiz,Schweiz,BS,Gundeldingen,Europa (ohne Schweiz),Spanien,Ausland,NA,basel,Gundeldingen,europe,Spain
2025-3,Wegzug,2025,3,Ausländer,W,65,Schweiz,Schweiz,BS,Matthäus,Europa (ohne Schweiz),Nordmazedonien,Ausland,NA,basel,Matthäus,europe,North Macedonia
2025-3,Wegzug,2025,3,Schweizer,M,65,Schweiz,Schweiz,BS,St. Alban,Schweiz,Schweiz,AG,NA,basel,St. Alban,switzerland,Aargau
2025-3,Wegzug,2025,3,Schweizer,M,65,Schweiz,Schweiz,BS,Breite,Schweiz,Schweiz,BL,NA,basel,Breite,switzerland,Basel-Landschaft
2025-3,Wegzug,2025,3,Schweizer,W,65,Schweiz,Schweiz,BS,Klybeck,Schweiz,Schweiz,NW,NA,basel,Klybeck,switzerland,Nidwalden
2025-3,Wegzug,2025,3,Ausländer,W,65,Schweiz,Schweiz,BS,Gundeldingen,NA,NA,NA,NA,basel,Gundeldingen,NA,NA
2025-3,Wegzug,2025,3,Ausländer,M,65,Schweiz,Schweiz,BS,Iselin,Europa (ohne Schweiz),Frankreich,Ausland,NA,basel,Iselin,europe,France
2025-3,Wegzug,2025,3,Schweizer,M,65,Schweiz,Schweiz,BS,Altstadt Kleinbasel,Europa (ohne Schweiz),Deutschland,Ausland,NA,basel,Altstadt Kleinbasel,europe,Germany
2025-3,Zuzug,2025,3,Schweizer,W,65,Schweiz,Schweiz,AG,NA,Schweiz,Schweiz,BS,St. Johann,switzerland,Aargau,basel,St. Johann
2025-3,Zuzug,2025,3,Ausländer,W,66,Europa (ohne Schweiz),Ukraine,NA,NA,Schweiz,Schweiz,BS,Vorstädte,europe,Ukraine,basel,Vorstädte
2025-3,Wegzug,2025,3,Schweizer,W,66,Schweiz,Schweiz,BS,St. Johann,Europa (ohne Schweiz),Deutschland,Ausland,NA,basel,St. Johann,europe,Germany
2025-3,Wegzug,2025,3,Schweizer,M,66,Schweiz,Schweiz,BS,Vorstädte,Lateinamerika und Karibik,Brasilien,Ausland,NA,basel,Vorstädte,world,Brazil
2025-3,Wegzug,2025,3,Schweizer,W,66,Schweiz,Schweiz,BS,St. Alban,Nordamerika,Vereinigte Staaten von Amerika,Ausland,NA,basel,St. Alban,world,United States of America
2025-3,Wegzug,2025,3,Ausländer,M,66,Schweiz,Schweiz,BS,Matthäus,Europa (ohne Schweiz),Nordmazedonien,Ausland,NA,basel,Matthäus,europe,North Macedonia
2025-3,Wegzug,2025,3,Ausländer,M,66,Schweiz,Schweiz,BS,Bruderholz,Schweiz,Schweiz,BL,NA,basel,Bruderholz,switzerland,Basel-Landschaft
2025-3,Wegzug,2025,3,Ausländer,M,66,Schweiz,Schweiz,BS,Iselin,Europa (ohne Schweiz),Italien,Ausland,NA,basel,Iselin,europe,Italy
2025-3,Wegzug,2025,3,Ausländer,W,66,Schweiz,Schweiz,BS,Bruderholz,Lateinamerika und Karibik,Brasilien,Ausland,NA,basel,Bruderholz,world,Brazil
2025-3,Wegzug,2025,3,Schweizer,M,66,Schweiz,Schweiz,BS,Breite,Schweiz,Schweiz,BL,NA,basel,Breite,switzerland,Basel-Landschaft
2025-3,Zuzug,2025,3,Schweizer,M,66,Schweiz,Schweiz,SO,NA,Schweiz,Schweiz,BS,Klybeck,switzerland,Solothurn,basel,Klybeck
2025-3,Zuzug,2025,3,Ausländer,M,66,Nordamerika,Vereinigte Staaten von Amerika,NA,NA,Schweiz,Schweiz,BS,St. Johann,world,United States of America,basel,St. Johann
2025-3,Zuzug,2025,3,Schweizer,W,67,Schweiz,Schweiz,ZH,NA,Schweiz,Schweiz,BS,Vorstädte,switzerland,Zürich,basel,Vorstädte
2025-3,Wegzug,2025,3,Ausländer,W,67,Schweiz,Schweiz,BS,Altstadt Grossbasel,Nordamerika,Kanada,Ausland,NA,basel,Altstadt Grossbasel,world,Canada
2025-3,Zuzug,2025,3,Ausländer,M,67,Europa (ohne Schweiz),Niederlande,NA,NA,Schweiz,Schweiz,BS,Riehen,europe,Netherlands,basel,Riehen
2025-3,Wegzug,2025,3,Schweizer,M,67,Schweiz,Schweiz,BS,Gundeldingen,Europa (ohne Schweiz),Deutschland,Ausland,NA,basel,Gundeldingen,europe,Germany
2025-3,Wegzug,2025,3,Schweizer,M,67,Schweiz,Schweiz,BS,Gundeldingen,Schweiz,Schweiz,GR,NA,basel,Gundeldingen,switzerland,Graubünden
2025-3,Wegzug,2025,3,Ausländer,M,67,Schweiz,Schweiz,BS,Bruderholz,Schweiz,Schweiz,UR,NA,basel,Bruderholz,switzerland,Uri
2025-3,Wegzug,2025,3,Schweizer,M,67,Schweiz,Schweiz,BS,Riehen,Schweiz,Schweiz,GR,NA,basel,Riehen,switzerland,Graubünden
2025-3,Zuzug,2025,3,Schweizer,W,68,Schweiz,Schweiz,BL,NA,Schweiz,Schweiz,BS,Bruderholz,switzerland,Basel-Landschaft,basel,Bruderholz
2025-3,Zuzug,2025,3,Schweizer,W,68,Schweiz,Schweiz,SO,NA,Schweiz,Schweiz,BS,Bachletten,switzerland,Solothurn,basel,Bachletten
2025-3,Zuzug,2025,3,Schweizer,W,68,Schweiz,Schweiz,AG,NA,Schweiz,Schweiz,BS,Wettstein,switzerland,Aargau,basel,Wettstein
2025-3,Zuzug,2025,3,Schweizer,M,68,Schweiz,Schweiz,ZH,NA,Schweiz,Schweiz,BS,Vorstädte,switzerland,Zürich,basel,Vorstädte
2025-3,Wegzug,2025,3,Schweizer,M,68,Schweiz,Schweiz,BS,Clara,Europa (ohne Schweiz),Italien,Ausland,NA,basel,Clara,europe,Italy
2025-3,Wegzug,2025,3,Schweizer,M,68,Schweiz,Schweiz,BS,Breite,Schweiz,Schweiz,BL,NA,basel,Breite,switzerland,Basel-Landschaft
2025-3,Zuzug,2025,3,Schweizer,M,69,Schweiz,Schweiz,BL,NA,Schweiz,Schweiz,BS,Iselin,switzerland,Basel-Landschaft,basel,Iselin
2025-3,Zuzug,2025,3,Ausländer,W,69,Schweiz,Schweiz,TI,NA,Schweiz,Schweiz,BS,Hirzbrunnen,switzerland,Ticino,basel,Hirzbrunnen
2025-3,Zuzug,2025,3,Schweizer,W,69,Schweiz,Schweiz,BL,NA,Schweiz,Schweiz,BS,Riehen,switzerland,Basel-Landschaft,basel,Riehen
2025-3,Zuzug,2025,3,Schweizer,W,70,Schweiz,Schweiz,BL,NA,Schweiz,Schweiz,BS,Bachletten,switzerland,Basel-Landschaft,basel,Bachletten
2025-3,Zuzug,2025,3,Schweizer,M,70,NA,NA,NA,NA,Schweiz,Schweiz,BS,Hirzbrunnen,NA,NA,basel,Hirzbrunnen
2025-3,Zuzug,2025,3,Ausländer,W,71,Europa (ohne Schweiz),Ukraine,NA,NA,Schweiz,Schweiz,BS,Klybeck,europe,Ukraine,basel,Klybeck
2025-3,Zuzug,2025,3,Ausländer,W,71,Afrika,Marokko,NA,NA,Schweiz,Schweiz,BS,Iselin,world,Morocco,basel,Iselin
2025-3,Wegzug,2025,3,Schweizer,W,71,Schweiz,Schweiz,BS,Bachletten,Schweiz,Schweiz,BL,NA,basel,Bachletten,switzerland,Basel-Landschaft
2025-3,Wegzug,2025,3,Ausländer,M,71,Schweiz,Schweiz,BS,Vorstädte,NA,NA,NA,NA,basel,Vorstädte,NA,NA
2025-3,Wegzug,2025,3,Ausländer,M,71,Schweiz,Schweiz,BS,Gundeldingen,Schweiz,Schweiz,BL,NA,basel,Gundeldingen,switzerland,Basel-Landschaft
2025-3,Wegzug,2025,3,Schweizer,W,72,Schweiz,Schweiz,BS,Altstadt Grossbasel,Ozeanien,Australien,Ausland,NA,basel,Altstadt Grossbasel,world,Australia
2025-3,Wegzug,2025,3,Schweizer,M,72,Schweiz,Schweiz,BS,Altstadt Grossbasel,Schweiz,Schweiz,BE,NA,basel,Altstadt Grossbasel,switzerland,Bern
2025-3,Wegzug,2025,3,Schweizer,M,72,Schweiz,Schweiz,BS,Wettstein,Schweiz,Schweiz,BE,NA,basel,Wettstein,switzerland,Bern
2025-3,Zuzug,2025,3,Ausländer,M,72,Schweiz,Schweiz,TI,NA,Schweiz,Schweiz,BS,Hirzbrunnen,switzerland,Ticino,basel,Hirzbrunnen
2025-3,Zuzug,2025,3,Schweizer,M,72,Schweiz,Schweiz,AG,NA,Schweiz,Schweiz,BS,Wettstein,switzerland,Aargau,basel,Wettstein
2025-3,Wegzug,2025,3,Schweizer,M,72,Schweiz,Schweiz,BS,Vorstädte,Schweiz,Schweiz,BL,NA,basel,Vorstädte,switzerland,Basel-Landschaft
2025-3,Wegzug,2025,3,Ausländer,M,73,Schweiz,Schweiz,BS,Clara,Europa (ohne Schweiz),Spanien,Ausland,NA,basel,Clara,europe,Spain
2025-3,Zuzug,2025,3,Schweizer,M,73,NA,NA,NA,NA,Schweiz,Schweiz,BS,Gotthelf,NA,NA,basel,Gotthelf
2025-3,Wegzug,2025,3,Ausländer,W,74,Schweiz,Schweiz,BS,Gundeldingen,Schweiz,Schweiz,BL,NA,basel,Gundeldingen,switzerland,Basel-Landschaft
2025-3,Zuzug,2025,3,Schweizer,W,74,Schweiz,Schweiz,GE,NA,Schweiz,Schweiz,BS,Altstadt Grossbasel,switzerland,Genève,basel,Altstadt Grossbasel
2025-3,Wegzug,2025,3,Ausländer,W,74,Schweiz,Schweiz,BS,Matthäus,Schweiz,Schweiz,BL,NA,basel,Matthäus,switzerland,Basel-Landschaft
2025-3,Zuzug,2025,3,Schweizer,M,74,Schweiz,Schweiz,SO,NA,Schweiz,Schweiz,BS,Bachletten,switzerland,Solothurn,basel,Bachletten
2025-3,Wegzug,2025,3,Schweizer,M,75,Schweiz,Schweiz,BS,Matthäus,Schweiz,Schweiz,SO,NA,basel,Matthäus,switzerland,Solothurn
2025-3,Zuzug,2025,3,Schweizer,W,76,Schweiz,Schweiz,ZG,NA,Schweiz,Schweiz,BS,Iselin,switzerland,Zug,basel,Iselin
2025-3,Zuzug,2025,3,Schweizer,M,77,Schweiz,Schweiz,BL,NA,Schweiz,Schweiz,BS,Hirzbrunnen,switzerland,Basel-Landschaft,basel,Hirzbrunnen
2025-3,Wegzug,2025,3,Ausländer,W,77,Schweiz,Schweiz,BS,St. Alban,Europa (ohne Schweiz),Schweden,Ausland,NA,basel,St. Alban,europe,Sweden
2025-3,Wegzug,2025,3,Schweizer,M,77,Schweiz,Schweiz,BS,Gotthelf,Schweiz,Schweiz,BE,NA,basel,Gotthelf,switzerland,Bern
2025-3,Zuzug,2025,3,Schweizer,W,79,Schweiz,Schweiz,JU,NA,Schweiz,Schweiz,BS,Gotthelf,switzerland,Jura,basel,Gotthelf
2025-3,Wegzug,2025,3,Schweizer,M,80,Schweiz,Schweiz,BS,Am Ring,Europa (ohne Schweiz),Ungarn,Ausland,NA,basel,Am Ring,europe,Hungary
2025-3,Wegzug,2025,3,Schweizer,W,80,Schweiz,Schweiz,BS,Riehen,Schweiz,Schweiz,BE,NA,basel,Riehen,switzerland,Bern
2025-3,Zuzug,2025,3,Schweizer,W,81,Schweiz,Schweiz,BL,NA,Schweiz,Schweiz,BS,Hirzbrunnen,switzerland,Basel-Landschaft,basel,Hirzbrunnen
2025-3,Wegzug,2025,3,Ausländer,W,82,Schweiz,Schweiz,BS,St. Johann,Europa (ohne Schweiz),Italien,Ausland,NA,basel,St. Johann,europe,Italy
2025-3,Wegzug,2025,3,Schweizer,W,82,Schweiz,Schweiz,BS,Bachletten,Schweiz,Schweiz,ZH,NA,basel,Bachletten,switzerland,Zürich
2025-3,Zuzug,2025,3,Schweizer,W,82,Schweiz,Schweiz,BL,NA,Schweiz,Schweiz,BS,St. Johann,switzerland,Basel-Landschaft,basel,St. Johann
2025-3,Zuzug,2025,3,Schweizer,M,83,Schweiz,Schweiz,BL,NA,Schweiz,Schweiz,BS,St. Johann,switzerland,Basel-Landschaft,basel,St. Johann
2025-3,Zuzug,2025,3,Schweizer,W,84,Schweiz,Schweiz,BE,NA,Schweiz,Schweiz,BS,Am Ring,switzerland,Bern,basel,Am Ring
2025-3,Wegzug,2025,3,Schweizer,W,84,Schweiz,Schweiz,BS,Bachletten,Schweiz,Schweiz,BL,NA,basel,Bachletten,switzerland,Basel-Landschaft
2025-3,Wegzug,2025,3,Ausländer,W,85,Schweiz,Schweiz,BS,Clara,Europa (ohne Schweiz),Kosovo,Ausland,NA,basel,Clara,europe,Kosovo
2025-3,Wegzug,2025,3,Schweizer,W,86,Schweiz,Schweiz,BS,Bruderholz,Schweiz,Schweiz,LU,NA,basel,Bruderholz,switzerland,Luzern
2025-3,Zuzug,2025,3,Schweizer,W,86,Schweiz,Schweiz,BL,NA,Schweiz,Schweiz,BS,Riehen,switzerland,Basel-Landschaft,basel,Riehen
2025-3,Zuzug,2025,3,Schweizer,M,89,Schweiz,Schweiz,BL,NA,Schweiz,Schweiz,BS,Matthäus,switzerland,Basel-Landschaft,basel,Matthäus
2025-3,Zuzug,2025,3,Schweizer,W,89,Schweiz,Schweiz,NW,NA,Schweiz,Schweiz,BS,St. Alban,switzerland,Nidwalden,basel,St. Alban
2025-3,Zuzug,2025,3,Schweizer,M,90,Schweiz,Schweiz,BL,NA,Schweiz,Schweiz,BS,Riehen,switzerland,Basel-Landschaft,basel,Riehen
2025-3,Zuzug,2025,3,Schweizer,M,92,Schweiz,Schweiz,BL,NA,Schweiz,Schweiz,BS,Riehen,switzerland,Basel-Landschaft,basel,Riehen
2025-3,Wegzug,2025,3,Schweizer,M,93,Schweiz,Schweiz,BS,St. Alban,Europa (ohne Schweiz),Frankreich,Ausland,NA,basel,St. Alban,europe,France
2025-3,Zuzug,2025,3,Schweizer,W,95,Schweiz,Schweiz,BL,NA,Schweiz,Schweiz,BS,Gundeldingen,switzerland,Basel-Landschaft,basel,Gundeldingen
